Country Name,Country Code,Year,FertilityRate,FertilityRate_Clean,Outlier,FertilityRate_Z,FertilityRate_MinMax
Afghanistan,AFG,1960,7.671,7.671,False,1.7588423492055187,0.8149517109812805
Afghanistan,AFG,1961,7.671,7.671,False,1.7588423492055187,0.8149517109812805
Afghanistan,AFG,1962,7.671,7.671,False,1.7588423492055187,0.8149517109812805
Afghanistan,AFG,1963,7.671,7.671,False,1.7588423492055187,0.8149517109812805
Afghanistan,AFG,1964,7.671,7.671,False,1.7588423492055187,0.8149517109812805
Afghanistan,AFG,1965,7.671,7.671,False,1.7588423492055187,0.8149517109812805
Afghanistan,AFG,1966,7.671,7.671,False,1.7588423492055187,0.8149517109812805
Afghanistan,AFG,1967,7.671,7.671,False,1.7588423492055187,0.8149517109812805
Afghanistan,AFG,1968,7.671,7.671,False,1.7588423492055187,0.8149517109812805
Afghanistan,AFG,1969,7.671,7.671,False,1.7588423492055187,0.8149517109812805
Afghanistan,AFG,1970,7.671,7.671,False,1.7588423492055187,0.8149517109812805
Afghanistan,AFG,1971,7.671,7.671,False,1.7588423492055187,0.8149517109812805
Afghanistan,AFG,1972,7.671,7.671,False,1.7588423492055187,0.8149517109812805
Afghanistan,AFG,1973,7.671,7.671,False,1.7588423492055187,0.8149517109812805
Afghanistan,AFG,1974,7.671,7.671,False,1.7588423492055187,0.8149517109812805
Afghanistan,AFG,1975,7.671,7.671,False,1.7588423492055187,0.8149517109812805
Afghanistan,AFG,1976,7.67,7.67,False,1.7583500466824102,0.8148324788362942
Afghanistan,AFG,1977,7.67,7.67,False,1.7583500466824102,0.8148324788362942
Afghanistan,AFG,1978,7.67,7.67,False,1.7583500466824102,0.8148324788362942
Afghanistan,AFG,1979,7.669,7.669,False,1.7578577441593015,0.8147132466913078
Afghanistan,AFG,1980,7.669,7.669,False,1.7578577441593015,0.8147132466913078
Afghanistan,AFG,1981,7.67,7.67,False,1.7583500466824102,0.8148324788362942
Afghanistan,AFG,1982,7.671,7.671,False,1.7588423492055187,0.8149517109812805
Afghanistan,AFG,1983,7.672999999999999,7.672999999999999,False,1.759826954251735,0.8151901752712529
Afghanistan,AFG,1984,7.676,7.676,False,1.7613038618210608,0.8155478717062119
Afghanistan,AFG,1985,7.6789999999999985,7.6789999999999985,False,1.7627807693903852,0.8159055681411705
Afghanistan,AFG,1986,7.681,7.681,False,1.7637653744366029,0.8161440324311433
Afghanistan,AFG,1987,7.682,7.682,False,1.7642576769597114,0.8162632645761297
Afghanistan,AFG,1988,7.682,7.682,False,1.7642576769597114,0.8162632645761297
Afghanistan,AFG,1989,7.682,7.682,False,1.7642576769597114,0.8162632645761297
Afghanistan,AFG,1990,7.687,7.687,False,1.7667191895752534,0.8168594253010611
Afghanistan,AFG,1991,7.7,7.7,False,1.7731191223756628,0.8184094431858828
Afghanistan,AFG,1992,7.725,7.725,False,1.785426685453373,0.82139024681054
Afghanistan,AFG,1993,7.757999999999999,7.757999999999999,False,1.8016726687159503,0.8253249075950875
Afghanistan,AFG,1994,7.796,7.796,False,1.8203801645940707,0.8298557291045665
Afghanistan,AFG,1995,7.832000000000002,7.832000000000002,False,1.8381030554259743,0.8341480863240731
Afghanistan,AFG,1996,7.859,7.859,False,1.8513952235499007,0.8373673542387027
Afghanistan,AFG,1997,7.869,7.869,False,1.8563182487809848,0.8385596756885655
Afghanistan,AFG,1998,7.854,7.854,False,1.8489337109343587,0.8367711935137713
Afghanistan,AFG,1999,7.809,7.809,False,1.82678009739448,0.8314057469893883
Afghanistan,AFG,2000,7.733,7.733,False,1.7893651056382402,0.8223441039704303
Afghanistan,AFG,2001,7.622999999999997,7.622999999999997,False,1.735211828096313,0.8092285680219382
Afghanistan,AFG,2002,7.484,7.484,False,1.6667817773842448,0.7926552998688445
Afghanistan,AFG,2003,7.3210000000000015,7.3210000000000015,False,1.586536466117574,0.7732204602360797
Afghanistan,AFG,2004,7.136,7.136,False,1.4954604993425165,0.7511625134136163
Afghanistan,AFG,2005,6.93,6.93,False,1.3940461795821826,0.7266006915464408
Afghanistan,AFG,2006,6.702000000000001,6.702000000000001,False,1.2818012043134646,0.6994157624895672
Afghanistan,AFG,2007,6.456,6.456,False,1.160694783628794,0.6700846548229402
Afghanistan,AFG,2008,6.1960000000000015,6.1960000000000015,False,1.0326961276206066,0.6390842971265054
Afghanistan,AFG,2009,5.928,5.928,False,0.9007590514275505,0.60713008227018
Afghanistan,AFG,2010,5.659,5.659,False,0.7683296727113866,0.5750566352688684
Afghanistan,AFG,2011,5.395,5.395,False,0.6383618066107649,0.5435793489924883
Albania,ALB,1960,6.186,6.186,False,1.0277731023895216,0.6378919756766424
Albania,ALB,1961,6.0760000000000005,6.0760000000000005,False,0.9736198248475962,0.6247764397281507
Albania,ALB,1962,5.956,5.956,False,0.9145435220745863,0.6104685823297961
Albania,ALB,1963,5.8329999999999975,5.8329999999999975,False,0.8539903117322498,0.5958030284964823
Albania,ALB,1964,5.711,5.711,False,0.7939294039130245,0.5812567068081554
Albania,ALB,1965,5.593999999999999,5.593999999999999,False,0.7363300087093395,0.5673065458447596
Albania,ALB,1966,5.483,5.483,False,0.6816844286443055,0.5540717777512817
Albania,ALB,1967,5.376,5.376,False,0.6290080586717054,0.5413139382377489
Albania,ALB,1968,5.268,5.268,False,0.5758393861759963,0.5284368665792297
Albania,ALB,1969,5.16,5.16,False,0.5226707136802875,0.5155597949207106
Albania,ALB,1970,5.05,5.05,False,0.46851743613836166,0.5024442589722188
Albania,ALB,1971,4.933,4.933,False,0.4109180409346771,0.4884940980088231
Albania,ALB,1972,4.809,4.809,False,0.34987252806923375,0.47370931203052347
Albania,ALB,1973,4.677,4.677,False,0.2848885950189226,0.45797066889233334
Albania,ALB,1974,4.538,4.538,False,0.2164585443068532,0.44139740073923933
Albania,ALB,1975,4.393,4.393,False,0.14507467845613273,0.4241087397162275
Albania,ALB,1976,4.244,4.244,False,0.07172160251297882,0.4063431501132705
Albania,ALB,1977,4.093999999999999,4.093999999999999,False,-0.002123775953283663,0.38845832836532723
Albania,ALB,1978,3.947,3.947,False,-0.0744922468502204,0.3709312030523429
Albania,ALB,1979,3.807,3.807,False,-0.14341460008539864,0.35423870275426256
Albania,ALB,1980,3.678,3.678,False,-0.20692162556638422,0.33885775605103136
Albania,ALB,1981,3.562,3.562,False,-0.26402871824696045,0.3250268272326219
Albania,ALB,1982,3.46,3.46,False,-0.3142435756040188,0.3128651484440205
Albania,ALB,1983,3.372,3.372,False,-0.35756619763755937,0.3023727196852271
Albania,ALB,1984,3.297,3.297,False,-0.3944888868706904,0.29343030881125554
Albania,ALB,1985,3.233,3.233,False,-0.425996248349629,0.2857994515321331
Albania,ALB,1986,3.177,3.177,False,-0.4535651896437003,0.27912245141290093
Albania,ALB,1987,3.1260000000000003,3.1260000000000003,False,-0.47867261832222935,0.2730416120186003
Albania,ALB,1988,3.075,3.075,False,-0.5037800470007586,0.2669607726242995
Albania,ALB,1989,3.023,3.023,False,-0.5293797782023962,0.26076070108501254
Albania,ALB,1990,2.97,2.97,False,-0.5554718119271422,0.2544413974007393
Albania,ALB,1991,2.917,2.917,False,-0.5815638456518885,0.24812209371646593
Albania,ALB,1992,2.867,2.867,False,-0.6061789718073091,0.24216048646715155
Albania,ALB,1993,2.819,2.819,False,-0.6298094929165131,0.2364373435078097
Albania,ALB,1994,2.772,2.772,False,-0.6529477115026087,0.23083343269345413
Albania,ALB,1995,2.7230000000000003,2.7230000000000003,False,-0.6770705351349208,0.22499105758912608
Albania,ALB,1996,2.67,2.67,False,-0.703162568859667,0.21867175390485274
Albania,ALB,1997,2.611,2.611,False,-0.7322084177230633,0.21163705735066177
Albania,ALB,1998,2.543,2.543,False,-0.7656849892944356,0.20352927149159417
Albania,ALB,1999,2.467,2.467,False,-0.8030999810506753,0.19446762847263624
Albania,ALB,2000,2.383,2.383,False,-0.8444533929917821,0.18445212829378801
Albania,ALB,2001,2.291,2.291,False,-0.8897452251177564,0.1734827709550495
Albania,ALB,2002,2.195,2.195,False,-0.9370062673361643,0.1620364850363658
Albania,ALB,2003,2.097,2.097,False,-0.985251914600789,0.15035173482770955
Albania,ALB,2004,2.004,2.004,False,-1.0310360492498716,0.13926314534398476
Albania,ALB,2005,1.919,1.919,False,-1.0728817637140868,0.12912841302015024
Albania,ALB,2006,1.849,1.849,False,-1.107342940331676,0.12078216287111003
Albania,ALB,2007,1.796,1.796,False,-1.1334349740564218,0.11446285918683677
Albania,ALB,2008,1.761,1.761,False,-1.1506655623652164,0.11028973411231667
Albania,ALB,2009,1.744,1.744,False,-1.1590347052580596,0.10826278764754978
Albania,ALB,2010,1.741,1.741,False,-1.160511612827385,0.10790509121259093
Albania,ALB,2011,1.7480000000000002,1.7480000000000002,False,-1.1570654951656258,0.10873971622749495
Algeria,DZA,1960,7.648,7.648,False,1.747519391174025,0.8122093716465958
Algeria,DZA,1961,7.649,7.649,False,1.7480116936971335,0.8123286037915821
Algeria,DZA,1962,7.65,7.65,False,1.748503996220242,0.8124478359365684
Algeria,DZA,1963,7.652,7.652,False,1.7494886012664588,0.812686300226541
Algeria,DZA,1964,7.653,7.653,False,1.7499809037895668,0.8128055323715272
Algeria,DZA,1965,7.655,7.655,False,1.750965508835784,0.8130439966614998
Algeria,DZA,1966,7.657,7.657,False,1.7519501138820008,0.8132824609514724
Algeria,DZA,1967,7.657999999999999,7.657999999999999,False,1.7524424164051084,0.8134016930964586
Algeria,DZA,1968,7.657,7.657,False,1.7519501138820008,0.8132824609514724
Algeria,DZA,1969,7.652,7.652,False,1.7494886012664588,0.812686300226541
Algeria,DZA,1970,7.641,7.641,False,1.7440732735122662,0.8113747466316918
Algeria,DZA,1971,7.622000000000001,7.622000000000001,False,1.7347195255732066,0.8091093358769524
Algeria,DZA,1972,7.591,7.591,False,1.7194581473568455,0.8054131393823775
Algeria,DZA,1973,7.547999999999999,7.547999999999999,False,1.6982891388631831,0.8002861571479669
Algeria,DZA,1974,7.492000000000001,7.492000000000001,False,1.6707201975691126,0.793609157028735
Algeria,DZA,1975,7.4220000000000015,7.4220000000000015,False,1.636259020951524,0.7852629068796949
Algeria,DZA,1976,7.338999999999999,7.338999999999999,False,1.595397911533524,0.7753666388458326
Algeria,DZA,1977,7.244,7.244,False,1.548629171838225,0.7640395850721353
Algeria,DZA,1978,7.138,7.138,False,1.4964451043887332,0.7514009777035888
Algeria,DZA,1979,7.021,7.021,False,1.4388457091850486,0.7374508167401931
Algeria,DZA,1980,6.888999999999999,6.888999999999999,False,1.3738617761347374,0.7217121736020029
Algeria,DZA,1981,6.7410000000000005,6.7410000000000005,False,1.3010010027146925,0.7040658161440324
Algeria,DZA,1982,6.5760000000000005,6.5760000000000005,False,1.2197710864018039,0.6843925122212948
Algeria,DZA,1983,6.392,6.392,False,1.1291874221498555,0.6624537975438178
Algeria,DZA,1984,6.192,6.192,False,1.0307269175281724,0.6386073685465601
Algeria,DZA,1985,5.976,5.976,False,0.9243895725367545,0.6128532252295218
Algeria,DZA,1986,5.747000000000001,5.747000000000001,False,0.8116522947449277,0.5855490640276619
Algeria,DZA,1987,5.507999999999999,5.507999999999999,False,0.6939919917220156,0.5570525813759388
Algeria,DZA,1988,5.263,5.263,False,0.5733778735604542,0.5278407058542982
Algeria,DZA,1989,5.013999999999999,5.013999999999999,False,0.4507945453064585,0.4981519017527124
Algeria,DZA,1990,4.761,4.761,False,0.32624200696002975,0.4679861690711816
Algeria,DZA,1991,4.503,4.503,False,0.1992279559980586,0.4372242756647192
Algeria,DZA,1992,4.238,4.238,False,0.06876778737432866,0.40562775724335287
Algeria,DZA,1993,3.971,3.971,False,-0.06267698629561844,0.3737927745320138
Algeria,DZA,1994,3.705,3.705,False,-0.19362945744245694,0.34207702396566114
Algeria,DZA,1995,3.449,3.449,False,-0.3196589033582114,0.31155359484917133
Algeria,DZA,1996,3.207,3.207,False,-0.43879611395044793,0.2826994157624895
Algeria,DZA,1997,2.987,2.987,False,-0.5471026690342992,0.25646834386550615
Algeria,DZA,1998,2.794,2.794,False,-0.6421170559942234,0.23345653988315251
Algeria,DZA,1999,2.634,2.634,False,-0.7208854596915699,0.21437939668534636
Algeria,DZA,2000,2.514,2.514,False,-0.7799617624645798,0.20007153928699176
Algeria,DZA,2001,2.439,2.439,False,-0.8168844516977108,0.19112912841302016
Algeria,DZA,2002,2.407,2.407,False,-0.8326381324371802,0.18731369977345894
Algeria,DZA,2003,2.412,2.412,False,-0.8301766198216382,0.18790986049839037
Algeria,DZA,2004,2.448,2.448,False,-0.8124537289897352,0.19220221771789675
Algeria,DZA,2005,2.507,2.507,False,-0.7834078801263386,0.19923691427208778
Algeria,DZA,2006,2.58,2.58,False,-0.7474697959394243,0.20794086085608682
Algeria,DZA,2007,2.656,2.656,False,-0.7100548041831847,0.21700250387504474
Algeria,DZA,2008,2.725,2.725,False,-0.6760859300887041,0.22522952187909862
Algeria,DZA,2009,2.781,2.781,False,-0.6485169887946327,0.23190652199833078
Algeria,DZA,2010,2.817,2.817,False,-0.6307940979627298,0.23619887921783717
Algeria,DZA,2011,2.829,2.829,False,-0.6248864676854288,0.23762966495767263
Andorra,AND,1960,,1.24,False,-1.4071551769047008,0.04816978657446048
Andorra,AND,1961,,1.24,False,-1.4071551769047008,0.04816978657446048
Andorra,AND,1962,,1.24,False,-1.4071551769047008,0.04816978657446048
Andorra,AND,1963,,1.24,False,-1.4071551769047008,0.04816978657446048
Andorra,AND,1964,,1.24,False,-1.4071551769047008,0.04816978657446048
Andorra,AND,1965,,1.24,False,-1.4071551769047008,0.04816978657446048
Andorra,AND,1966,,1.24,False,-1.4071551769047008,0.04816978657446048
Andorra,AND,1967,,1.24,False,-1.4071551769047008,0.04816978657446048
Andorra,AND,1968,,1.24,False,-1.4071551769047008,0.04816978657446048
Andorra,AND,1969,,1.24,False,-1.4071551769047008,0.04816978657446048
Andorra,AND,1970,,1.24,False,-1.4071551769047008,0.04816978657446048
Andorra,AND,1971,,1.24,False,-1.4071551769047008,0.04816978657446048
Andorra,AND,1972,,1.24,False,-1.4071551769047008,0.04816978657446048
Andorra,AND,1973,,1.24,False,-1.4071551769047008,0.04816978657446048
Andorra,AND,1974,,1.24,False,-1.4071551769047008,0.04816978657446048
Andorra,AND,1975,,1.24,False,-1.4071551769047008,0.04816978657446048
Andorra,AND,1976,,1.24,False,-1.4071551769047008,0.04816978657446048
Andorra,AND,1977,,1.24,False,-1.4071551769047008,0.04816978657446048
Andorra,AND,1978,,1.24,False,-1.4071551769047008,0.04816978657446048
Andorra,AND,1979,,1.24,False,-1.4071551769047008,0.04816978657446048
Andorra,AND,1980,,1.24,False,-1.4071551769047008,0.04816978657446048
Andorra,AND,1981,,1.24,False,-1.4071551769047008,0.04816978657446048
Andorra,AND,1982,,1.24,False,-1.4071551769047008,0.04816978657446048
Andorra,AND,1983,,1.24,False,-1.4071551769047008,0.04816978657446048
Andorra,AND,1984,,1.24,False,-1.4071551769047008,0.04816978657446048
Andorra,AND,1985,,1.24,False,-1.4071551769047008,0.04816978657446048
Andorra,AND,1986,,1.24,False,-1.4071551769047008,0.04816978657446048
Andorra,AND,1987,,1.24,False,-1.4071551769047008,0.04816978657446048
Andorra,AND,1988,,1.24,False,-1.4071551769047008,0.04816978657446048
Andorra,AND,1989,,1.24,False,-1.4071551769047008,0.04816978657446048
Andorra,AND,1990,,1.24,False,-1.4071551769047008,0.04816978657446048
Andorra,AND,1991,,1.24,False,-1.4071551769047008,0.04816978657446048
Andorra,AND,1992,,1.24,False,-1.4071551769047008,0.04816978657446048
Andorra,AND,1993,,1.24,False,-1.4071551769047008,0.04816978657446048
Andorra,AND,1994,,1.24,False,-1.4071551769047008,0.04816978657446048
Andorra,AND,1995,,1.24,False,-1.4071551769047008,0.04816978657446048
Andorra,AND,1996,,1.24,False,-1.4071551769047008,0.04816978657446048
Andorra,AND,1997,,1.24,False,-1.4071551769047008,0.04816978657446048
Andorra,AND,1998,,1.24,False,-1.4071551769047008,0.04816978657446048
Andorra,AND,1999,,1.24,False,-1.4071551769047008,0.04816978657446048
Andorra,AND,2000,,1.24,False,-1.4071551769047008,0.04816978657446048
Andorra,AND,2001,,1.24,False,-1.4071551769047008,0.04816978657446048
Andorra,AND,2002,,1.24,False,-1.4071551769047008,0.04816978657446048
Andorra,AND,2003,,1.24,False,-1.4071551769047008,0.04816978657446048
Andorra,AND,2004,,1.24,False,-1.4071551769047008,0.04816978657446048
Andorra,AND,2005,,1.24,False,-1.4071551769047008,0.04816978657446048
Andorra,AND,2006,1.24,1.24,False,-1.4071551769047008,0.04816978657446048
Andorra,AND,2007,1.18,1.18,False,-1.436693328291206,0.04101585787528317
Andorra,AND,2008,1.25,1.25,False,-1.402232151673617,0.04936210802432336
Andorra,AND,2009,1.19,1.19,False,-1.4317703030601219,0.042208179325146054
Andorra,AND,2010,1.22,1.22,False,-1.4170012273668695,0.045785143674734706
Andorra,AND,2011,,1.22,False,-1.4170012273668695,0.045785143674734706
Angola,AGO,1960,7.316,7.316,False,1.584074953502031,0.7726242995111481
Angola,AGO,1961,7.354,7.354,False,1.602782449380151,0.7771551210206271
Angola,AGO,1962,7.385,7.385,False,1.6180438275965117,0.780851317515202
Angola,AGO,1963,7.41,7.41,False,1.6303513906742222,0.7838321211398592
Angola,AGO,1964,7.425,7.425,False,1.6377359285208484,0.7856206033146536
Angola,AGO,1965,7.43,7.43,False,1.6401974411363904,0.786216764039585
Angola,AGO,1966,7.4220000000000015,7.4220000000000015,False,1.636259020951524,0.7852629068796949
Angola,AGO,1967,7.403,7.403,False,1.6269052730124631,0.7829974961249552
Angola,AGO,1968,7.375,7.375,False,1.6131208023654275,0.7796589960653392
Angola,AGO,1969,7.338999999999999,7.338999999999999,False,1.595397911533524,0.7753666388458326
Angola,AGO,1970,7.301,7.301,False,1.576690415655405,0.7708358173363539
Angola,AGO,1971,7.2639999999999985,7.2639999999999985,False,1.5584752223003928,0.7664242279718609
Angola,AGO,1972,7.232,7.232,False,1.5427215415609243,0.7626087993323
Angola,AGO,1973,7.207999999999997,7.207999999999997,False,1.5309062810063205,0.7597472278526286
Angola,AGO,1974,7.192,7.192,False,1.5230294406365876,0.7578395135328484
Angola,AGO,1975,7.185,7.185,False,1.5195833229748286,0.7570048885179443
Angola,AGO,1976,7.186,7.186,False,1.520075625497937,0.7571241206629307
Angola,AGO,1977,7.189,7.189,False,1.5215525330672623,0.7574818170978895
Angola,AGO,1978,7.194,7.194,False,1.5240140456828044,0.7580779778228209
Angola,AGO,1979,7.197,7.197,False,1.5254909532521297,0.7584356742577798
Angola,AGO,1980,7.2,7.2,False,1.526967860821455,0.7587933706927387
Angola,AGO,1981,7.2010000000000005,7.2010000000000005,False,1.5274601633445637,0.758912602837725
Angola,AGO,1982,7.202999999999999,7.202999999999999,False,1.5284447683907798,0.7591510671276975
Angola,AGO,1983,7.205,7.205,False,1.529429373436997,0.7593895314176702
Angola,AGO,1984,7.207000000000002,7.207000000000002,False,1.5304139784832147,0.759627995707643
Angola,AGO,1985,7.207999999999997,7.207999999999997,False,1.5309062810063205,0.7597472278526286
Angola,AGO,1986,7.206,7.206,False,1.5299216759601055,0.7595087635626565
Angola,AGO,1987,7.202000000000001,7.202000000000001,False,1.5279524658676722,0.7590318349827113
Angola,AGO,1988,7.194,7.194,False,1.5240140456828044,0.7580779778228209
Angola,AGO,1989,7.182,7.182,False,1.5181064154055037,0.7566471920829856
Angola,AGO,1990,7.165,7.165,False,1.5097372725126603,0.7546202456182186
Angola,AGO,1991,7.143,7.143,False,1.498906617004275,0.7519971384285202
Angola,AGO,1992,7.1160000000000005,7.1160000000000005,False,1.4856144488803482,0.7487778705138906
Angola,AGO,1993,7.0870000000000015,7.0870000000000015,False,1.4713376757102048,0.7453201383092883
Angola,AGO,1994,7.053999999999999,7.053999999999999,False,1.455091692447626,0.7413854775247405
Angola,AGO,1995,7.019,7.019,False,1.4378611041388318,0.7372123524502205
Angola,AGO,1996,6.984,6.984,False,1.4206305158300372,0.7330392273757004
Angola,AGO,1997,6.949,6.949,False,1.4033999275212425,0.7288661023011803
Angola,AGO,1998,6.912999999999999,6.912999999999999,False,1.3856770366893394,0.7245737450816738
Angola,AGO,1999,6.877999999999999,6.877999999999999,False,1.3684464483805447,0.7204006200071538
Angola,AGO,2000,6.843999999999999,6.843999999999999,False,1.3517081625948588,0.71634672707762
Angola,AGO,2001,6.811,6.811,False,1.3354621793322814,0.7124120662930725
Angola,AGO,2002,6.778,6.778,False,1.3192161960697035,0.708477405508525
Angola,AGO,2003,6.742999999999999,6.742999999999999,False,1.3019856077609089,0.7043042804340048
Angola,AGO,2004,6.704,6.704,False,1.2827858093596807,0.6996542267795397
Angola,AGO,2005,6.657,6.657,False,1.2596475907735853,0.6940503159651842
Angola,AGO,2006,6.598,6.598,False,1.2306017419101887,0.6870156194109931
Angola,AGO,2007,6.523,6.523,False,1.1936790526770575,0.6780732085370215
Angola,AGO,2008,6.434,6.434,False,1.1498641281204087,0.6674615476332418
Angola,AGO,2009,6.331,6.331,False,1.0991569682402422,0.6551806366996542
Angola,AGO,2010,6.218,6.218,False,1.043526783128991,0.6417074043162035
Angola,AGO,2011,6.099,6.099,False,0.9849427828790897,0.6275187790628353
Antigua and Barbuda,ATG,1960,4.425,4.425,False,0.16082835919560204,0.42792416835578867
Antigua and Barbuda,ATG,1961,4.386,4.386,False,0.141628560794374,0.4232741147013235
Antigua and Barbuda,ATG,1962,4.343999999999999,4.343999999999999,False,0.12095185482382019,0.4182663646118993
Antigua and Barbuda,ATG,1963,4.299,4.299,False,0.09879824128394198,0.41290091808751644
Antigua and Barbuda,ATG,1964,4.25,4.25,False,0.07467541765162942,0.4070585429831883
Antigua and Barbuda,ATG,1965,4.1930000000000005,4.1930000000000005,False,0.04661417383445,0.4002623107189699
Antigua and Barbuda,ATG,1966,4.125,4.125,False,0.013137602263077502,0.3921545248599022
Antigua and Barbuda,ATG,1967,4.042,4.042,False,-0.02772350715492107,0.38225825682604025
Antigua and Barbuda,ATG,1968,3.942,3.942,False,-0.07695375946576244,0.3703350423274115
Antigua and Barbuda,ATG,1969,3.824,3.824,False,-0.13504545719255562,0.3562656492190294
Antigua and Barbuda,ATG,1970,3.684,3.684,False,-0.20396781042773363,0.3395731489209491
Antigua and Barbuda,ATG,1971,3.517,3.517,False,-0.2861823317868391,0.3196613807082389
Antigua and Barbuda,ATG,1972,3.3280000000000003,3.3280000000000003,False,-0.37922750865432947,0.2971265053058305
Antigua and Barbuda,ATG,1973,3.122,3.122,False,-0.48064182841466324,0.27256468343865503
Antigua and Barbuda,ATG,1974,2.908,2.908,False,-0.5859945683598641,0.24704900441158936
Antigua and Barbuda,ATG,1975,2.701,2.701,False,-0.687901190643306,0.2223679503994277
Antigua and Barbuda,ATG,1976,2.514,2.514,False,-0.7799617624645798,0.20007153928699176
Antigua and Barbuda,ATG,1977,2.358,2.358,False,-0.8567609560694925,0.18147132466913082
Antigua and Barbuda,ATG,1978,2.239,2.239,False,-0.915344956319394,0.1672826994157625
Antigua and Barbuda,ATG,1979,2.1590000000000003,2.1590000000000003,False,-0.9547291581680671,0.15774412781685945
Antigua and Barbuda,ATG,1980,2.115,2.115,False,-0.9763904691848374,0.15249791343746277
Antigua and Barbuda,ATG,1981,2.0980000000000003,2.0980000000000003,False,-0.9847596120776804,0.15047096697269588
Antigua and Barbuda,ATG,1982,2.096,2.096,False,-0.9857442171238974,0.15023250268272328
Antigua and Barbuda,ATG,1983,2.0980000000000003,2.0980000000000003,False,-0.9847596120776804,0.15047096697269588
Antigua and Barbuda,ATG,1984,2.0980000000000003,2.0980000000000003,False,-0.9847596120776804,0.15047096697269588
Antigua and Barbuda,ATG,1985,2.092,2.092,False,-0.987713427216331,0.14975557410277812
Antigua and Barbuda,ATG,1986,2.082,2.082,False,-0.9926364524474153,0.14856325265291523
Antigua and Barbuda,ATG,1987,2.07,2.07,False,-0.9985440827247163,0.14713246691307977
Antigua and Barbuda,ATG,1988,2.062,2.062,False,-1.0024825029095836,0.14617860975318944
Antigua and Barbuda,ATG,1989,2.0580000000000003,2.0580000000000003,False,-1.004451713002017,0.14570168117324434
Antigua and Barbuda,ATG,1990,2.061,2.061,False,-1.002974805432692,0.14605937760820317
Antigua and Barbuda,ATG,1991,2.073,2.073,False,-0.997067175155391,0.14749016334803863
Antigua and Barbuda,ATG,1992,2.096,2.096,False,-0.9857442171238974,0.15023250268272328
Antigua and Barbuda,ATG,1993,2.128,2.128,False,-0.969990536384428,0.1540479313222845
Antigua and Barbuda,ATG,1994,2.166,2.166,False,-0.9512830405063084,0.15857875283176345
Antigua and Barbuda,ATG,1995,2.208,2.208,False,-0.9306063345357548,0.1635865029211876
Antigua and Barbuda,ATG,1996,2.248,2.248,False,-0.9109142336114181,0.1683557887206391
Antigua and Barbuda,ATG,1997,2.281,2.281,False,-0.8946682503488405,0.17229044950518663
Antigua and Barbuda,ATG,1998,2.3040000000000003,2.3040000000000003,False,-0.8833452923173468,0.17503278883987128
Antigua and Barbuda,ATG,1999,2.316,2.316,False,-0.877437662040046,0.17646357457970668
Antigua and Barbuda,ATG,2000,2.316,2.316,False,-0.877437662040046,0.17646357457970668
Antigua and Barbuda,ATG,2001,2.305,2.305,False,-0.8828529897942385,0.17515202098485755
Antigua and Barbuda,ATG,2002,2.2880000000000003,2.2880000000000003,False,-0.8912221326870815,0.17312507452009065
Antigua and Barbuda,ATG,2003,2.268,2.268,False,-0.9010681831492501,0.17074043162036484
Antigua and Barbuda,ATG,2004,2.246,2.246,False,-0.9118988386576351,0.16811732443066651
Antigua and Barbuda,ATG,2005,2.224,2.224,False,-0.9227294941660201,0.1654942172409682
Antigua and Barbuda,ATG,2006,2.2030000000000003,2.2030000000000003,False,-0.9330678471512968,0.16299034219625616
Antigua and Barbuda,ATG,2007,2.1830000000000003,2.1830000000000003,False,-0.9429138976134651,0.16060569929653037
Antigua and Barbuda,ATG,2008,2.164,2.164,False,-0.9522676455525251,0.15834028854179089
Antigua and Barbuda,ATG,2009,2.146,2.146,False,-0.9611290909684767,0.15619410993203767
Antigua and Barbuda,ATG,2010,2.13,2.13,False,-0.9690059313382113,0.15428639561225707
Antigua and Barbuda,ATG,2011,2.115,2.115,False,-0.9763904691848374,0.15249791343746277
Argentina,ARG,1960,3.109,3.109,False,-0.4870417612150726,0.2710146655538333
Argentina,ARG,1961,3.1,3.1,False,-0.49147248392304826,0.2699415762489567
Argentina,ARG,1962,3.089,3.089,False,-0.4968878116772409,0.26863002265410757
Argentina,ARG,1963,3.0780000000000003,3.0780000000000003,False,-0.5023031394314333,0.26731846905925843
Argentina,ARG,1964,3.068,3.068,False,-0.5072261646625176,0.2661261476093955
Argentina,ARG,1965,3.0580000000000003,3.0580000000000003,False,-0.5121491898936016,0.26493382615953265
Argentina,ARG,1966,3.051,3.051,False,-0.5155953075553605,0.2640992011446286
Argentina,ARG,1967,3.048,3.048,False,-0.5170722151246859,0.2637415047096697
Argentina,ARG,1968,3.049,3.049,False,-0.5165799126015775,0.263860736854656
Argentina,ARG,1969,3.056,3.056,False,-0.5131337949398186,0.26469536186956005
Argentina,ARG,1970,3.073,3.073,False,-0.5047646520469755,0.2667223083343269
Argentina,ARG,1971,3.104,3.104,False,-0.4895032738306146,0.2704185048289019
Argentina,ARG,1972,3.148,3.148,False,-0.4678419628138443,0.2756647192082986
Argentina,ARG,1973,3.2030000000000003,3.2030000000000003,False,-0.4407653240428814,0.28222248718254445
Argentina,ARG,1974,3.264,3.264,False,-0.41073487013326826,0.28949564802670796
Argentina,ARG,1975,3.321,3.321,False,-0.3826736263160884,0.29629188029092646
Argentina,ARG,1976,3.366,3.366,False,-0.36052001277620976,0.30165732681530943
Argentina,ARG,1977,3.391,3.391,False,-0.3482124496984994,0.3046381304399666
Argentina,ARG,1978,3.391,3.391,False,-0.3482124496984994,0.3046381304399666
Argentina,ARG,1979,3.3680000000000003,3.3680000000000003,False,-0.3595354077299928,0.30189579110528203
Argentina,ARG,1980,3.325,3.325,False,-0.38070441622365475,0.2967688088708716
Argentina,ARG,1981,3.27,3.27,False,-0.4077810549946177,0.29021104089662575
Argentina,ARG,1982,3.213,3.213,False,-0.4358422988117973,0.2834148086324073
Argentina,ARG,1983,3.1630000000000003,3.1630000000000003,False,-0.46045742496721803,0.27745320138309293
Argentina,ARG,1984,3.123,3.123,False,-0.48014952589155463,0.27268391558364136
Argentina,ARG,1985,3.093,3.093,False,-0.4949186015848072,0.2691069512340527
Argentina,ARG,1986,3.073,3.073,False,-0.5047646520469755,0.2667223083343269
Argentina,ARG,1987,3.056,3.056,False,-0.5131337949398186,0.26469536186956005
Argentina,ARG,1988,3.037,3.037,False,-0.5224875428788786,0.26242995111482054
Argentina,ARG,1989,3.016,3.016,False,-0.5328258958641552,0.2599260760701085
Argentina,ARG,1990,2.989,2.989,False,-0.5461180639880825,0.2567068081554787
Argentina,ARG,1991,2.9560000000000004,2.9560000000000004,False,-0.5623640472506599,0.25277214737093123
Argentina,ARG,1992,2.918,2.918,False,-0.5810715431287798,0.24824132586145226
Argentina,ARG,1993,2.875,2.875,False,-0.6022405516224418,0.24311434362704185
Argentina,ARG,1994,2.827,2.827,False,-0.6258710727316458,0.2373912006677
Argentina,ARG,1995,2.774,2.774,False,-0.6519631064563918,0.23107189698342673
Argentina,ARG,1996,2.717,2.717,False,-0.6800243502735713,0.22427566471920832
Argentina,ARG,1997,2.657,2.657,False,-0.7095625016600763,0.21712173602003101
Argentina,ARG,1998,2.596,2.596,False,-0.7395929555696896,0.20984857517586744
Argentina,ARG,1999,2.535,2.535,False,-0.769623409479303,0.20257541433170384
Argentina,ARG,2000,2.477,2.477,False,-0.7981769558195911,0.1956599499224991
Argentina,ARG,2001,2.424,2.424,False,-0.8242689895443371,0.18934064623822583
Argentina,ARG,2002,2.379,2.379,False,-0.8464226030842158,0.18397519971384285
Argentina,ARG,2003,2.34,2.34,False,-0.8656224014854441,0.1793251460593776
Argentina,ARG,2004,2.31,2.31,False,-0.8803914771786965,0.17574818170978898
Argentina,ARG,2005,2.286,2.286,False,-0.8922067377332985,0.17288661023011806
Argentina,ARG,2006,2.268,2.268,False,-0.9010681831492501,0.17074043162036484
Argentina,ARG,2007,2.254,2.254,False,-0.9079604184727678,0.1690711815905568
Argentina,ARG,2008,2.241,2.241,False,-0.9143603512731772,0.16752116370573508
Argentina,ARG,2009,2.228,2.228,False,-0.9207602840735865,0.16597114582091335
Argentina,ARG,2010,2.215,2.215,False,-0.9271602168739961,0.16442112793609157
Argentina,ARG,2011,2.201,2.201,False,-0.9340524521975138,0.16275187790628354
Armenia,ARM,1960,4.55,4.55,False,0.22236617458415397,0.44282818647907474
Armenia,ARM,1961,4.512,4.512,False,0.20365867870603405,0.43829736496959576
Armenia,ARM,1962,4.435,4.435,False,0.1657513844266861,0.42911648980565154
Armenia,ARM,1963,4.317,4.317,False,0.10765968669989334,0.4150470966972696
Armenia,ARM,1964,4.1610000000000005,4.1610000000000005,False,0.030860493094980693,0.39644688207940865
Armenia,ARM,1965,3.979,3.979,False,-0.0587385661107511,0.37474663169190414
Armenia,ARM,1966,3.788,3.788,False,-0.1527683480244586,0.35197329199952304
Armenia,ARM,1967,3.606,3.606,False,-0.24236740723019018,0.3302730416120186
Armenia,ARM,1968,3.447,3.447,False,-0.3206435084044281,0.3113151305591988
Armenia,ARM,1969,3.314,3.314,False,-0.3861197439778474,0.2954572552760224
Armenia,ARM,1970,3.208,3.208,False,-0.4383038114273394,0.2828186479074759
Armenia,ARM,1971,3.1180000000000003,3.1180000000000003,False,-0.4826110385070967,0.27208775485870995
Armenia,ARM,1972,3.032,3.032,False,-0.5249490554944205,0.26183379038988913
Armenia,ARM,1973,2.942,2.942,False,-0.5692562825741778,0.2511028973411232
Armenia,ARM,1974,2.846,2.846,False,-0.6165173247925858,0.2396566114224395
Armenia,ARM,1975,2.745,2.745,False,-0.6662398796265357,0.2276141647788244
Armenia,ARM,1976,2.6460000000000004,2.6460000000000004,False,-0.7149778294142687,0.21581018242518188
Armenia,ARM,1977,2.555,2.555,False,-0.7597773590171346,0.20496005723142963
Armenia,ARM,1978,2.479,2.479,False,-0.7971923507733742,0.1958984142124717
Armenia,ARM,1979,2.421,2.421,False,-0.8257458971136624,0.18898294980326694
Armenia,ARM,1980,2.385,2.385,False,-0.8434687879455655,0.18469059258376055
Armenia,ARM,1981,2.373,2.373,False,-0.8493764182228662,0.18325980684392515
Armenia,ARM,1982,2.381,2.381,False,-0.8454379980379991,0.18421366400381542
Armenia,ARM,1983,2.406,2.406,False,-0.8331304349602886,0.18719446762847267
Armenia,ARM,1984,2.441,2.441,False,-0.8158998466514942,0.19136759270299272
Armenia,ARM,1985,2.481,2.481,False,-0.7962077457271575,0.19613687850244424
Armenia,ARM,1986,2.519,2.519,False,-0.7775002498490377,0.20066770001192324
Armenia,ARM,1987,2.549,2.549,False,-0.7627311741557853,0.20424466436151187
Armenia,ARM,1988,2.5660000000000003,2.5660000000000003,False,-0.754362031262942,0.20627161082627882
Armenia,ARM,1989,2.565,2.565,False,-0.7548543337860506,0.20615237868129246
Armenia,ARM,1990,2.5380000000000003,2.5380000000000003,False,-0.7681465019099777,0.20293311076666273
Armenia,ARM,1991,2.482,2.482,False,-0.795715443204049,0.19625611064743056
Armenia,ARM,1992,2.399,2.399,False,-0.8365765526220476,0.18635984261356864
Armenia,ARM,1993,2.295,2.295,False,-0.8877760150253228,0.17395969953499463
Armenia,ARM,1994,2.176,2.176,False,-0.9463600152752241,0.15977107428162635
Armenia,ARM,1995,2.053,2.053,False,-1.0069132256175592,0.14510552044831287
Armenia,ARM,1996,1.938,1.938,False,-1.063528015775027,0.1313938237748897
Armenia,ARM,1997,1.838,1.838,False,-1.1127582680858685,0.1194706092762609
Armenia,ARM,1998,1.7619999999999998,1.7619999999999998,False,-1.1501732598421084,0.11040896625730294
Armenia,ARM,1999,1.712,1.712,False,-1.174788385997529,0.10444735900798854
Armenia,ARM,2000,1.6880000000000002,1.6880000000000002,False,-1.1866036465521308,0.10158578752831765
Armenia,ARM,2001,1.6840000000000002,1.6840000000000002,False,-1.1885728566445646,0.1011088589483725
Armenia,ARM,2002,1.692,1.692,False,-1.1846344364596972,0.10206271610826279
Armenia,ARM,2003,1.704,1.704,False,-1.1787268061823963,0.10349350184809825
Armenia,ARM,2004,1.715,1.715,False,-1.1733114784282037,0.10480505544294742
Armenia,ARM,2005,1.724,1.724,False,-1.1688807557202279,0.105878144747824
Armenia,ARM,2006,1.7280000000000002,1.7280000000000002,False,-1.166911545627794,0.1063550733277692
Armenia,ARM,2007,1.731,1.731,False,-1.165434638058469,0.10671276976272805
Armenia,ARM,2008,1.734,1.734,False,-1.1639577304891437,0.1070704661976869
Armenia,ARM,2009,1.736,1.736,False,-1.162973125442927,0.10730893048765947
Armenia,ARM,2010,1.7380000000000002,1.7380000000000002,False,-1.16198852039671,0.10754739477763207
Armenia,ARM,2011,1.7380000000000002,1.7380000000000002,False,-1.16198852039671,0.10754739477763207
Aruba,ABW,1960,4.82,4.82,False,0.35528785582342637,0.4750208656253726
Aruba,ABW,1961,4.655,4.655,False,0.2740579395105378,0.4553475617026351
Aruba,ABW,1962,4.471,4.471,False,0.18347427525858928,0.433408847025158
Aruba,ABW,1963,4.271,4.271,False,0.08501377063690611,0.40956241802790033
Aruba,ABW,1964,4.059,4.059,False,-0.019354364262077834,0.38428520329080723
Aruba,ABW,1965,3.842,3.842,False,-0.12618401177660402,0.35841182782878267
Aruba,ABW,1966,3.625,3.625,False,-0.23301365929113022,0.33253845236675805
Aruba,ABW,1967,3.417,3.417,False,-0.3354125840976807,0.3077381662096101
Aruba,ABW,1968,3.2260000000000004,3.2260000000000004,False,-0.42944236601138774,0.2849648265172291
Aruba,ABW,1969,3.054,3.054,False,-0.5141183999860355,0.26445689757958746
Aruba,ABW,1970,2.908,2.908,False,-0.5859945683598641,0.24704900441158936
Aruba,ABW,1971,2.7880000000000003,2.7880000000000003,False,-0.6450708711328738,0.2327411470132348
Aruba,ABW,1972,2.6910000000000003,2.6910000000000003,False,-0.69282421587439,0.22117562894956483
Aruba,ABW,1973,2.613,2.613,False,-0.7312238126768467,0.2118755216406343
Aruba,ABW,1974,2.552,2.552,False,-0.7612542665864599,0.20460236079647073
Aruba,ABW,1975,2.506,2.506,False,-0.7839001826494472,0.19911768212710146
Aruba,ABW,1976,2.472,2.472,False,-0.8006384684351332,0.19506378919756767
Aruba,ABW,1977,2.446,2.446,False,-0.8134383340359519,0.19196375342792418
Aruba,ABW,1978,2.425,2.425,False,-0.8237766870212289,0.1894598783832121
Aruba,ABW,1979,2.408,2.408,False,-0.8321458299140718,0.1874329319184452
Aruba,ABW,1980,2.392,2.392,False,-0.8400226702838065,0.18552521759866458
Aruba,ABW,1981,2.377,2.377,False,-0.8474072081304328,0.18373673542387026
Aruba,ABW,1982,2.364,2.364,False,-0.8538071409308421,0.18218671753904853
Aruba,ABW,1983,2.353,2.353,False,-0.8592224686850345,0.1808751639441994
Aruba,ABW,1984,2.342,2.342,False,-0.8646377964392271,0.1795636103493502
Aruba,ABW,1985,2.332,2.332,False,-0.8695608216703115,0.17837128889948728
Aruba,ABW,1986,2.32,2.32,False,-0.8754684519476125,0.17694050315965182
Aruba,ABW,1987,2.307,2.307,False,-0.8818683847480218,0.1753904852748301
Aruba,ABW,1988,2.291,2.291,False,-0.8897452251177564,0.1734827709550495
Aruba,ABW,1989,2.272,2.272,False,-0.8990989730568164,0.17121736020030998
Aruba,ABW,1990,2.249,2.249,False,-0.9104219310883098,0.1684750208656254
Aruba,ABW,1991,2.221,2.221,False,-0.9242064017353454,0.16513652080600932
Aruba,ABW,1992,2.187,2.187,False,-0.9409446875210317,0.16108262787647548
Aruba,ABW,1993,2.149,2.149,False,-0.9596521833991514,0.15655180636699656
Aruba,ABW,1994,2.108,2.108,False,-0.9798365868465964,0.15166328842255875
Aruba,ABW,1995,2.064,2.064,False,-1.0014978978633666,0.14641707404316207
Aruba,ABW,1996,2.021,2.021,False,-1.0226669063570286,0.14129009180875163
Aruba,ABW,1997,1.979,1.979,False,-1.0433436123275819,0.13628234171932754
Aruba,ABW,1998,1.94,1.94,False,-1.0625434107288103,0.1316322880648623
Aruba,ABW,1999,1.905,1.905,False,-1.0797739990376045,0.12745916299034218
Aruba,ABW,2000,1.874,1.874,False,-1.0950353772539656,0.12376296649576728
Aruba,ABW,2001,1.848,1.848,False,-1.1078352428547844,0.12066293072612376
Aruba,ABW,2002,1.825,1.825,False,-1.119158200886278,0.11792059139143912
Aruba,ABW,2003,1.805,1.805,False,-1.1290042513484464,0.11553594849171335
Aruba,ABW,2004,1.786,1.786,False,-1.1383579992875061,0.11327053773697389
Aruba,ABW,2005,1.769,1.769,False,-1.146727142180349,0.11124359127220697
Aruba,ABW,2006,1.754,1.754,False,-1.1541116800269755,0.10945510909741266
Aruba,ABW,2007,1.739,1.739,False,-1.1614962178736017,0.10766662692261834
Aruba,ABW,2008,1.726,1.726,False,-1.167896150674011,0.10611660903779659
Aruba,ABW,2009,1.713,1.713,False,-1.1742960834744205,0.10456659115297486
Aruba,ABW,2010,1.7009999999999998,1.7009999999999998,False,-1.1802037137517216,0.10313580541313937
Aruba,ABW,2011,1.69,1.69,False,-1.185619041505914,0.1018242518182902
Australia,AUS,1960,3.4530000000000003,3.4530000000000003,False,-0.3176896932657775,0.3120305234291165
Australia,AUS,1961,3.54,3.54,False,-0.2748593737553455,0.32240372004292356
Australia,AUS,1962,3.442,3.442,False,-0.32310502101997013,0.31071896983426733
Australia,AUS,1963,3.332,3.332,False,-0.377258298561896,0.2976034338857756
Australia,AUS,1964,3.1460000000000004,3.1460000000000004,False,-0.46882656786006105,0.275426254918326
Australia,AUS,1965,2.977,2.977,False,-0.5520256942653835,0.25527602241564323
Australia,AUS,1966,2.881,2.881,False,-0.5992867364837914,0.24382973649695955
Australia,AUS,1967,2.8480000000000003,2.8480000000000003,False,-0.6155327197463688,0.23989507571241211
Australia,AUS,1968,2.888,2.888,False,-0.5958406188220324,0.2446643615118636
Australia,AUS,1969,2.886,2.886,False,-0.5968252238682491,0.24442589722189104
Australia,AUS,1970,2.859,2.859,False,-0.6101173919921764,0.24120662930726125
Australia,AUS,1971,2.9610000000000003,2.9610000000000003,False,-0.5599025346351179,0.2533683080958627
Australia,AUS,1972,2.744,2.744,False,-0.6667321821496441,0.2274949326338381
Australia,AUS,1973,2.491,2.491,False,-0.7912847204960732,0.19732919995230716
Australia,AUS,1974,2.397,2.397,False,-0.8375611576682644,0.18612137832359602
Australia,AUS,1975,2.148,2.148,False,-0.9601444859222598,0.1564325742220103
Australia,AUS,1976,2.06,2.06,False,-1.0034671079558004,0.1459401454632169
Australia,AUS,1977,2.007,2.007,False,-1.0295591416805463,0.13962084177894363
Australia,AUS,1978,1.949,1.949,False,-1.0581126880208345,0.13270537736973886
Australia,AUS,1979,1.907,1.907,False,-1.078789393991388,0.12769762728031478
Australia,AUS,1980,1.891,1.891,False,-1.0866662343611226,0.12578991296053418
Australia,AUS,1981,1.935,1.935,False,-1.0650049233443522,0.13103612733993086
Australia,AUS,1982,1.929,1.929,False,-1.0679587384830027,0.1303207344700131
Australia,AUS,1983,1.924,1.924,False,-1.0704202510985448,0.12972457374508167
Australia,AUS,1984,1.84,1.84,False,-1.1117736630396517,0.11970907356623345
Australia,AUS,1985,1.923,1.923,False,-1.0709125536216533,0.1296053416000954
Australia,AUS,1986,1.868,1.868,False,-1.097989192392616,0.12304757362584953
Australia,AUS,1987,1.845,1.845,False,-1.1093121504241097,0.12030523429116488
Australia,AUS,1988,1.831,1.831,False,-1.1162043857476276,0.11863598426135685
Australia,AUS,1989,1.838,1.838,False,-1.1127582680858685,0.1194706092762609
Australia,AUS,1990,1.902,1.902,False,-1.08125090660693,0.1271014665553833
Australia,AUS,1991,1.849,1.849,False,-1.107342940331676,0.12078216287111003
Australia,AUS,1992,1.888,1.888,False,-1.088143141930448,0.1254322165255753
Australia,AUS,1993,1.859,1.859,False,-1.1024199151005918,0.12197448432097294
Australia,AUS,1994,1.842,1.842,False,-1.110789057993435,0.11994753785620606
Australia,AUS,1995,1.822,1.822,False,-1.1206351084556032,0.11756289495648027
Australia,AUS,1996,1.796,1.796,False,-1.1334349740564218,0.11446285918683677
Australia,AUS,1997,1.778,1.778,False,-1.1422964194723735,0.11231668057708358
Australia,AUS,1998,1.7619999999999998,1.7619999999999998,False,-1.1501732598421084,0.11040896625730294
Australia,AUS,1999,1.755,1.755,False,-1.153619377503867,0.10957434124239894
Australia,AUS,2000,1.756,1.756,False,-1.1531270749807585,0.10969357338738524
Australia,AUS,2001,1.739,1.739,False,-1.1614962178736017,0.10766662692261834
Australia,AUS,2002,1.756,1.756,False,-1.1531270749807585,0.10969357338738524
Australia,AUS,2003,1.7480000000000002,1.7480000000000002,False,-1.1570654951656258,0.10873971622749495
Australia,AUS,2004,1.768,1.768,False,-1.1472194447034578,0.1111243591272207
Australia,AUS,2005,1.807,1.807,False,-1.1280196463022294,0.11577441278168593
Australia,AUS,2006,1.883,1.883,False,-1.09060465454599,0.12483605580064386
Australia,AUS,2007,1.931,1.931,False,-1.066974133436786,0.1305591987599857
Australia,AUS,2008,1.933,1.933,False,-1.0659895283905692,0.13079766304995827
Australia,AUS,2009,1.857,1.857,False,-1.1034045201468086,0.12173602003100034
Australia,AUS,2010,1.87,1.87,False,-1.0970045873463992,0.12328603791582213
Australia,AUS,2011,1.87,1.87,False,-1.0970045873463992,0.12328603791582213
Austria,AUT,1960,2.69,2.69,False,-0.6933165183974986,0.2210563968045785
Austria,AUT,1961,2.799,2.799,False,-0.6396555433786814,0.23405270060808395
Austria,AUT,1962,2.798,2.798,False,-0.6401478459017897,0.23393346846309765
Austria,AUT,1963,2.8110000000000004,2.8110000000000004,False,-0.6337479131013801,0.23548348634791946
Austria,AUT,1964,2.77,2.77,False,-0.6539323165488254,0.2305949684034816
Austria,AUT,1965,2.685,2.685,False,-0.6957780310130407,0.2204602360796471
Austria,AUT,1966,2.662,2.662,False,-0.7071009890445343,0.21771789674496245
Austria,AUT,1967,2.63,2.63,False,-0.7228546697840036,0.2139024681054012
Austria,AUT,1968,2.591,2.591,False,-0.7420544681852317,0.209252414450936
Austria,AUT,1969,2.496,2.496,False,-0.7888232078805312,0.1979253606772386
Austria,AUT,1970,2.29,2.29,False,-0.8902375276408648,0.1733635388100632
Austria,AUT,1971,2.202,2.202,False,-0.9335601496744054,0.16287111005126984
Austria,AUT,1972,2.102,2.102,False,-0.9827904019852469,0.150947895552641
Austria,AUT,1973,1.97,1.97,False,-1.047774335035558,0.13520925241445092
Austria,AUT,1974,1.95,1.95,False,-1.057620385497726,0.13282460951472516
Austria,AUT,1975,1.82,1.82,False,-1.12161971350182,0.11732443066650769
Austria,AUT,1976,1.6980000000000002,1.6980000000000002,False,-1.1816806213210465,0.10277810897818054
Austria,AUT,1977,1.641,1.641,False,-1.2097418651382263,0.09598187671396209
Austria,AUT,1978,1.621,1.621,False,-1.2195879156003948,0.09359723381423632
Austria,AUT,1979,1.6,1.6,False,-1.2299262685856713,0.09109335876952428
Austria,AUT,1980,1.62,1.62,False,-1.220080218123503,0.09347800166925004
Austria,AUT,1981,1.67,1.67,False,-1.1954650919680825,0.09943960891856443
Austria,AUT,1982,1.66,1.66,False,-1.2003881171991664,0.09824728746870155
Austria,AUT,1983,1.56,1.56,False,-1.249618369510008,0.08632407297007273
Austria,AUT,1984,1.53,1.53,False,-1.2643874452032604,0.08274710862048408
Austria,AUT,1985,1.46,1.46,False,-1.2988486218208497,0.0744008584714439
Austria,AUT,1986,1.47,1.47,False,-1.2939255965897656,0.07559317992130678
Austria,AUT,1987,1.42,1.42,False,-1.3185407227451862,0.06963157267199237
Austria,AUT,1988,1.43,1.43,False,-1.3136176975141023,0.07082389412185525
Austria,AUT,1989,1.45,1.45,False,-1.3037716470519336,0.07320853702158102
Austria,AUT,1990,1.45,1.45,False,-1.3037716470519336,0.07320853702158102
Austria,AUT,1991,1.5,1.5,False,-1.279156520896513,0.07917014427089543
Austria,AUT,1992,1.49,1.49,False,-1.2840795461275971,0.07797782282103255
Austria,AUT,1993,1.48,1.48,False,-1.2890025713586812,0.07678550137116967
Austria,AUT,1994,1.44,1.44,False,-1.308694672283018,0.07201621557171813
Austria,AUT,1995,1.4,1.4,False,-1.3283867732073547,0.0672469297722666
Austria,AUT,1996,1.42,1.42,False,-1.3185407227451862,0.06963157267199237
Austria,AUT,1997,1.36,1.36,False,-1.348078874131691,0.062477643972815085
Austria,AUT,1998,1.37,1.37,False,-1.343155848900607,0.06366996542267797
Austria,AUT,1999,1.34,1.34,False,-1.3579249245938596,0.06009300107308931
Austria,AUT,2000,1.36,1.36,False,-1.348078874131691,0.062477643972815085
Austria,AUT,2001,1.33,1.33,False,-1.3628479498249435,0.05890067962322643
Austria,AUT,2002,1.39,1.39,False,-1.3333097984384388,0.06605460832240372
Austria,AUT,2003,1.38,1.38,False,-1.338232823669523,0.06486228687254082
Austria,AUT,2004,1.42,1.42,False,-1.3185407227451862,0.06963157267199237
Austria,AUT,2005,1.41,1.41,False,-1.3234637479762703,0.06843925122212947
Austria,AUT,2006,1.41,1.41,False,-1.3234637479762703,0.06843925122212947
Austria,AUT,2007,1.38,1.38,False,-1.338232823669523,0.06486228687254082
Austria,AUT,2008,1.41,1.41,False,-1.3234637479762703,0.06843925122212947
Austria,AUT,2009,1.39,1.39,False,-1.3333097984384388,0.06605460832240372
Austria,AUT,2010,1.44,1.44,False,-1.308694672283018,0.07201621557171813
Austria,AUT,2011,1.42,1.42,False,-1.3185407227451862,0.06963157267199237
Azerbaijan,AZE,1960,5.5710000000000015,5.5710000000000015,False,0.725007050677847,0.5645642065100752
Azerbaijan,AZE,1961,5.596,5.596,False,0.7373146137555566,0.5675450101347322
Azerbaijan,AZE,1962,5.591,5.591,False,0.7348531011400146,0.5669488494098008
Azerbaijan,AZE,1963,5.549,5.549,False,0.7141763951694613,0.5619410993203767
Azerbaijan,AZE,1964,5.468,5.468,False,0.6742998907976794,0.5522832955764874
Azerbaijan,AZE,1965,5.352,5.352,False,0.6171927981171034,0.538452366758078
Azerbaijan,AZE,1966,5.21,5.21,False,0.5472858398357082,0.521521402170025
Azerbaijan,AZE,1967,5.056,5.056,False,0.4714712512770123,0.5031596518421366
Azerbaijan,AZE,1968,4.901,4.901,False,0.3951643601952078,0.48467866936926185
Azerbaijan,AZE,1969,4.753,4.753,False,0.32230358677516247,0.4670323119112913
Azerbaijan,AZE,1970,4.612,4.612,False,0.2528889310168759,0.45022057946822464
Azerbaijan,AZE,1971,4.479,4.479,False,0.1874126954434566,0.4343627041850483
Azerbaijan,AZE,1972,4.348,4.348,False,0.12292106491625407,0.4187432931918445
Azerbaijan,AZE,1973,4.216,4.216,False,0.0579371318659434,0.4030046500536545
Azerbaijan,AZE,1974,4.084,4.084,False,-0.007046801184367712,0.38726600691546437
Azerbaijan,AZE,1975,3.95,3.95,False,-0.07301533928089511,0.3712888994873018
Azerbaijan,AZE,1976,3.814,3.814,False,-0.13996848242363966,0.35507332776916656
Azerbaijan,AZE,1977,3.676,3.676,False,-0.20790623061260094,0.3386192917610588
Azerbaijan,AZE,1978,3.539,3.539,False,-0.27535167627845386,0.3222844878979373
Azerbaijan,AZE,1979,3.407,3.407,False,-0.3403356093287648,0.3065458447597472
Azerbaijan,AZE,1980,3.286,3.286,False,-0.399904214624883,0.29211875521640635
Azerbaijan,AZE,1981,3.179,3.179,False,-0.45258058459748357,0.27936091570287347
Azerbaijan,AZE,1982,3.092,3.092,False,-0.4954109041079156,0.26898771908906643
Azerbaijan,AZE,1983,3.026,3.026,False,-0.5279028706330712,0.26111839751997135
Azerbaijan,AZE,1984,2.98,2.98,False,-0.5505487866960582,0.2556337188506021
Azerbaijan,AZE,1985,2.91,2.91,False,-0.5850099633136472,0.24728746870156196
Azerbaijan,AZE,1986,2.9,2.9,False,-0.5899329885447314,0.24609514725169906
Azerbaijan,AZE,1987,2.903,2.903,False,-0.5884560809754061,0.24645284368665793
Azerbaijan,AZE,1988,2.8,2.8,False,-0.6391632408555731,0.23417193275307022
Azerbaijan,AZE,1989,2.8,2.8,False,-0.6391632408555731,0.23417193275307022
Azerbaijan,AZE,1990,2.74,2.74,False,-0.6687013922420778,0.22701800405389297
Azerbaijan,AZE,1991,2.87,2.87,False,-0.6047020642379838,0.2425181829021104
Azerbaijan,AZE,1992,2.74,2.74,False,-0.6687013922420778,0.22701800405389297
Azerbaijan,AZE,1993,2.7,2.7,False,-0.6883934931664144,0.22224871825444142
Azerbaijan,AZE,1994,2.52,2.52,False,-0.7770079473259293,0.20078693215690951
Azerbaijan,AZE,1995,2.29,2.29,False,-0.8902375276408648,0.1733635388100632
Azerbaijan,AZE,1996,2.06,2.06,False,-1.0034671079558004,0.1459401454632169
Azerbaijan,AZE,1997,2.07,2.07,False,-0.9985440827247163,0.14713246691307977
Azerbaijan,AZE,1998,2.0,2.0,False,-1.0330052593423054,0.1387862167640396
Azerbaijan,AZE,1999,2.07,2.07,False,-0.9985440827247163,0.14713246691307977
Azerbaijan,AZE,2000,2.0,2.0,False,-1.0330052593423054,0.1387862167640396
Azerbaijan,AZE,2001,1.8,1.8,False,-1.1314657639639885,0.11493978776678193
Azerbaijan,AZE,2002,1.8,1.8,False,-1.1314657639639885,0.11493978776678193
Azerbaijan,AZE,2003,1.9,1.9,False,-1.0822355116531468,0.12686300226541075
Azerbaijan,AZE,2004,2.0540000000000003,2.0540000000000003,False,-1.0064209230944507,0.1452247525932992
Azerbaijan,AZE,2005,2.0,2.0,False,-1.0330052593423054,0.1387862167640396
Azerbaijan,AZE,2006,1.97,1.97,False,-1.047774335035558,0.13520925241445092
Azerbaijan,AZE,2007,1.97,1.97,False,-1.047774335035558,0.13520925241445092
Azerbaijan,AZE,2008,1.9,1.9,False,-1.0822355116531468,0.12686300226541075
Azerbaijan,AZE,2009,1.82,1.82,False,-1.12161971350182,0.11732443066650769
Azerbaijan,AZE,2010,1.92,1.92,False,-1.0723894611909786,0.1292476451651365
Azerbaijan,AZE,2011,1.92,1.92,False,-1.0723894611909786,0.1292476451651365
"Bahamas, The",BHS,1960,4.495,4.495,False,0.19528953581319125,0.4362704185048289
"Bahamas, The",BHS,1961,4.496,4.496,False,0.19578183833629983,0.4363896506498152
"Bahamas, The",BHS,1962,4.45,4.45,False,0.1731359222733126,0.4309049719804459
"Bahamas, The",BHS,1963,4.356,4.356,False,0.1268594851011214,0.4196971503517348
"Bahamas, The",BHS,1964,4.22,4.22,False,0.059906341958376845,0.40348157863359957
"Bahamas, The",BHS,1965,4.057,4.057,False,-0.02033896930829456,0.3840467390008347
"Bahamas, The",BHS,1966,3.893,3.893,False,-0.10107658309807498,0.3644926672230833
"Bahamas, The",BHS,1967,3.75,3.75,False,-0.17147584390257828,0.3474424704900441
"Bahamas, The",BHS,1968,3.641,3.641,False,-0.22513681892139556,0.3344461666865387
"Bahamas, The",BHS,1969,3.571,3.571,False,-0.25959799553898455,0.32609991653749854
"Bahamas, The",BHS,1970,3.531,3.531,False,-0.2792900964633212,0.321330630738047
"Bahamas, The",BHS,1971,3.504,3.504,False,-0.29258226458724845,0.3181113628234172
"Bahamas, The",BHS,1972,3.469,3.469,False,-0.3098128528960431,0.31393823774889706
"Bahamas, The",BHS,1973,3.411,3.411,False,-0.3383663992363311,0.3070227733396924
"Bahamas, The",BHS,1974,3.33,3.33,False,-0.37824290360811275,0.29736496959580305
"Bahamas, The",BHS,1975,3.234,3.234,False,-0.4255039458265206,0.28591868367711937
"Bahamas, The",BHS,1976,3.139,3.139,False,-0.4722726855218202,0.27459162990342195
"Bahamas, The",BHS,1977,3.062,3.062,False,-0.5101799798011681,0.26541075473947773
"Bahamas, The",BHS,1978,3.012,3.012,False,-0.5347951059565889,0.25944914749016335
"Bahamas, The",BHS,1979,2.99,2.99,False,-0.5456257614649739,0.256826040300465
"Bahamas, The",BHS,1980,2.989,2.989,False,-0.5461180639880825,0.2567068081554787
"Bahamas, The",BHS,1981,2.994,2.994,False,-0.5436565513725402,0.2573029688804102
"Bahamas, The",BHS,1982,2.989,2.989,False,-0.5461180639880825,0.2567068081554787
"Bahamas, The",BHS,1983,2.965,2.965,False,-0.5579333245426845,0.2538452366758078
"Bahamas, The",BHS,1984,2.919,2.919,False,-0.5805792406056715,0.24836055800643855
"Bahamas, The",BHS,1985,2.857,2.857,False,-0.6111019970383932,0.24096816501728868
"Bahamas, The",BHS,1986,2.789,2.789,False,-0.6445785686097655,0.23286037915822108
"Bahamas, The",BHS,1987,2.728,2.728,False,-0.6746090225193787,0.2255872183140575
"Bahamas, The",BHS,1988,2.6830000000000003,2.6830000000000003,False,-0.6967626360592574,0.22022177178967453
"Bahamas, The",BHS,1989,2.654,2.654,False,-0.7110394092294017,0.21676403958507212
"Bahamas, The",BHS,1990,2.639,2.639,False,-0.718423947076028,0.2149755574102778
"Bahamas, The",BHS,1991,2.631,2.631,False,-0.7223623672608952,0.2140217002503875
"Bahamas, The",BHS,1992,2.6210000000000004,2.6210000000000004,False,-0.7272853924919791,0.2128293788005247
"Bahamas, The",BHS,1993,2.6010000000000004,2.6010000000000004,False,-0.7371314429541475,0.2104447359007989
"Bahamas, The",BHS,1994,2.5660000000000003,2.5660000000000003,False,-0.754362031262942,0.20627161082627882
"Bahamas, The",BHS,1995,2.514,2.514,False,-0.7799617624645798,0.20007153928699176
"Bahamas, The",BHS,1996,2.443,2.443,False,-0.8149152416052772,0.19160605699296532
"Bahamas, The",BHS,1997,2.357,2.357,False,-0.8572532585926008,0.18135209252414455
"Bahamas, The",BHS,1998,2.263,2.263,False,-0.903529695764792,0.1701442708954334
"Bahamas, The",BHS,1999,2.165,2.165,False,-0.9517753430294167,0.15845952068677716
"Bahamas, The",BHS,2000,2.071,2.071,False,-0.9980517802016077,0.1472516990580661
"Bahamas, The",BHS,2001,1.989,1.989,False,-1.038420587096498,0.1374746631691904
"Bahamas, The",BHS,2002,1.924,1.924,False,-1.0704202510985448,0.12972457374508167
"Bahamas, The",BHS,2003,1.88,1.88,False,-1.0920815621153153,0.12447835936568499
"Bahamas, The",BHS,2004,1.857,1.857,False,-1.1034045201468086,0.12173602003100034
"Bahamas, The",BHS,2005,1.853,1.853,False,-1.1053737302392426,0.12125909145105519
"Bahamas, The",BHS,2006,1.862,1.862,False,-1.1009430075312665,0.12233218075593182
"Bahamas, The",BHS,2007,1.876,1.876,False,-1.0940507722077488,0.12400143078573983
"Bahamas, The",BHS,2008,1.889,1.889,False,-1.0876508394073392,0.12555144867056156
"Bahamas, The",BHS,2009,1.898,1.898,False,-1.0832201166993638,0.12662453797543816
"Bahamas, The",BHS,2010,1.901,1.901,False,-1.0817432091300385,0.12698223441039702
"Bahamas, The",BHS,2011,1.898,1.898,False,-1.0832201166993638,0.12662453797543816
Bahrain,BHR,1960,7.09,7.09,False,1.4728145832795292,0.745677834744247
Bahrain,BHR,1961,7.1320000000000014,7.1320000000000014,False,1.4934912892500833,0.7506855848336712
Bahrain,BHR,1962,7.1679999999999975,7.1679999999999975,False,1.5112141800819845,0.7549779420531771
Bahrain,BHR,1963,7.19,7.19,False,1.522044835590371,0.7576010492428759
Bahrain,BHR,1964,7.192,7.192,False,1.5230294406365876,0.7578395135328484
Bahrain,BHR,1965,7.165,7.165,False,1.5097372725126603,0.7546202456182186
Bahrain,BHR,1966,7.101,7.101,False,1.4782299110337218,0.7469893883390961
Bahrain,BHR,1967,6.9979999999999976,6.9979999999999976,False,1.4275227511535538,0.7347084774055082
Bahrain,BHR,1968,6.86,6.86,False,1.359585002964594,0.7182544413974007
Bahrain,BHR,1969,6.69,6.69,False,1.2758935740361632,0.6979849767497317
Bahrain,BHR,1970,6.4979999999999976,6.4979999999999976,False,1.1813714895993461,0.675092404912364
Bahrain,BHR,1971,6.2929999999999975,6.2929999999999975,False,1.080449472362121,0.650649815190175
Bahrain,BHR,1972,6.089,6.089,False,0.9800197576480056,0.6263264576129725
Bahrain,BHR,1973,5.895,5.895,False,0.8845130681649725,0.6031954214856324
Bahrain,BHR,1974,5.716,5.716,False,0.7963909165285665,0.5818528675330868
Bahrain,BHR,1975,5.556,5.556,False,0.71762251283122,0.5627757243352808
Bahrain,BHR,1976,5.414,5.414,False,0.6477155545498249,0.5458447597472278
Bahrain,BHR,1977,5.283,5.283,False,0.5832239240226228,0.530225348754024
Bahrain,BHR,1978,5.157,5.157,False,0.5211938061109622,0.5152020984857517
Bahrain,BHR,1979,5.0360000000000005,5.0360000000000005,False,0.4616252008148442,0.5007750089424109
Bahrain,BHR,1980,4.917,4.917,False,0.4030412005649424,0.4865863836890425
Bahrain,BHR,1981,4.802,4.802,False,0.34642641040747457,0.47287468701561935
Bahrain,BHR,1982,4.69,4.69,False,0.2912885278193324,0.4595206867771552
Bahrain,BHR,1983,4.581,4.581,False,0.23762755280051515,0.4465243829736497
Bahrain,BHR,1984,4.472,4.472,False,0.18396657778169787,0.4335280791701443
Bahrain,BHR,1985,4.362,4.362,False,0.129813300239772,0.42041254322165256
Bahrain,BHR,1986,4.248,4.248,False,0.07369081260541271,0.40682007869321574
Bahrain,BHR,1987,4.128,4.128,False,0.014614509832402804,0.39251222129486113
Bahrain,BHR,1988,4.002,4.002,False,-0.0474156080792577,0.37748897102658874
Bahrain,BHR,1989,3.872,3.872,False,-0.11141493608335165,0.36198879217837127
Bahrain,BHR,1990,3.738,3.738,False,-0.17738347417987926,0.34601168475020866
Bahrain,BHR,1991,3.6010000000000004,3.6010000000000004,False,-0.24482891984573196,0.3296768808870872
Bahrain,BHR,1992,3.466,3.466,False,-0.31128976046536816,0.31358054131393825
Bahrain,BHR,1993,3.335,3.335,False,-0.3757813909925707,0.29796113032073446
Bahrain,BHR,1994,3.212,3.212,False,-0.4363346013349057,0.28329557648742104
Bahrain,BHR,1995,3.1,3.1,False,-0.49147248392304826,0.2699415762489567
Bahrain,BHR,1996,3.005,3.005,False,-0.5382412236183478,0.25861452247525935
Bahrain,BHR,1997,2.926,2.926,False,-0.5771331229439125,0.24919518302134258
Bahrain,BHR,1998,2.862,2.862,False,-0.6086404844228511,0.24156432574222012
Bahrain,BHR,1999,2.81,2.81,False,-0.6342402156244887,0.2353642542029331
Bahrain,BHR,2000,2.765,2.765,False,-0.6563938291643674,0.22999880767855016
Bahrain,BHR,2001,2.718,2.718,False,-0.679532047750463,0.2243948968641946
Bahrain,BHR,2002,2.665,2.665,False,-0.705624081475209,0.2180755931799213
Bahrain,BHR,2003,2.602,2.602,False,-0.7366391404310393,0.21056396804578514
Bahrain,BHR,2004,2.529,2.529,False,-0.7725772246179535,0.20186002146178608
Bahrain,BHR,2005,2.449,2.449,False,-0.8119614264666268,0.19232144986288302
Bahrain,BHR,2006,2.367,2.367,False,-0.8523302333615168,0.1825444139740074
Bahrain,BHR,2007,2.292,2.292,False,-0.889252922594648,0.17360200310003576
Bahrain,BHR,2008,2.229,2.229,False,-0.9202679815504781,0.16609037796589962
Bahrain,BHR,2009,2.1790000000000003,2.1790000000000003,False,-0.9448831077058988,0.16012877071658524
Bahrain,BHR,2010,2.142,2.142,False,-0.9630983010609103,0.15571718135209253
Bahrain,BHR,2011,2.115,2.115,False,-0.9763904691848374,0.15249791343746277
Bangladesh,BGD,1960,6.725,6.725,False,1.2931241623449574,0.7021581018242518
Bangladesh,BGD,1961,6.761,6.761,False,1.3108470531768606,0.7064504590437581
Bangladesh,BGD,1962,6.794,6.794,False,1.327093036439438,0.7103851198283055
Bangladesh,BGD,1963,6.825,6.825,False,1.3423544146557993,0.7140813163228806
Bangladesh,BGD,1964,6.853,6.853,False,1.3561388853028347,0.7174198163824966
Bangladesh,BGD,1965,6.877999999999999,6.877999999999999,False,1.3684464483805447,0.7204006200071538
Bangladesh,BGD,1966,6.901,6.901,False,1.3797694064120387,0.7231429593418385
Bangladesh,BGD,1967,6.92,6.92,False,1.3891231543510987,0.725408370096578
Bangladesh,BGD,1968,6.935,6.935,False,1.3965076921977246,0.7271968522713722
Bangladesh,BGD,1969,6.945,6.945,False,1.4014307174288092,0.7283891737212352
Bangladesh,BGD,1970,6.947,6.947,False,1.4024153224750258,0.7286276380112078
Bangladesh,BGD,1971,6.942,6.942,False,1.399953809859484,0.7280314772862764
Bangladesh,BGD,1972,6.928,6.928,False,1.393061574535966,0.7263622272564683
Bangladesh,BGD,1973,6.904,6.904,False,1.381246313981364,0.7235006557767973
Bangladesh,BGD,1974,6.869,6.869,False,1.3640157256725693,0.7193275307022773
Bangladesh,BGD,1975,6.8210000000000015,6.8210000000000015,False,1.3403852045633662,0.7136043877429356
Bangladesh,BGD,1976,6.757999999999999,6.757999999999999,False,1.3093701456075348,0.7060927626087992
Bangladesh,BGD,1977,6.68,6.68,False,1.2709705488050789,0.6967926552998688
Bangladesh,BGD,1978,6.5870000000000015,6.5870000000000015,False,1.225186414155997,0.6857040658161442
Bangladesh,BGD,1979,6.48,6.48,False,1.172510044183396,0.6729462263026111
Bangladesh,BGD,1980,6.356,6.356,False,1.1114645313179523,0.6581614403243113
Bangladesh,BGD,1981,6.216,6.216,False,1.0425421780827742,0.641468940026231
Bangladesh,BGD,1982,6.06,6.06,False,0.9657429844778611,0.62286872540837
Bangladesh,BGD,1983,5.89,5.89,False,0.8820515555494306,0.602599260760701
Bangladesh,BGD,1984,5.71,5.71,False,0.793437101389916,0.5811374746631691
Bangladesh,BGD,1985,5.522,5.522,False,0.700884227045534,0.5587218314057469
Bangladesh,BGD,1986,5.327000000000001,5.327000000000001,False,0.6048852350393933,0.5354715631334208
Bangladesh,BGD,1987,5.13,5.13,False,0.5079016379870349,0.5119828305711219
Bangladesh,BGD,1988,4.932,4.932,False,0.41042573841156893,0.4883748658638369
Bangladesh,BGD,1989,4.738,4.738,False,0.3149190489285364,0.465243829736497
Bangladesh,BGD,1990,4.55,4.55,False,0.22236617458415397,0.44282818647907474
Bangladesh,BGD,1991,4.37,4.37,False,0.13375172042463934,0.4213664003815429
Bangladesh,BGD,1992,4.197,4.197,False,0.048583383926883446,0.400739239298915
Bangladesh,BGD,1993,4.033,4.033,False,-0.03215422986289654,0.38118516752116377
Bangladesh,BGD,1994,3.878,3.878,False,-0.10846112094470105,0.36270418504828905
Bangladesh,BGD,1995,3.732,3.732,False,-0.18033728931852966,0.34529629188029093
Bangladesh,BGD,1996,3.596,3.596,False,-0.24729043246127422,0.3290807201621557
Bangladesh,BGD,1997,3.468,3.468,False,-0.31030515541915143,0.3138190056039108
Bangladesh,BGD,1998,3.346,3.346,False,-0.37036606323837806,0.29927268391558365
Bangladesh,BGD,1999,3.2310000000000003,3.2310000000000003,False,-0.42698085339584574,0.2855609872421605
Bangladesh,BGD,2000,3.12,3.12,False,-0.48162643346087997,0.2723262191486825
Bangladesh,BGD,2001,3.011,3.011,False,-0.5352874084796972,0.2593299153451771
Bangladesh,BGD,2002,2.905,2.905,False,-0.5874714759291895,0.24669130797663047
Bangladesh,BGD,2003,2.802,2.802,False,-0.6381786358093561,0.2344103970430428
Bangladesh,BGD,2004,2.702,2.702,False,-0.6874088881201976,0.22248718254441396
Bangladesh,BGD,2005,2.607,2.607,False,-0.734177627815497,0.2111601287707166
Bangladesh,BGD,2006,2.52,2.52,False,-0.7770079473259293,0.20078693215690951
Bangladesh,BGD,2007,2.443,2.443,False,-0.8149152416052772,0.19160605699296532
Bangladesh,BGD,2008,2.377,2.377,False,-0.8474072081304328,0.18373673542387026
Bangladesh,BGD,2009,2.322,2.322,False,-0.8744838469013955,0.17717896744962444
Bangladesh,BGD,2010,2.277,2.277,False,-0.8966374604412741,0.17181352092524146
Bangladesh,BGD,2011,2.24,2.24,False,-0.9148526537962854,0.1674019315607488
Barbados,BRB,1960,4.333,4.333,False,0.115536527069628,0.41695481101705023
Barbados,BRB,1961,4.313,4.313,False,0.10569047660745946,0.4145701681173244
Barbados,BRB,1962,4.269,4.269,False,0.08402916559068939,0.40932395373792774
Barbados,BRB,1963,4.1960000000000015,4.1960000000000015,False,0.048091081403775736,0.40062000715392887
Barbados,BRB,1964,4.093999999999999,4.093999999999999,False,-0.002123775953283663,0.38845832836532723
Barbados,BRB,1965,3.963,3.963,False,-0.06661540648048576,0.37283891737212355
Barbados,BRB,1966,3.807,3.807,False,-0.14341460008539864,0.35423870275426256
Barbados,BRB,1967,3.637,3.637,False,-0.22710602901382923,0.3339692381065935
Barbados,BRB,1968,3.46,3.46,False,-0.3142435756040188,0.3128651484440205
Barbados,BRB,1969,3.284,3.284,False,-0.40088881967109996,0.29188029092643375
Barbados,BRB,1970,3.113,3.113,False,-0.4850725511226389,0.2714915941337785
Barbados,BRB,1971,2.949,2.949,False,-0.5658101649124191,0.2519375223560272
Barbados,BRB,1972,2.794,2.794,False,-0.6421170559942234,0.23345653988315251
Barbados,BRB,1973,2.648,2.648,False,-0.713993224368052,0.21604864671515442
Barbados,BRB,1974,2.513,2.513,False,-0.7804540649876882,0.1999523071420055
Barbados,BRB,1975,2.393,2.393,False,-0.8395303677606981,0.18564444974365088
Barbados,BRB,1976,2.2880000000000003,2.2880000000000003,False,-0.8912221326870815,0.17312507452009065
Barbados,BRB,1977,2.198,2.198,False,-0.935529359766839,0.16239418147132467
Barbados,BRB,1978,2.121,2.121,False,-0.9734366540461871,0.15321330630738048
Barbados,BRB,1979,2.057,2.057,False,-1.0049440155251257,0.145582449028258
Barbados,BRB,1980,2.004,2.004,False,-1.0310360492498716,0.13926314534398476
Barbados,BRB,1981,1.96,1.96,False,-1.0526973602666418,0.13401693096458805
Barbados,BRB,1982,1.922,1.922,False,-1.0714048561447618,0.12948610945510908
Barbados,BRB,1983,1.889,1.889,False,-1.0876508394073392,0.12555144867056156
Barbados,BRB,1984,1.858,1.858,False,-1.1029122176237003,0.12185525217598667
Barbados,BRB,1985,1.83,1.83,False,-1.1166966882707359,0.11851675211637058
Barbados,BRB,1986,1.805,1.805,False,-1.1290042513484464,0.11553594849171335
Barbados,BRB,1987,1.7819999999999998,1.7819999999999998,False,-1.14032720937994,0.11279360915702871
Barbados,BRB,1988,1.765,1.765,False,-1.148696352272783,0.11076666269226182
Barbados,BRB,1989,1.75,1.75,False,-1.156080890119409,0.10897818051746751
Barbados,BRB,1990,1.74,1.74,False,-1.1610039153504932,0.10778585906760463
Barbados,BRB,1991,1.732,1.732,False,-1.1649423355353605,0.10683200190771432
Barbados,BRB,1992,1.727,1.727,False,-1.1674038481509026,0.10623584118278288
Barbados,BRB,1993,1.725,1.725,False,-1.1683884531971194,0.10599737689281032
Barbados,BRB,1994,1.724,1.724,False,-1.1688807557202279,0.105878144747824
Barbados,BRB,1995,1.726,1.726,False,-1.167896150674011,0.10611660903779659
Barbados,BRB,1996,1.73,1.73,False,-1.1659269405815775,0.10659353761774173
Barbados,BRB,1997,1.736,1.736,False,-1.162973125442927,0.10730893048765947
Barbados,BRB,1998,1.745,1.745,False,-1.1585424027349511,0.10838201979253607
Barbados,BRB,1999,1.756,1.756,False,-1.1531270749807585,0.10969357338738524
Barbados,BRB,2000,1.768,1.768,False,-1.1472194447034578,0.1111243591272207
Barbados,BRB,2001,1.78,1.78,False,-1.1413118144261565,0.11255514486705616
Barbados,BRB,2002,1.791,1.791,False,-1.135896486671964,0.11386669846190532
Barbados,BRB,2003,1.801,1.801,False,-1.13097346144088,0.1150590199117682
Barbados,BRB,2004,1.81,1.81,False,-1.1265427387329041,0.11613210921664481
Barbados,BRB,2005,1.817,1.817,False,-1.1230966210711453,0.11696673423154881
Barbados,BRB,2006,1.822,1.822,False,-1.1206351084556032,0.11756289495648027
Barbados,BRB,2007,1.827,1.827,False,-1.1181735958400612,0.1181590556814117
Barbados,BRB,2008,1.831,1.831,False,-1.1162043857476276,0.11863598426135685
Barbados,BRB,2009,1.835,1.835,False,-1.1142351756551938,0.119112912841302
Barbados,BRB,2010,1.839,1.839,False,-1.1122659655627603,0.11958984142124718
Barbados,BRB,2011,1.842,1.842,False,-1.110789057993435,0.11994753785620606
Belarus,BLR,1960,2.67,2.67,False,-0.703162568859667,0.21867175390485274
Belarus,BLR,1961,2.59,2.59,False,-0.7425467707083403,0.20913318230594968
Belarus,BLR,1962,2.5,2.5,False,-0.7868539977880976,0.19840228925718376
Belarus,BLR,1963,2.4,2.4,False,-0.8360842500989392,0.1864790747585549
Belarus,BLR,1964,2.31,2.31,False,-0.8803914771786965,0.17574818170978898
Belarus,BLR,1965,2.27,2.27,False,-0.9000835781030331,0.17097889591033744
Belarus,BLR,1966,2.29,2.29,False,-0.8902375276408648,0.1733635388100632
Belarus,BLR,1967,2.26,2.26,False,-0.9050066033341174,0.16978657446047452
Belarus,BLR,1968,2.22,2.22,False,-0.9246987042584538,0.16501728866102305
Belarus,BLR,1969,2.26,2.26,False,-0.9050066033341174,0.16978657446047452
Belarus,BLR,1970,2.31,2.31,False,-0.8803914771786965,0.17574818170978898
Belarus,BLR,1971,2.31,2.31,False,-0.8803914771786965,0.17574818170978898
Belarus,BLR,1972,2.28,2.28,False,-0.8951605528719491,0.1721712173602003
Belarus,BLR,1973,2.25,2.25,False,-0.9099296285652014,0.16859425301061168
Belarus,BLR,1974,2.21,2.21,False,-0.929621729489538,0.16382496721116013
Belarus,BLR,1975,2.17,2.17,False,-0.9493138304138747,0.1590556814117086
Belarus,BLR,1976,2.12,2.12,False,-0.9739289565692953,0.1530940741623942
Belarus,BLR,1977,2.08,2.08,False,-0.993621057493632,0.14832478836294266
Belarus,BLR,1978,2.06,2.06,False,-1.0034671079558004,0.1459401454632169
Belarus,BLR,1979,2.05,2.05,False,-1.0083901331868845,0.14474782401335398
Belarus,BLR,1980,2.03,2.03,False,-1.018236183649053,0.14236318111362822
Belarus,BLR,1981,2.02,2.02,False,-1.023159208880137,0.14117085966376536
Belarus,BLR,1982,2.05,2.05,False,-1.0083901331868845,0.14474782401335398
Belarus,BLR,1983,2.11,2.11,False,-0.9788519818003797,0.15190175271253128
Belarus,BLR,1984,2.11,2.11,False,-0.9788519818003797,0.15190175271253128
Belarus,BLR,1985,2.09,2.09,False,-0.9886980322625479,0.14951710981280553
Belarus,BLR,1986,2.09,2.09,False,-0.9886980322625479,0.14951710981280553
Belarus,BLR,1987,2.03,2.03,False,-1.018236183649053,0.14236318111362822
Belarus,BLR,1988,2.04,2.04,False,-1.0133131584179687,0.14355550256349114
Belarus,BLR,1989,2.03,2.03,False,-1.018236183649053,0.14236318111362822
Belarus,BLR,1990,1.91,1.91,False,-1.0773124864220627,0.12805532371527362
Belarus,BLR,1991,1.8,1.8,False,-1.1314657639639885,0.11493978776678193
Belarus,BLR,1992,1.75,1.75,False,-1.156080890119409,0.10897818051746751
Belarus,BLR,1993,1.61,1.61,False,-1.2250032433545872,0.09228568021938716
Belarus,BLR,1994,1.51,1.51,False,-1.2742334956654289,0.08036246572075832
Belarus,BLR,1995,1.386,1.386,False,-1.3352790085308723,0.06557767974245855
Belarus,BLR,1996,1.31,1.31,False,-1.372694000287112,0.05651603672350066
Belarus,BLR,1997,1.23,1.23,False,-1.4120782021357852,0.04697746512459759
Belarus,BLR,1998,1.27,1.27,False,-1.3923861012114485,0.05174675092404913
Belarus,BLR,1999,1.31,1.31,False,-1.372694000287112,0.05651603672350066
Belarus,BLR,2000,1.31,1.31,False,-1.372694000287112,0.05651603672350066
Belarus,BLR,2001,1.27,1.27,False,-1.3923861012114485,0.05174675092404913
Belarus,BLR,2002,1.22,1.22,False,-1.4170012273668695,0.045785143674734706
Belarus,BLR,2003,1.21,1.21,False,-1.4219242525979534,0.04459282222487182
Belarus,BLR,2004,1.2,1.2,False,-1.4268472778290375,0.04340050077500894
Belarus,BLR,2005,1.21,1.21,False,-1.4219242525979534,0.04459282222487182
Belarus,BLR,2006,1.287,1.287,False,-1.3840169583186055,0.053773697388816016
Belarus,BLR,2007,1.37,1.37,False,-1.343155848900607,0.06366996542267797
Belarus,BLR,2008,1.42,1.42,False,-1.3185407227451862,0.06963157267199237
Belarus,BLR,2009,1.42,1.42,False,-1.3185407227451862,0.06963157267199237
Belarus,BLR,2010,1.44,1.44,False,-1.308694672283018,0.07201621557171813
Belarus,BLR,2011,1.51,1.51,False,-1.2742334956654289,0.08036246572075832
Belgium,BEL,1960,2.575,2.575,False,-0.7499313085549664,0.20734470013115539
Belgium,BEL,1961,2.644,2.644,False,-0.7159624344604857,0.21557171813520928
Belgium,BEL,1962,2.592,2.592,False,-0.7415621656621233,0.20937164659592228
Belgium,BEL,1963,2.68,2.68,False,-0.6982395436285828,0.21986407535471567
Belgium,BEL,1964,2.712,2.712,False,-0.6824858628891134,0.22367950399427688
Belgium,BEL,1965,2.613,2.613,False,-0.7312238126768467,0.2118755216406343
Belgium,BEL,1966,2.53,2.53,False,-0.7720849220948452,0.20197925360677238
Belgium,BEL,1967,2.42,2.42,False,-0.8262381996367708,0.18886371765828067
Belgium,BEL,1968,2.313,2.313,False,-0.8789145696093712,0.17610587814474785
Belgium,BEL,1969,2.245,2.245,False,-0.9123911411807435,0.16799809228568024
Belgium,BEL,1970,2.2,2.2,False,-0.9345447547206222,0.16263264576129727
Belgium,BEL,1971,2.208,2.208,False,-0.9306063345357548,0.1635865029211876
Belgium,BEL,1972,2.09,2.09,False,-0.9886980322625479,0.14951710981280553
Belgium,BEL,1973,1.95,1.95,False,-1.057620385497726,0.13282460951472516
Belgium,BEL,1974,1.83,1.83,False,-1.1166966882707359,0.11851675211637058
Belgium,BEL,1975,1.736,1.736,False,-1.162973125442927,0.10730893048765947
Belgium,BEL,1976,1.725,1.725,False,-1.1683884531971194,0.10599737689281032
Belgium,BEL,1977,1.705,1.705,False,-1.1782345036592878,0.10361273399308454
Belgium,BEL,1978,1.6909999999999998,1.6909999999999998,False,-1.1851267389828057,0.10194348396327647
Belgium,BEL,1979,1.689,1.689,False,-1.1861113440290225,0.10170501967330393
Belgium,BEL,1980,1.672,1.672,False,-1.1944804869218657,0.09967807320853701
Belgium,BEL,1981,1.67,1.67,False,-1.1954650919680825,0.09943960891856443
Belgium,BEL,1982,1.614,1.614,False,-1.2230340332621537,0.0927626087993323
Belgium,BEL,1983,1.56,1.56,False,-1.249618369510008,0.08632407297007273
Belgium,BEL,1984,1.591,1.591,False,-1.2343569912936472,0.09002026946464767
Belgium,BEL,1985,1.49,1.49,False,-1.2840795461275971,0.07797782282103255
Belgium,BEL,1986,1.54,1.54,False,-1.2594644199721763,0.08393943007034697
Belgium,BEL,1987,1.55,1.55,False,-1.2545413947410924,0.08513175152020985
Belgium,BEL,1988,1.56,1.56,False,-1.249618369510008,0.08632407297007273
Belgium,BEL,1989,1.58,1.58,False,-1.2397723190478398,0.0887087158697985
Belgium,BEL,1990,1.62,1.62,False,-1.220080218123503,0.09347800166925004
Belgium,BEL,1991,1.57,1.57,False,-1.2446953442789237,0.08751639441993563
Belgium,BEL,1992,1.56,1.56,False,-1.249618369510008,0.08632407297007273
Belgium,BEL,1993,1.61,1.61,False,-1.2250032433545872,0.09228568021938716
Belgium,BEL,1994,1.55,1.55,False,-1.2545413947410924,0.08513175152020985
Belgium,BEL,1995,1.57,1.57,False,-1.2446953442789237,0.08751639441993563
Belgium,BEL,1996,1.55,1.55,False,-1.2545413947410924,0.08513175152020985
Belgium,BEL,1997,1.6,1.6,False,-1.2299262685856713,0.09109335876952428
Belgium,BEL,1998,1.6,1.6,False,-1.2299262685856713,0.09109335876952428
Belgium,BEL,1999,1.62,1.62,False,-1.220080218123503,0.09347800166925004
Belgium,BEL,2000,1.67,1.67,False,-1.1954650919680825,0.09943960891856443
Belgium,BEL,2001,1.663,1.663,False,-1.198911209629841,0.09860498390366043
Belgium,BEL,2002,1.66,1.66,False,-1.2003881171991664,0.09824728746870155
Belgium,BEL,2003,1.66,1.66,False,-1.2003881171991664,0.09824728746870155
Belgium,BEL,2004,1.72,1.72,False,-1.1708499658126617,0.10540121616787886
Belgium,BEL,2005,1.76,1.76,False,-1.1511578648883252,0.11017050196733039
Belgium,BEL,2006,1.8,1.8,False,-1.1314657639639885,0.11493978776678193
Belgium,BEL,2007,1.82,1.82,False,-1.12161971350182,0.11732443066650769
Belgium,BEL,2008,1.86,1.86,False,-1.1019276125774833,0.12209371646595922
Belgium,BEL,2009,1.84,1.84,False,-1.1117736630396517,0.11970907356623345
Belgium,BEL,2010,1.84,1.84,False,-1.1117736630396517,0.11970907356623345
Belgium,BEL,2011,1.84,1.84,False,-1.1117736630396517,0.11970907356623345
Belize,BLZ,1960,6.5,6.5,False,1.1823560946455642,0.6753308692023369
Belize,BLZ,1961,6.48,6.48,False,1.172510044183396,0.6729462263026111
Belize,BLZ,1962,6.46,6.46,False,1.1626639937212275,0.6705615834028853
Belize,BLZ,1963,6.44,6.44,False,1.1528179432590595,0.6681769405031597
Belize,BLZ,1964,6.42,6.42,False,1.1429718927968908,0.6657922976034338
Belize,BLZ,1965,6.4,6.4,False,1.1331258423347228,0.6634076547037081
Belize,BLZ,1966,6.379,6.379,False,1.1227874893494456,0.6609037796589959
Belize,BLZ,1967,6.358,6.358,False,1.1124491363641689,0.6583999046142839
Belize,BLZ,1968,6.3370000000000015,6.3370000000000015,False,1.1021107833788932,0.655896029569572
Belize,BLZ,1969,6.316,6.316,False,1.0917724303936156,0.6533921545248598
Belize,BLZ,1970,6.299,6.299,False,1.0834032875007729,0.651365208060093
Belize,BLZ,1971,6.287999999999999,6.287999999999999,False,1.0779879597465798,0.6500536544652437
Belize,BLZ,1972,6.284,6.284,False,1.0760187496541462,0.6495767258852986
Belize,BLZ,1973,6.285,6.285,False,1.076511052177255,0.6496959580302849
Belize,BLZ,1974,6.2860000000000005,6.2860000000000005,False,1.0770033547003635,0.6498151901752712
Belize,BLZ,1975,6.278,6.278,False,1.0730649345154957,0.6488613330153808
Belize,BLZ,1976,6.25,6.25,False,1.0592804638684603,0.6455228329557648
Belize,BLZ,1977,6.195,6.195,False,1.0322038250974976,0.638965064981519
Belize,BLZ,1978,6.109,6.109,False,0.9898658081101737,0.6287111005126982
Belize,BLZ,1979,5.992000000000001,5.992000000000001,False,0.9322664129064895,0.6147609395493026
Belize,BLZ,1980,5.849,5.849,False,0.8618671521019858,0.5977107428162632
Belize,BLZ,1981,5.684,5.684,False,0.7806372357890973,0.5780374388935257
Belize,BLZ,1982,5.51,5.51,False,0.6949765967682328,0.5572910456659115
Belize,BLZ,1983,5.336,5.336,False,0.6093159577473687,0.5365446524382973
Belize,BLZ,1984,5.17,5.17,False,0.5275937389113716,0.5167521163705734
Belize,BLZ,1985,5.019,5.019,False,0.45325605792200097,0.4987480624776439
Belize,BLZ,1986,4.886,4.886,False,0.3877798223485817,0.4828901871944676
Belize,BLZ,1987,4.771,4.771,False,0.3311650321911138,0.46917849052104443
Belize,BLZ,1988,4.671,4.671,False,0.28193477988027243,0.45725527602241567
Belize,BLZ,1989,4.584,4.584,False,0.23910446036984,0.4468820794086085
Belize,BLZ,1990,4.508,4.508,False,0.20168946861360063,0.4378204363896506
Belize,BLZ,1991,4.436,4.436,False,0.16624368694979466,0.42923572195063786
Belize,BLZ,1992,4.363,4.363,False,0.13030560276288058,0.4205317753666389
Belize,BLZ,1993,4.2860000000000005,4.2860000000000005,False,0.09239830848353262,0.4113509002026947
Belize,BLZ,1994,4.2010000000000005,4.2010000000000005,False,0.050552594019317325,0.4012161678788602
Belize,BLZ,1995,4.1080000000000005,4.1080000000000005,False,0.004768459370234706,0.3901275783951354
Belize,BLZ,1996,4.008,4.008,False,-0.0444617929406071,0.3782043638965065
Belize,BLZ,1997,3.905,3.905,False,-0.09516895282077399,0.3659234529629188
Belize,BLZ,1998,3.8,3.8,False,-0.1468607177471576,0.3534040777393585
Belize,BLZ,1999,3.696,3.696,False,-0.19806018015043264,0.34100393466078455
Belize,BLZ,2000,3.594,3.594,False,-0.24827503750749116,0.32884225587218313
Belize,BLZ,2001,3.4930000000000003,3.4930000000000003,False,-0.2979975923414409,0.31679980922856804
Belize,BLZ,2002,3.395,3.395,False,-0.34624323960606573,0.30511505901991176
Belize,BLZ,2003,3.299,3.299,False,-0.39350428182447367,0.2936687731012281
Belize,BLZ,2004,3.208,3.208,False,-0.4383038114273394,0.2828186479074759
Belize,BLZ,2005,3.122,3.122,False,-0.48064182841466324,0.27256468343865503
Belize,BLZ,2006,3.043,3.043,False,-0.5195337277402279,0.2631453439847383
Belize,BLZ,2007,2.971,2.971,False,-0.5549795094040338,0.25456062954572556
Belize,BLZ,2008,2.907,2.907,False,-0.5864868708829725,0.2469297722666031
Belize,BLZ,2009,2.8510000000000004,2.8510000000000004,False,-0.6140558121770435,0.24025277214737098
Belize,BLZ,2010,2.801,2.801,False,-0.6386709383324645,0.23429116489805654
Belize,BLZ,2011,2.756,2.756,False,-0.6608245518723433,0.2289257183736735
Benin,BEN,1960,6.282,6.282,False,1.0750341446079297,0.649338261595326
Benin,BEN,1961,6.339,6.339,False,1.1030953884251093,0.6561344938595445
Benin,BEN,1962,6.394,6.394,False,1.1301720271960722,0.6626922618337904
Benin,BEN,1963,6.447,6.447,False,1.1562640609208181,0.6690115655180636
Benin,BEN,1964,6.497000000000001,6.497000000000001,False,1.1808791870762392,0.6749731727673781
Benin,BEN,1965,6.544,6.544,False,1.2040174056623343,0.6805770835817335
Benin,BEN,1966,6.587999999999999,6.587999999999999,False,1.2256787166791043,0.6858232979611302
Benin,BEN,1967,6.63,6.63,False,1.246355422649658,0.6908310480505544
Benin,BEN,1968,6.671,6.671,False,1.2665398260971032,0.6957195659949922
Benin,BEN,1969,6.71,6.71,False,1.2857396244983315,0.7003696196494574
Benin,BEN,1970,6.7479999999999976,6.7479999999999976,False,1.30444712037645,0.7049004411589361
Benin,BEN,1971,6.7860000000000005,6.7860000000000005,False,1.323154616254571,0.7094312626684154
Benin,BEN,1972,6.823,6.823,False,1.3413698096095825,0.7138428520329081
Benin,BEN,1973,6.86,6.86,False,1.359585002964594,0.7182544413974007
Benin,BEN,1974,6.896,6.896,False,1.3773078937964967,0.7225467986169071
Benin,BEN,1975,6.928999999999999,6.928999999999999,False,1.393553877059074,0.7264814594014545
Benin,BEN,1976,6.959,6.959,False,1.4083229527523267,0.7300584237510431
Benin,BEN,1977,6.984,6.984,False,1.4206305158300372,0.7330392273757004
Benin,BEN,1978,7.004,7.004,False,1.4304765662922052,0.7354238702754261
Benin,BEN,1979,7.018,7.018,False,1.4373688016157233,0.7370931203052342
Benin,BEN,1980,7.025,7.025,False,1.4408149192774824,0.7379277453201383
Benin,BEN,1981,7.025,7.025,False,1.4408149192774824,0.7379277453201383
Benin,BEN,1982,7.021,7.021,False,1.4388457091850486,0.7374508167401931
Benin,BEN,1983,7.01,7.01,False,1.433430381430856,0.7361392631453438
Benin,BEN,1984,6.994,6.994,False,1.4255535410611213,0.7342315488255633
Benin,BEN,1985,6.972,6.972,False,1.4147228855527365,0.731608441635865
Benin,BEN,1986,6.942,6.942,False,1.399953809859484,0.7280314772862764
Benin,BEN,1987,6.904,6.904,False,1.381246313981364,0.7235006557767973
Benin,BEN,1988,6.858,6.858,False,1.3586003979183767,0.718015977107428
Benin,BEN,1989,6.805,6.805,False,1.3325083641936306,0.7116966734231548
Benin,BEN,1990,6.744,6.744,False,1.3024779102840174,0.7044235125789912
Benin,BEN,1991,6.6770000000000005,6.6770000000000005,False,1.2694936412357538,0.6964349588649099
Benin,BEN,1992,6.603,6.603,False,1.2330632545257307,0.6876117801359245
Benin,BEN,1993,6.526,6.526,False,1.1951559602463828,0.6784309049719803
Benin,BEN,1994,6.4460000000000015,6.4460000000000015,False,1.1557717583977105,0.6688923333730775
Benin,BEN,1995,6.365,6.365,False,1.1158952540259282,0.6592345296291879
Benin,BEN,1996,6.284,6.284,False,1.0760187496541462,0.6495767258852986
Benin,BEN,1997,6.205,6.205,False,1.0371268503285815,0.6401573864313819
Benin,BEN,1998,6.127999999999999,6.127999999999999,False,0.9992195560492332,0.6309765112674376
Benin,BEN,1999,6.051,6.051,False,0.9613122617698857,0.6217956361034934
Benin,BEN,2000,5.975,5.975,False,0.9238972700136459,0.6127339930845355
Benin,BEN,2001,5.898,5.898,False,0.8859899757342979,0.6035531179205913
Benin,BEN,2002,5.818,5.818,False,0.8466057738856246,0.5940145463216883
Benin,BEN,2003,5.733,5.733,False,0.8047600594214094,0.5838798139978537
Benin,BEN,2004,5.645,5.645,False,0.7614374373878687,0.5733873852390603
Benin,BEN,2005,5.553,5.553,False,0.7161456052618947,0.5624180279003218
Benin,BEN,2006,5.459,5.459,False,0.6698691680897035,0.5512102062716108
Benin,BEN,2007,5.365,5.365,False,0.6235927309175128,0.5400023846428997
Benin,BEN,2008,5.273,5.273,False,0.5783008987915382,0.5290330273041611
Benin,BEN,2009,5.182,5.182,False,0.5335013691886727,0.518182902110409
Benin,BEN,2010,5.095,5.095,False,0.4906710496782403,0.5078097054966018
Benin,BEN,2011,5.01,5.01,False,0.44882533521402507,0.49767497317276727
Bermuda,BMU,1960,,1.8,False,-1.1314657639639885,0.11493978776678193
Bermuda,BMU,1961,,1.8,False,-1.1314657639639885,0.11493978776678193
Bermuda,BMU,1962,,1.8,False,-1.1314657639639885,0.11493978776678193
Bermuda,BMU,1963,,1.8,False,-1.1314657639639885,0.11493978776678193
Bermuda,BMU,1964,,1.8,False,-1.1314657639639885,0.11493978776678193
Bermuda,BMU,1965,,1.8,False,-1.1314657639639885,0.11493978776678193
Bermuda,BMU,1966,,1.8,False,-1.1314657639639885,0.11493978776678193
Bermuda,BMU,1967,,1.8,False,-1.1314657639639885,0.11493978776678193
Bermuda,BMU,1968,,1.8,False,-1.1314657639639885,0.11493978776678193
Bermuda,BMU,1969,,1.8,False,-1.1314657639639885,0.11493978776678193
Bermuda,BMU,1970,,1.8,False,-1.1314657639639885,0.11493978776678193
Bermuda,BMU,1971,,1.8,False,-1.1314657639639885,0.11493978776678193
Bermuda,BMU,1972,,1.8,False,-1.1314657639639885,0.11493978776678193
Bermuda,BMU,1973,,1.8,False,-1.1314657639639885,0.11493978776678193
Bermuda,BMU,1974,,1.8,False,-1.1314657639639885,0.11493978776678193
Bermuda,BMU,1975,,1.8,False,-1.1314657639639885,0.11493978776678193
Bermuda,BMU,1976,,1.8,False,-1.1314657639639885,0.11493978776678193
Bermuda,BMU,1977,,1.8,False,-1.1314657639639885,0.11493978776678193
Bermuda,BMU,1978,,1.8,False,-1.1314657639639885,0.11493978776678193
Bermuda,BMU,1979,,1.8,False,-1.1314657639639885,0.11493978776678193
Bermuda,BMU,1980,,1.8,False,-1.1314657639639885,0.11493978776678193
Bermuda,BMU,1981,,1.8,False,-1.1314657639639885,0.11493978776678193
Bermuda,BMU,1982,,1.8,False,-1.1314657639639885,0.11493978776678193
Bermuda,BMU,1983,,1.8,False,-1.1314657639639885,0.11493978776678193
Bermuda,BMU,1984,,1.8,False,-1.1314657639639885,0.11493978776678193
Bermuda,BMU,1985,,1.8,False,-1.1314657639639885,0.11493978776678193
Bermuda,BMU,1986,,1.8,False,-1.1314657639639885,0.11493978776678193
Bermuda,BMU,1987,,1.8,False,-1.1314657639639885,0.11493978776678193
Bermuda,BMU,1988,,1.8,False,-1.1314657639639885,0.11493978776678193
Bermuda,BMU,1989,,1.8,False,-1.1314657639639885,0.11493978776678193
Bermuda,BMU,1990,,1.8,False,-1.1314657639639885,0.11493978776678193
Bermuda,BMU,1991,,1.8,False,-1.1314657639639885,0.11493978776678193
Bermuda,BMU,1992,,1.8,False,-1.1314657639639885,0.11493978776678193
Bermuda,BMU,1993,,1.8,False,-1.1314657639639885,0.11493978776678193
Bermuda,BMU,1994,,1.8,False,-1.1314657639639885,0.11493978776678193
Bermuda,BMU,1995,1.8,1.8,False,-1.1314657639639885,0.11493978776678193
Bermuda,BMU,1996,,1.788,False,-1.1373733942412891,0.11350900202694647
Bermuda,BMU,1997,,1.776,False,-1.1432810245185905,0.11207821628711101
Bermuda,BMU,1998,,1.764,False,-1.1491886547958912,0.11064743054727555
Bermuda,BMU,1999,,1.752,False,-1.1550962850731925,0.10921664480744009
Bermuda,BMU,2000,1.74,1.74,False,-1.1610039153504932,0.10778585906760463
Bermuda,BMU,2001,,1.7424,False,-1.159822389295033,0.1080720162155717
Bermuda,BMU,2002,,1.7448,False,-1.158640863239573,0.1083581733635388
Bermuda,BMU,2003,,1.7471999999999999,False,-1.1574593371841129,0.10864433051150589
Bermuda,BMU,2004,,1.7495999999999998,False,-1.1562778111286525,0.10893048765947297
Bermuda,BMU,2005,1.7519999999999998,1.7519999999999998,False,-1.1550962850731925,0.10921664480744006
Bermuda,BMU,2006,1.754,1.754,False,-1.1541116800269755,0.10945510909741266
Bermuda,BMU,2007,1.757,1.757,False,-1.1526347724576504,0.10981280553237151
Bermuda,BMU,2008,1.759,1.759,False,-1.1516501674114334,0.11005126982234409
Bermuda,BMU,2009,1.7619999999999998,1.7619999999999998,False,-1.1501732598421084,0.11040896625730294
Bermuda,BMU,2010,1.764,1.764,False,-1.1491886547958912,0.11064743054727555
Bermuda,BMU,2011,1.764,1.764,False,-1.1491886547958912,0.11064743054727555
Bhutan,BTN,1960,6.67,6.67,False,1.2660475235739947,0.6956003338500059
Bhutan,BTN,1961,6.67,6.67,False,1.2660475235739947,0.6956003338500059
Bhutan,BTN,1962,6.67,6.67,False,1.2660475235739947,0.6956003338500059
Bhutan,BTN,1963,6.67,6.67,False,1.2660475235739947,0.6956003338500059
Bhutan,BTN,1964,6.67,6.67,False,1.2660475235739947,0.6956003338500059
Bhutan,BTN,1965,6.67,6.67,False,1.2660475235739947,0.6956003338500059
Bhutan,BTN,1966,6.67,6.67,False,1.2660475235739947,0.6956003338500059
Bhutan,BTN,1967,6.67,6.67,False,1.2660475235739947,0.6956003338500059
Bhutan,BTN,1968,6.67,6.67,False,1.2660475235739947,0.6956003338500059
Bhutan,BTN,1969,6.67,6.67,False,1.2660475235739947,0.6956003338500059
Bhutan,BTN,1970,6.671,6.671,False,1.2665398260971032,0.6957195659949922
Bhutan,BTN,1971,6.674,6.674,False,1.2680167336664285,0.696077262429951
Bhutan,BTN,1972,6.678999999999999,6.678999999999999,False,1.2704782462819701,0.6966734231548825
Bhutan,BTN,1973,6.685,6.685,False,1.2734320614206207,0.6973888160248002
Bhutan,BTN,1974,6.69,6.69,False,1.2758935740361632,0.6979849767497317
Bhutan,BTN,1975,6.692,6.692,False,1.27687817908238,0.6982234410397042
Bhutan,BTN,1976,6.685,6.685,False,1.2734320614206207,0.6973888160248002
Bhutan,BTN,1977,6.6679999999999975,6.6679999999999975,False,1.2650629185277766,0.695361869560033
Bhutan,BTN,1978,6.64,6.64,False,1.2512784478807422,0.6920233695004172
Bhutan,BTN,1979,6.601,6.601,False,1.2320786494795142,0.687373315845952
Bhutan,BTN,1980,6.553,6.553,False,1.2084481283703101,0.6816501728866101
Bhutan,BTN,1981,6.504,6.504,False,1.1843253047379976,0.675807797782282
Bhutan,BTN,1982,6.456,6.456,False,1.160694783628794,0.6700846548229402
Bhutan,BTN,1983,6.41,6.41,False,1.138048867565807,0.6645999761535709
Bhutan,BTN,1984,6.362,6.362,False,1.1144183464566029,0.6588768331942291
Bhutan,BTN,1985,6.306,6.306,False,1.0868494051625315,0.652199833074997
Bhutan,BTN,1986,6.23,6.23,False,1.0494344134062923,0.6431381900560391
Bhutan,BTN,1987,6.127000000000002,6.127000000000002,False,0.9987272535261259,0.6308572791224515
Bhutan,BTN,1988,5.994,5.994,False,0.9332510179527058,0.614999403839275
Bhutan,BTN,1989,5.829,5.829,False,0.8520211016398173,0.5953260999165374
Bhutan,BTN,1990,5.638999999999999,5.638999999999999,False,0.7584836222492182,0.5726719923691426
Bhutan,BTN,1991,5.431,5.431,False,0.6560846974426681,0.5478717062119947
Bhutan,BTN,1992,5.216,5.216,False,0.5502396549743588,0.5222367950399427
Bhutan,BTN,1993,5.003,5.003,False,0.4453792175522663,0.4968403481578633
Bhutan,BTN,1994,4.796,4.796,False,0.3434725952688244,0.4721592941457017
Bhutan,BTN,1995,4.597,4.597,False,0.2455043931702498,0.44843209729343037
Bhutan,BTN,1996,4.401,4.401,False,0.14901309864100007,0.42506259687611775
Bhutan,BTN,1997,4.205,4.205,False,0.052521804111750774,0.4016930964588053
Bhutan,BTN,1998,4.006,4.006,False,-0.045446397986823824,0.37796589960653393
Bhutan,BTN,1999,3.806,3.806,False,-0.143906902608507,0.3541194706092763
Bhutan,BTN,2000,3.608,3.608,False,-0.24138280218397323,0.3305115059019912
Bhutan,BTN,2001,3.417,3.417,False,-0.3354125840976807,0.3077381662096101
Bhutan,BTN,2002,3.237,3.237,False,-0.42402703825719534,0.28627638011207823
Bhutan,BTN,2003,3.071,3.071,False,-0.5057492570931923,0.2664838440443544
Bhutan,BTN,2004,2.923,2.923,False,-0.5786100305132378,0.2488374865863837
Bhutan,BTN,2005,2.793,2.793,False,-0.6426093585173318,0.23333730773816624
Bhutan,BTN,2006,2.682,2.682,False,-0.697254938582366,0.2201025396446882
Bhutan,BTN,2007,2.587,2.587,False,-0.7440236782776654,0.20877548587099085
Bhutan,BTN,2008,2.506,2.506,False,-0.7839001826494472,0.19911768212710146
Bhutan,BTN,2009,2.436,2.436,False,-0.8183613592670361,0.1907714319780613
Bhutan,BTN,2010,2.375,2.375,False,-0.8483918131766495,0.18349827113389772
Bhutan,BTN,2011,2.322,2.322,False,-0.8744838469013955,0.17717896744962444
Bolivia,BOL,1960,6.6960000000000015,6.6960000000000015,False,1.2788473891748142,0.6987003696196495
Bolivia,BOL,1961,6.6720000000000015,6.6720000000000015,False,1.2670321286202124,0.6958387981399786
Bolivia,BOL,1962,6.648,6.648,False,1.2552168680656095,0.6929772266603075
Bolivia,BOL,1963,6.627000000000002,6.627000000000002,False,1.2448785150803336,0.6904733516155956
Bolivia,BOL,1964,6.607,6.607,False,1.2350324646181647,0.6880887087158698
Bolivia,BOL,1965,6.593,6.593,False,1.2281402292946468,0.6864194586860617
Bolivia,BOL,1966,6.586,6.586,False,1.224694111632888,0.6855848336711577
Bolivia,BOL,1967,6.585,6.585,False,1.2242018091097795,0.6854656015261714
Bolivia,BOL,1968,6.5870000000000015,6.5870000000000015,False,1.225186414155997,0.6857040658161442
Bolivia,BOL,1969,6.5870000000000015,6.5870000000000015,False,1.225186414155997,0.6857040658161442
Bolivia,BOL,1970,6.577999999999999,6.577999999999999,False,1.2207556914480202,0.6846309765112673
Bolivia,BOL,1971,6.549,6.549,False,1.2064789182778768,0.681173244306665
Bolivia,BOL,1972,6.496,6.496,False,1.1803868845531307,0.6748539406223918
Bolivia,BOL,1973,6.415,6.415,False,1.1405103801813488,0.6651961368785024
Bolivia,BOL,1974,6.31,6.31,False,1.088818615254965,0.652676761654942
Bolivia,BOL,1975,6.183,6.183,False,1.0262961948201963,0.6375342792416835
Bolivia,BOL,1976,6.0429999999999975,6.0429999999999975,False,0.957373841585017,0.6208417789436028
Bolivia,BOL,1977,5.899,5.899,False,0.8864822782574064,0.6036723500655776
Bolivia,BOL,1978,5.761,5.761,False,0.8185445300684452,0.5872183140574698
Bolivia,BOL,1979,5.634,5.634,False,0.7560221096336766,0.5720758316442113
Bolivia,BOL,1980,5.521,5.521,False,0.7003919245224254,0.5586025992607606
Bolivia,BOL,1981,5.422999999999999,5.422999999999999,False,0.6521462772578003,0.5469178490521043
Bolivia,BOL,1982,5.3370000000000015,5.3370000000000015,False,0.6098082602704777,0.5366638845832837
Bolivia,BOL,1983,5.259,5.259,False,0.5714086634680208,0.5273637772743531
Bolivia,BOL,1984,5.189,5.189,False,0.5369474868504316,0.5190175271253129
Bolivia,BOL,1985,5.127000000000002,5.127000000000002,False,0.5064247304177105,0.5116251341361633
Bolivia,BOL,1986,5.074,5.074,False,0.4803326966929637,0.5053058304518897
Bolivia,BOL,1987,5.029,5.029,False,0.45817908315308503,0.4999403839275068
Bolivia,BOL,1988,4.989,4.989,False,0.4384869822287484,0.49517109812805526
Bolivia,BOL,1989,4.952,4.952,False,0.42027178887373706,0.4907595087635626
Bolivia,BOL,1990,4.913,4.913,False,0.40107199047250897,0.48610945510909737
Bolivia,BOL,1991,4.8660000000000005,4.8660000000000005,False,0.3779337718864136,0.48050554429474185
Bolivia,BOL,1992,4.81,4.81,False,0.35036483059234186,0.4738285441755097
Bolivia,BOL,1993,4.742,4.742,False,0.31688825902096984,0.4657207583164421
Bolivia,BOL,1994,4.663,4.663,False,0.27799635969540515,0.45630141886252534
Bolivia,BOL,1995,4.575,4.575,False,0.23467373766186453,0.445808990103732
Bolivia,BOL,1996,4.482,4.482,False,0.1888896030127819,0.43472040062000716
Bolivia,BOL,1997,4.39,4.39,False,0.14359777088680742,0.4237510432812686
Bolivia,BOL,1998,4.302,4.302,False,0.10027514885326684,0.4132586145224752
Bolivia,BOL,1999,4.218999999999999,4.218999999999999,False,0.05941403943526827,0.40336234648861324
Bolivia,BOL,2000,4.14,4.14,False,0.020522140109703577,0.39394300703469654
Bolivia,BOL,2001,4.062,4.062,False,-0.017877456692752532,0.3846428997257661
Bolivia,BOL,2002,3.982,3.982,False,-0.0572616585414258,0.375104328126863
Bolivia,BOL,2003,3.897,3.897,False,-0.09910737300564132,0.36496959580302846
Bolivia,BOL,2004,3.809,3.809,False,-0.1424299950391817,0.35447716704423515
Bolivia,BOL,2005,3.72,3.72,False,-0.18624491959583064,0.34386550614045547
Bolivia,BOL,2006,3.633,3.633,False,-0.22907523910626287,0.3334923095266484
Bolivia,BOL,2007,3.551,3.551,False,-0.26944404600115285,0.32371527363777275
Bolivia,BOL,2008,3.477,3.477,False,-0.30587443271117576,0.3148920949087874
Bolivia,BOL,2009,3.4130000000000003,3.4130000000000003,False,-0.33738179419011416,0.307261237629665
Bolivia,BOL,2010,3.357,3.357,False,-0.36495073548418544,0.30058423751043284
Bolivia,BOL,2011,3.3080000000000003,3.3080000000000003,False,-0.38907355911649777,0.2947418624061047
Bosnia and Herzegovina,BIH,1960,4.052,4.052,False,-0.02280048192383702,0.3834505782759031
Bosnia and Herzegovina,BIH,1961,3.954,3.954,False,-0.07104612918846144,0.37176582806724695
Bosnia and Herzegovina,BIH,1962,3.849,3.849,False,-0.12273789411484506,0.35924645284368667
Bosnia and Herzegovina,BIH,1963,3.737,3.737,False,-0.17787577670298763,0.3458924526052224
Bosnia and Herzegovina,BIH,1964,3.619,3.619,False,-0.2359674744297806,0.3318230594968404
Bosnia and Herzegovina,BIH,1965,3.495,3.495,False,-0.2970129872952242,0.31703827351854064
Bosnia and Herzegovina,BIH,1966,3.367,3.367,False,-0.3600277102531014,0.3017765589602957
Bosnia and Herzegovina,BIH,1967,3.239,3.239,False,-0.4230424332109786,0.2865148444020508
Bosnia and Herzegovina,BIH,1968,3.114,3.114,False,-0.4845802485995305,0.27161082627876476
Bosnia and Herzegovina,BIH,1969,2.994,2.994,False,-0.5436565513725402,0.2573029688804102
Bosnia and Herzegovina,BIH,1970,2.881,2.881,False,-0.5992867364837914,0.24382973649695955
Bosnia and Herzegovina,BIH,1971,2.775,2.775,False,-0.6514708039332834,0.23119112912841303
Bosnia and Herzegovina,BIH,1972,2.675,2.675,False,-0.7007010562441249,0.21926791462978418
Bosnia and Herzegovina,BIH,1973,2.5810000000000004,2.5810000000000004,False,-0.7469774934163157,0.20806009300107314
Bosnia and Herzegovina,BIH,1974,2.4930000000000003,2.4930000000000003,False,-0.7903001154498563,0.19756766424227976
Bosnia and Herzegovina,BIH,1975,2.412,2.412,False,-0.8301766198216382,0.18790986049839037
Bosnia and Herzegovina,BIH,1976,2.336,2.336,False,-0.8675916115778778,0.17884821747943244
Bosnia and Herzegovina,BIH,1977,2.267,2.267,False,-0.9015604856723584,0.17062119947537857
Bosnia and Herzegovina,BIH,1978,2.202,2.202,False,-0.9335601496744054,0.16287111005126984
Bosnia and Herzegovina,BIH,1979,2.144,2.144,False,-0.9621136960146934,0.15595564564206513
Bosnia and Herzegovina,BIH,1980,2.092,2.092,False,-0.987713427216331,0.14975557410277812
Bosnia and Herzegovina,BIH,1981,2.05,2.05,False,-1.0083901331868845,0.14474782401335398
Bosnia and Herzegovina,BIH,1982,2.017,2.017,False,-1.0246361164494622,0.1408131632288065
Bosnia and Herzegovina,BIH,1983,1.992,1.992,False,-1.0369436795271727,0.1378323596041493
Bosnia and Herzegovina,BIH,1984,1.973,1.973,False,-1.0462974274662327,0.13556694884940979
Bosnia and Herzegovina,BIH,1985,1.953,1.953,False,-1.0561434779284007,0.13318230594968403
Bosnia and Herzegovina,BIH,1986,1.925,1.925,False,-1.0699279485754365,0.12984380589006794
Bosnia and Herzegovina,BIH,1987,1.887,1.887,False,-1.0886354444535562,0.12531298438058902
Bosnia and Herzegovina,BIH,1988,1.836,1.836,False,-1.1137428731320853,0.1192321449862883
Bosnia and Herzegovina,BIH,1989,1.775,1.775,False,-1.1437733270416988,0.1119589841421247
Bosnia and Herzegovina,BIH,1990,1.7080000000000002,1.7080000000000002,False,-1.1767575960899626,0.10397043042804342
Bosnia and Herzegovina,BIH,1991,1.645,1.645,False,-1.2077726550457928,0.09645880529390724
Bosnia and Herzegovina,BIH,1992,1.594,1.594,False,-1.232880083724322,0.09037796589960655
Bosnia and Herzegovina,BIH,1993,1.558,1.558,False,-1.250602974556225,0.08608560868010016
Bosnia and Herzegovina,BIH,1994,1.538,1.538,False,-1.260449025018393,0.08370096578037439
Bosnia and Herzegovina,BIH,1995,1.528,1.528,False,-1.2653720502494774,0.08250864433051151
Bosnia and Herzegovina,BIH,1996,1.519,1.519,False,-1.269802772957453,0.0814355550256349
Bosnia and Herzegovina,BIH,1997,1.503,1.503,False,-1.2776796133271877,0.07952784070585428
Bosnia and Herzegovina,BIH,1998,1.474,1.474,False,-1.2919563864973318,0.07607010850125194
Bosnia and Herzegovina,BIH,1999,1.433,1.433,False,-1.312140789944777,0.07118159055681413
Bosnia and Herzegovina,BIH,2000,1.381,1.381,False,-1.3377405211464144,0.06498151901752712
Bosnia and Herzegovina,BIH,2001,1.325,1.325,False,-1.3653094624404856,0.05830451889829497
Bosnia and Herzegovina,BIH,2002,1.275,1.275,False,-1.3899245885959064,0.052342911648980556
Bosnia and Herzegovina,BIH,2003,1.236,1.236,False,-1.4091243869971348,0.04769285799451532
Bosnia and Herzegovina,BIH,2004,1.21,1.21,False,-1.4219242525979534,0.04459282222487182
Bosnia and Herzegovina,BIH,2005,1.199,1.199,False,-1.427339580352146,0.043281268630022664
Bosnia and Herzegovina,BIH,2006,1.199,1.199,False,-1.427339580352146,0.043281268630022664
Bosnia and Herzegovina,BIH,2007,1.207,1.207,False,-1.4234011601672787,0.04423512578991297
Bosnia and Herzegovina,BIH,2008,1.218,1.218,False,-1.417985832413086,0.04554667938476213
Bosnia and Herzegovina,BIH,2009,1.23,1.23,False,-1.4120782021357852,0.04697746512459759
Bosnia and Herzegovina,BIH,2010,1.242,1.242,False,-1.4061705718584843,0.04840825086443305
Bosnia and Herzegovina,BIH,2011,1.255,1.255,False,-1.3997706390580749,0.04995826874925479
Botswana,BWA,1960,6.615,6.615,False,1.238970884803032,0.6890425658757601
Botswana,BWA,1961,6.6320000000000014,6.6320000000000014,False,1.2473400276958757,0.6910695123405272
Botswana,BWA,1962,6.649,6.649,False,1.255709170588718,0.6930964588052938
Botswana,BWA,1963,6.666,6.666,False,1.2640783134815612,0.6951234052700608
Botswana,BWA,1964,6.681,6.681,False,1.2714628513281874,0.6969118874448551
Botswana,BWA,1965,6.693,6.693,False,1.277370481605488,0.6983426731846905
Botswana,BWA,1966,6.698,6.698,False,1.2798319942210306,0.698938833909622
Botswana,BWA,1967,6.6960000000000015,6.6960000000000015,False,1.2788473891748142,0.6987003696196495
Botswana,BWA,1968,6.686,6.686,False,1.2739243639437294,0.6975080481697865
Botswana,BWA,1969,6.6670000000000025,6.6670000000000025,False,1.2645706160046708,0.6952426374150473
Botswana,BWA,1970,6.641,6.641,False,1.2517707504038507,0.6921426016454035
Botswana,BWA,1971,6.6110000000000015,6.6110000000000015,False,1.237001674710599,0.6885656372958151
Botswana,BWA,1972,6.579,6.579,False,1.221247993971129,0.6847502086562536
Botswana,BWA,1973,6.546,6.546,False,1.2050020107085513,0.6808155478717062
Botswana,BWA,1974,6.5120000000000005,6.5120000000000005,False,1.1882637249228654,0.6767616549421724
Botswana,BWA,1975,6.477,6.477,False,1.1710331366140707,0.6725885298676523
Botswana,BWA,1976,6.44,6.44,False,1.1528179432590595,0.6681769405031597
Botswana,BWA,1977,6.399,6.399,False,1.1326335398116143,0.6632884225587218
Botswana,BWA,1978,6.35,6.35,False,1.1085107161793017,0.6574460474543936
Botswana,BWA,1979,6.291,6.291,False,1.0794648673159055,0.6504113509002026
Botswana,BWA,1980,6.2170000000000005,6.2170000000000005,False,1.0430344806058829,0.6415881721712173
Botswana,BWA,1981,6.125,6.125,False,0.9977426484799083,0.6306188148324787
Botswana,BWA,1982,6.0120000000000005,6.0120000000000005,False,0.9421124633686576,0.6171455824490283
Botswana,BWA,1983,5.88,5.88,False,0.8771285303183465,0.6014069393108381
Botswana,BWA,1984,5.731,5.731,False,0.8037754543751926,0.5836413497078812
Botswana,BWA,1985,5.567,5.567,False,0.7230378405854127,0.5640872779301299
Botswana,BWA,1986,5.393,5.393,False,0.6373772015645481,0.5433408847025157
Botswana,BWA,1987,5.214,5.214,False,0.5492550499281421,0.5219983307499702
Botswana,BWA,1988,5.0360000000000005,5.0360000000000005,False,0.4616252008148442,0.5007750089424109
Botswana,BWA,1989,4.863,4.863,False,0.3764568643170883,0.480147847859783
Botswana,BWA,1990,4.698,4.698,False,0.29522694800419974,0.46047454393704546
Botswana,BWA,1991,4.542,4.542,False,0.21842775439928663,0.4418743293191844
Botswana,BWA,1992,4.394,4.394,False,0.1455669809792413,0.4242279718612138
Botswana,BWA,1993,4.252,4.252,False,0.07566002269784615,0.4072970072731608
Botswana,BWA,1994,4.117,4.117,False,0.009199182078210175,0.39120066770001194
Botswana,BWA,1995,3.989,3.989,False,-0.053815540879667056,0.375938953141767
Botswana,BWA,1996,3.866,3.866,False,-0.11436875122200205,0.3612733993084536
Botswana,BWA,1997,3.746,3.746,False,-0.17344505399501195,0.346965541910099
Botswana,BWA,1998,3.631,3.631,False,-0.23005984415247982,0.3332538452366758
Botswana,BWA,1999,3.519,3.519,False,-0.28519772674062216,0.31989984499821156
Botswana,BWA,2000,3.4130000000000003,3.4130000000000003,False,-0.33738179419011416,0.307261237629665
Botswana,BWA,2001,3.3160000000000003,3.3160000000000003,False,-0.3851351389316304,0.29569571956599505
Botswana,BWA,2002,3.227,3.227,False,-0.42895006348827963,0.2850840586622153
Botswana,BWA,2003,3.148,3.148,False,-0.4678419628138443,0.2756647192082986
Botswana,BWA,2004,3.079,3.079,False,-0.501810836908325,0.2674377012042447
Botswana,BWA,2005,3.017,3.017,False,-0.5323335933410468,0.2600453082150948
Botswana,BWA,2006,2.962,2.962,False,-0.5594102321120096,0.25348754024084896
Botswana,BWA,2007,2.91,2.91,False,-0.5850099633136472,0.24728746870156196
Botswana,BWA,2008,2.86,2.86,False,-0.6096250894690681,0.24132586145224752
Botswana,BWA,2009,2.8110000000000004,2.8110000000000004,False,-0.6337479131013801,0.23548348634791946
Botswana,BWA,2010,2.761,2.761,False,-0.6583630392568011,0.229521879098605
Botswana,BWA,2011,2.712,2.712,False,-0.6824858628891134,0.22367950399427688
Brazil,BRA,1960,6.21,6.21,False,1.0395883629441236,0.6407535471563133
Brazil,BRA,1961,6.19,6.19,False,1.0297423124819556,0.6383689042565875
Brazil,BRA,1962,6.143,6.143,False,1.0066040938958598,0.6327649934422319
Brazil,BRA,1963,6.063,6.063,False,0.9672198920471865,0.6232264218433289
Brazil,BRA,1964,5.952999999999999,5.952999999999999,False,0.9130666145052606,0.6101108858948371
Brazil,BRA,1965,5.815,5.815,False,0.8451288663162998,0.5936568498867294
Brazil,BRA,1966,5.658,5.658,False,0.7678373701882786,0.5749374031238822
Brazil,BRA,1967,5.4910000000000005,5.4910000000000005,False,0.6856228488291732,0.5550256349111721
Brazil,BRA,1968,5.3260000000000005,5.3260000000000005,False,0.6043929325162847,0.5353523309884345
Brazil,BRA,1969,5.167999999999998,5.167999999999998,False,0.526609133865154,0.5165136520806006
Brazil,BRA,1970,5.024,5.024,False,0.45571757053754297,0.4993442232025754
Brazil,BRA,1971,4.896,4.896,False,0.3927028475796657,0.48408250864433044
Brazil,BRA,1972,4.782,4.782,False,0.33658035994530644,0.4704900441158936
Brazil,BRA,1973,4.678999999999999,4.678999999999999,False,0.28587320006513933,0.4582091331823059
Brazil,BRA,1974,4.585,4.585,False,0.23959676289294857,0.44700131155359485
Brazil,BRA,1975,4.499,4.499,False,0.1972587459056247,0.43674734708477403
Brazil,BRA,1976,4.418,4.418,False,0.15738224153384328,0.4270895433408847
Brazil,BRA,1977,4.339,4.339,False,0.1184903422082786,0.41767020388696796
Brazil,BRA,1978,4.256,4.256,False,0.07762923279028003,0.407773935853106
Brazil,BRA,1979,4.169,4.169,False,0.03479891327984758,0.39740073923929886
Brazil,BRA,1980,4.073,4.073,False,-0.012462128938559905,0.3859544533206153
Brazil,BRA,1981,3.966,3.966,False,-0.06513849891116046,0.3731966138070824
Brazil,BRA,1982,3.848,3.848,False,-0.12323019663795363,0.35912722069870034
Brazil,BRA,1983,3.721,3.721,False,-0.18575261707272228,0.34398473828544174
Brazil,BRA,1984,3.587,3.587,False,-0.2517211551692499,0.32800763085727913
Brazil,BRA,1985,3.449,3.449,False,-0.3196589033582114,0.31155359484917133
Brazil,BRA,1986,3.3080000000000003,3.3080000000000003,False,-0.38907355911649777,0.2947418624061047
Brazil,BRA,1987,3.17,3.17,False,-0.45701130730545925,0.2782878263979969
Brazil,BRA,1988,3.039,3.039,False,-0.5215029378326616,0.26266841540479313
Brazil,BRA,1989,2.917,2.917,False,-0.5815638456518885,0.24812209371646593
Brazil,BRA,1990,2.809,2.809,False,-0.6347325181475971,0.23524502205794684
Brazil,BRA,1991,2.717,2.717,False,-0.6800243502735713,0.22427566471920832
Brazil,BRA,1992,2.643,2.643,False,-0.7164547369835943,0.21545248599022296
Brazil,BRA,1993,2.583,2.583,False,-0.745992888370099,0.20829855729104568
Brazil,BRA,1994,2.537,2.537,False,-0.7686388044330862,0.2028138786216764
Brazil,BRA,1995,2.502,2.502,False,-0.7858693927418808,0.1986407535471563
Brazil,BRA,1996,2.474,2.474,False,-0.7996538633889163,0.19530225348754027
Brazil,BRA,1997,2.451,2.451,False,-0.8109768214204098,0.19255991415285562
Brazil,BRA,1998,2.427,2.427,False,-0.8227920819750119,0.1896983426731847
Brazil,BRA,1999,2.399,2.399,False,-0.8365765526220476,0.18635984261356864
Brazil,BRA,2000,2.364,2.364,False,-0.8538071409308421,0.18218671753904853
Brazil,BRA,2001,2.318,2.318,False,-0.8764530569938291,0.17670203886967928
Brazil,BRA,2002,2.264,2.264,False,-0.9030373932416838,0.17026350304041968
Brazil,BRA,2003,2.202,2.202,False,-0.9335601496744054,0.16287111005126984
Brazil,BRA,2004,2.135,2.135,False,-0.9665444187226693,0.15488255633718848
Brazil,BRA,2005,2.066,2.066,False,-1.0005132928171498,0.1466555383331346
Brazil,BRA,2006,2.001,2.001,False,-1.0325129568191969,0.13890544890902587
Brazil,BRA,2007,1.944,1.944,False,-1.0605742006363765,0.13210921664480743
Brazil,BRA,2008,1.897,1.897,False,-1.0837124192224719,0.1265053058304519
Brazil,BRA,2009,1.862,1.862,False,-1.1009430075312665,0.12233218075593182
Brazil,BRA,2010,1.838,1.838,False,-1.1127582680858685,0.1194706092762609
Brazil,BRA,2011,1.822,1.822,False,-1.1206351084556032,0.11756289495648027
Brunei Darussalam,BRN,1960,6.487,6.487,False,1.1759561618451548,0.6737808513175152
Brunei Darussalam,BRN,1961,6.487,6.487,False,1.1759561618451548,0.6737808513175152
Brunei Darussalam,BRN,1962,6.448,6.448,False,1.1567563634439266,0.66913079766305
Brunei Darussalam,BRN,1963,6.36,6.36,False,1.113433741410386,0.6586383689042565
Brunei Darussalam,BRN,1964,6.227,6.227,False,1.0479575058369668,0.6427804936210803
Brunei Darussalam,BRN,1965,6.068,6.068,False,0.9696814046627285,0.6238225825682603
Brunei Darussalam,BRN,1966,5.9179999999999975,5.9179999999999975,False,0.8958360261964651,0.6059377608203168
Brunei Darussalam,BRN,1967,5.803999999999999,5.803999999999999,False,0.8397135385621067,0.5923452962918802
Brunei Darussalam,BRN,1968,5.742000000000001,5.742000000000001,False,0.8091907821293857,0.5849529033027304
Brunei Darussalam,BRN,1969,5.731,5.731,False,0.8037754543751926,0.5836413497078812
Brunei Darussalam,BRN,1970,5.751,5.751,False,0.8136215048373612,0.586025992607607
Brunei Darussalam,BRN,1971,5.771,5.771,False,0.8234675552995292,0.5884106355073327
Brunei Darussalam,BRN,1972,5.757999999999999,5.757999999999999,False,0.8170676224991195,0.5868606176225108
Brunei Darussalam,BRN,1973,5.687,5.687,False,0.7821141433584226,0.5783951353284845
Brunei Darussalam,BRN,1974,5.555,5.555,False,0.7171302103081114,0.5626564921902945
Brunei Darussalam,BRN,1975,5.365,5.365,False,0.6235927309175128,0.5400023846428997
Brunei Darussalam,BRN,1976,5.1320000000000014,5.1320000000000014,False,0.5088862430332526,0.5122212948610947
Brunei Darussalam,BRN,1977,4.884,4.884,False,0.386795217302365,0.48265172290449504
Brunei Darussalam,BRN,1978,4.645,4.645,False,0.2691349142794533,0.4541552402527721
Brunei Darussalam,BRN,1979,4.428999999999999,4.428999999999999,False,0.1627975692880355,0.4284010969357338
Brunei Darussalam,BRN,1980,4.246,4.246,False,0.07270620755919599,0.40658161440324314
Brunei Darussalam,BRN,1981,4.103,4.103,False,0.002306946754692244,0.38953141767020383
Brunei Darussalam,BRN,1982,3.992,3.992,False,-0.052338633310341755,0.3762966495767259
Brunei Darussalam,BRN,1983,3.906,3.906,False,-0.09467665029766541,0.3660426851079051
Brunei Darussalam,BRN,1984,3.843,3.843,False,-0.12569170925349565,0.35853105997376894
Brunei Darussalam,BRN,1985,3.794,3.794,False,-0.14981453288580798,0.3526886848694408
Brunei Darussalam,BRN,1986,3.755,3.755,False,-0.16901433128703625,0.3480386312149755
Brunei Darussalam,BRN,1987,3.715,3.715,False,-0.1887064322113729,0.343269345415524
Brunei Darussalam,BRN,1988,3.668,3.668,False,-0.21184465079746828,0.3376654346011685
Brunei Darussalam,BRN,1989,3.608,3.608,False,-0.24138280218397323,0.3305115059019912
Brunei Darussalam,BRN,1990,3.532,3.532,False,-0.2787977939402128,0.3214498628830333
Brunei Darussalam,BRN,1991,3.435,3.435,False,-0.32655113868172914,0.30988434481936333
Brunei Darussalam,BRN,1992,3.321,3.321,False,-0.3826736263160884,0.29629188029092646
Brunei Darussalam,BRN,1993,3.197,3.197,False,-0.443719139181532,0.2815070943126267
Brunei Darussalam,BRN,1994,3.064,3.064,False,-0.5091953747549512,0.2656492190294503
Brunei Darussalam,BRN,1995,2.929,2.929,False,-0.5756562153745874,0.2495528794563014
Brunei Darussalam,BRN,1996,2.798,2.798,False,-0.6401478459017897,0.23393346846309765
Brunei Darussalam,BRN,1997,2.677,2.677,False,-0.699716451197908,0.21950637891975677
Brunei Darussalam,BRN,1998,2.569,2.569,False,-0.7528851236936169,0.20662930726123763
Brunei Darussalam,BRN,1999,2.477,2.477,False,-0.7981769558195911,0.1956599499224991
Brunei Darussalam,BRN,2000,2.401,2.401,False,-0.8355919475758308,0.18659830690354118
Brunei Darussalam,BRN,2001,2.341,2.341,False,-0.8651300989623355,0.17944437820436393
Brunei Darussalam,BRN,2002,2.292,2.292,False,-0.889252922594648,0.17360200310003576
Brunei Darussalam,BRN,2003,2.249,2.249,False,-0.9104219310883098,0.1684750208656254
Brunei Darussalam,BRN,2004,2.211,2.211,False,-0.9291294269664296,0.1639441993561464
Brunei Darussalam,BRN,2005,2.177,2.177,False,-0.9458677127521157,0.15989030642661262
Brunei Darussalam,BRN,2006,2.147,2.147,False,-0.9606367884453683,0.15631334207702394
Brunei Darussalam,BRN,2007,2.119,2.119,False,-0.9744212590924037,0.15297484201740794
Brunei Darussalam,BRN,2008,2.095,2.095,False,-0.9862365196470058,0.15011327053773701
Brunei Darussalam,BRN,2009,2.072,2.072,False,-0.9975594776784993,0.14737093120305236
Brunei Darussalam,BRN,2010,2.051,2.051,False,-1.007897830663776,0.1448670561583403
Brunei Darussalam,BRN,2011,2.031,2.031,False,-1.0177438811259443,0.14248241325861455
Bulgaria,BGR,1960,2.3080000000000003,2.3080000000000003,False,-0.8813760822249131,0.1755097174198164
Bulgaria,BGR,1961,2.29,2.29,False,-0.8902375276408648,0.1733635388100632
Bulgaria,BGR,1962,2.24,2.24,False,-0.9148526537962854,0.1674019315607488
Bulgaria,BGR,1963,2.21,2.21,False,-0.929621729489538,0.16382496721116013
Bulgaria,BGR,1964,2.19,2.19,False,-0.9394677799517064,0.16144032431143437
Bulgaria,BGR,1965,2.09,2.09,False,-0.9886980322625479,0.14951710981280553
Bulgaria,BGR,1966,2.03,2.03,False,-1.018236183649053,0.14236318111362822
Bulgaria,BGR,1967,2.02,2.02,False,-1.023159208880137,0.14117085966376536
Bulgaria,BGR,1968,2.27,2.27,False,-0.9000835781030331,0.17097889591033744
Bulgaria,BGR,1969,2.27,2.27,False,-0.9000835781030331,0.17097889591033744
Bulgaria,BGR,1970,2.17,2.17,False,-0.9493138304138747,0.1590556814117086
Bulgaria,BGR,1971,2.1,2.1,False,-0.9837750070314637,0.15070943126266845
Bulgaria,BGR,1972,2.03,2.03,False,-1.018236183649053,0.14236318111362822
Bulgaria,BGR,1973,2.15,2.15,False,-0.959159880876043,0.15667103851198283
Bulgaria,BGR,1974,2.29,2.29,False,-0.8902375276408648,0.1733635388100632
Bulgaria,BGR,1975,2.23,2.23,False,-0.9197756790273698,0.1662096101108859
Bulgaria,BGR,1976,2.24,2.24,False,-0.9148526537962854,0.1674019315607488
Bulgaria,BGR,1977,2.2,2.2,False,-0.9345447547206222,0.16263264576129727
Bulgaria,BGR,1978,2.15,2.15,False,-0.959159880876043,0.15667103851198283
Bulgaria,BGR,1979,2.15,2.15,False,-0.959159880876043,0.15667103851198283
Bulgaria,BGR,1980,2.05,2.05,False,-1.0083901331868845,0.14474782401335398
Bulgaria,BGR,1981,2.01,2.01,False,-1.0280822341112212,0.13997853821390246
Bulgaria,BGR,1982,2.02,2.02,False,-1.023159208880137,0.14117085966376536
Bulgaria,BGR,1983,2.0,2.0,False,-1.0330052593423054,0.1387862167640396
Bulgaria,BGR,1984,1.99,1.99,False,-1.0379282845733893,0.13759389531417668
Bulgaria,BGR,1985,1.95,1.95,False,-1.057620385497726,0.13282460951472516
Bulgaria,BGR,1986,1.99,1.99,False,-1.0379282845733893,0.13759389531417668
Bulgaria,BGR,1987,1.96,1.96,False,-1.0526973602666418,0.13401693096458805
Bulgaria,BGR,1988,1.97,1.97,False,-1.047774335035558,0.13520925241445092
Bulgaria,BGR,1989,1.9,1.9,False,-1.0822355116531468,0.12686300226541075
Bulgaria,BGR,1990,1.81,1.81,False,-1.1265427387329041,0.11613210921664481
Bulgaria,BGR,1991,1.65,1.65,False,-1.2053111424302507,0.09705496601883867
Bulgaria,BGR,1992,1.54,1.54,False,-1.2594644199721763,0.08393943007034697
Bulgaria,BGR,1993,1.45,1.45,False,-1.3037716470519336,0.07320853702158102
Bulgaria,BGR,1994,1.37,1.37,False,-1.343155848900607,0.06366996542267797
Bulgaria,BGR,1995,1.23,1.23,False,-1.4120782021357852,0.04697746512459759
Bulgaria,BGR,1996,1.24,1.24,False,-1.4071551769047008,0.04816978657446048
Bulgaria,BGR,1997,1.09,1.09,False,-1.4810005553709633,0.03028496482651724
Bulgaria,BGR,1998,1.11,1.11,False,-1.4711545049087948,0.032669607726243007
Bulgaria,BGR,1999,1.23,1.23,False,-1.4120782021357852,0.04697746512459759
Bulgaria,BGR,2000,1.26,1.26,False,-1.3973091264425328,0.050554429474186244
Bulgaria,BGR,2001,1.21,1.21,False,-1.4219242525979534,0.04459282222487182
Bulgaria,BGR,2002,1.21,1.21,False,-1.4219242525979534,0.04459282222487182
Bulgaria,BGR,2003,1.23,1.23,False,-1.4120782021357852,0.04697746512459759
Bulgaria,BGR,2004,1.29,1.29,False,-1.3825400507492802,0.054131393823774895
Bulgaria,BGR,2005,1.32,1.32,False,-1.3677709750560276,0.05770835817336355
Bulgaria,BGR,2006,1.38,1.38,False,-1.338232823669523,0.06486228687254082
Bulgaria,BGR,2007,1.42,1.42,False,-1.3185407227451862,0.06963157267199237
Bulgaria,BGR,2008,1.48,1.48,False,-1.2890025713586812,0.07678550137116967
Bulgaria,BGR,2009,1.57,1.57,False,-1.2446953442789237,0.08751639441993563
Bulgaria,BGR,2010,1.49,1.49,False,-1.2840795461275971,0.07797782282103255
Bulgaria,BGR,2011,1.51,1.51,False,-1.2742334956654289,0.08036246572075832
Burkina Faso,BFA,1960,6.291,6.291,False,1.0794648673159055,0.6504113509002026
Burkina Faso,BFA,1961,6.316,6.316,False,1.0917724303936156,0.6533921545248598
Burkina Faso,BFA,1962,6.343999999999999,6.343999999999999,False,1.105556901040651,0.6567306545844759
Burkina Faso,BFA,1963,6.377000000000002,6.377000000000002,False,1.1218028843032297,0.6606653153690236
Burkina Faso,BFA,1964,6.414,6.414,False,1.1400180776582403,0.665076904733516
Burkina Faso,BFA,1965,6.454,6.454,False,1.159710178582577,0.6698461905329676
Burkina Faso,BFA,1966,6.492999999999999,6.492999999999999,False,1.178909976983805,0.6744962441874328
Burkina Faso,BFA,1967,6.53,6.53,False,1.1971251703388168,0.6789078335519255
Burkina Faso,BFA,1968,6.563,6.563,False,1.2133711536013942,0.682842494336473
Burkina Faso,BFA,1969,6.593,6.593,False,1.2281402292946468,0.6864194586860617
Burkina Faso,BFA,1970,6.6229999999999976,6.6229999999999976,False,1.242909304987898,0.68999642303565
Burkina Faso,BFA,1971,6.657,6.657,False,1.2596475907735853,0.6940503159651842
Burkina Faso,BFA,1972,6.697,6.697,False,1.279339691697922,0.6988196017646356
Burkina Faso,BFA,1973,6.744,6.744,False,1.3024779102840174,0.7044235125789912
Burkina Faso,BFA,1974,6.799,6.799,False,1.3295545490549805,0.7109812805532372
Burkina Faso,BFA,1975,6.859,6.859,False,1.3590927004414852,0.7181352092524144
Burkina Faso,BFA,1976,6.9220000000000015,6.9220000000000015,False,1.3901077593973161,0.7256468343865508
Burkina Faso,BFA,1977,6.984,6.984,False,1.4206305158300372,0.7330392273757004
Burkina Faso,BFA,1978,7.041,7.041,False,1.448691759647217,0.7398354596399189
Burkina Faso,BFA,1979,7.09,7.09,False,1.4728145832795292,0.745677834744247
Burkina Faso,BFA,1980,7.127000000000002,7.127000000000002,False,1.4910297766345413,0.7500894241087398
Burkina Faso,BFA,1981,7.152,7.152,False,1.5033373397122511,0.7530702277333968
Burkina Faso,BFA,1982,7.165,7.165,False,1.5097372725126603,0.7546202456182186
Burkina Faso,BFA,1983,7.1670000000000025,7.1670000000000025,False,1.5107218775588784,0.7548587099081915
Burkina Faso,BFA,1984,7.159,7.159,False,1.5067834573740098,0.7539048527483009
Burkina Faso,BFA,1985,7.142,7.142,False,1.498414314481167,0.751877906283534
Burkina Faso,BFA,1986,7.119,7.119,False,1.4870913564496733,0.7491355669488493
Burkina Faso,BFA,1987,7.0920000000000005,7.0920000000000005,False,1.4737991883257464,0.7459162990342196
Burkina Faso,BFA,1988,7.064,7.064,False,1.4600147176787104,0.7425777989746035
Burkina Faso,BFA,1989,7.0360000000000005,7.0360000000000005,False,1.446230247031675,0.7392392989149874
Burkina Faso,BFA,1990,7.0070000000000014,7.0070000000000014,False,1.4319534738615314,0.7357815667103852
Burkina Faso,BFA,1991,6.979,6.979,False,1.4181690032144951,0.732443066650769
Burkina Faso,BFA,1992,6.95,6.95,False,1.4038922300443513,0.7289853344461666
Burkina Faso,BFA,1993,6.9170000000000025,6.9170000000000025,False,1.3876462467817745,0.7250506736616193
Burkina Faso,BFA,1994,6.8820000000000014,6.8820000000000014,False,1.3704156584729796,0.7208775485870992
Burkina Faso,BFA,1995,6.843999999999999,6.843999999999999,False,1.3517081625948588,0.71634672707762
Burkina Faso,BFA,1996,6.801,6.801,False,1.3305391541011973,0.7112197448432097
Burkina Faso,BFA,1997,6.754,6.754,False,1.3074009355151015,0.7056158340288541
Burkina Faso,BFA,1998,6.704,6.704,False,1.2827858093596807,0.6996542267795397
Burkina Faso,BFA,1999,6.65,6.65,False,1.2562014731118267,0.6932156909502801
Burkina Faso,BFA,2000,6.5920000000000005,6.5920000000000005,False,1.2276479267715386,0.6863002265410755
Burkina Faso,BFA,2001,6.5310000000000015,6.5310000000000015,False,1.1976174728619258,0.679027065696912
Burkina Faso,BFA,2002,6.468,6.468,False,1.1666024139060949,0.6715154405627757
Burkina Faso,BFA,2003,6.403,6.403,False,1.1346027499040476,0.6637653511386669
Burkina Faso,BFA,2004,6.335,6.335,False,1.1011261783326756,0.6556575652795993
Burkina Faso,BFA,2005,6.265,6.265,False,1.0666650017150863,0.6473113151305591
Burkina Faso,BFA,2006,6.193,6.193,False,1.0312192200512804,0.6387266006915463
Burkina Faso,BFA,2007,6.1160000000000005,6.1160000000000005,False,0.9933119257719328,0.6295457255276022
Burkina Faso,BFA,2008,6.037000000000001,6.037000000000001,False,0.9544200264463681,0.6201263860736855
Burkina Faso,BFA,2009,5.954,5.954,False,0.9135589170283692,0.6102301180398234
Burkina Faso,BFA,2010,5.869,5.869,False,0.8717132025641539,0.600095385715989
Burkina Faso,BFA,2011,5.7810000000000015,5.7810000000000015,False,0.8283905805306142,0.5896029569571958
Burundi,BDI,1960,6.952999999999999,6.952999999999999,False,1.405369137613676,0.7293430308811254
Burundi,BDI,1961,6.9979999999999976,6.9979999999999976,False,1.4275227511535538,0.7347084774055082
Burundi,BDI,1962,7.045,7.045,False,1.4506609697396504,0.740312388219864
Burundi,BDI,1963,7.0920000000000005,7.0920000000000005,False,1.4737991883257464,0.7459162990342196
Burundi,BDI,1964,7.138,7.138,False,1.4964451043887332,0.7514009777035888
Burundi,BDI,1965,7.178999999999999,7.178999999999999,False,1.516629507836178,0.7562894956480266
Burundi,BDI,1966,7.216,7.216,False,1.5348447011911897,0.7607010850125193
Burundi,BDI,1967,7.247000000000001,7.247000000000001,False,1.5501060794075507,0.7643972815070943
Burundi,BDI,1968,7.272,7.272,False,1.562413642485261,0.7673780851317514
Burundi,BDI,1969,7.292999999999997,7.292999999999997,False,1.5727519954705358,0.769881960176463
Burundi,BDI,1970,7.311,7.311,False,1.581613440886489,0.7720281387862167
Burundi,BDI,1971,7.329,7.329,False,1.5904748863024405,0.7741743173959699
Burundi,BDI,1972,7.348,7.348,False,1.5998286342415005,0.7764397281507094
Burundi,BDI,1973,7.37,7.37,False,1.6106592897498857,0.7790628353404077
Burundi,BDI,1974,7.395,7.395,False,1.6229668528275958,0.7820436389650649
Burundi,BDI,1975,7.419,7.419,False,1.6347821133821978,0.7849052104447358
Burundi,BDI,1976,7.439,7.439,False,1.6446281638443663,0.7872898533444616
Burundi,BDI,1977,7.452000000000001,7.452000000000001,False,1.6510280966447761,0.7888398712292835
Burundi,BDI,1978,7.457000000000002,7.457000000000002,False,1.6534896092603184,0.789436031954215
Burundi,BDI,1979,7.455,7.455,False,1.652505004214101,0.7891975676642422
Burundi,BDI,1980,7.45,7.45,False,1.650043491598559,0.7886014069393108
Burundi,BDI,1981,7.449,7.449,False,1.6495511890754504,0.7884821747943245
Burundi,BDI,1982,7.454,7.454,False,1.6520127016909922,0.7890783355192559
Burundi,BDI,1983,7.4689999999999985,7.4689999999999985,False,1.659397239537618,0.7908668176940501
Burundi,BDI,1984,7.492000000000001,7.492000000000001,False,1.6707201975691126,0.793609157028735
Burundi,BDI,1985,7.52,7.52,False,1.6845046682161477,0.7969476570883509
Burundi,BDI,1986,7.546,7.546,False,1.6973045338169668,0.8000476928579945
Burundi,BDI,1987,7.565,7.565,False,1.7066582817560267,0.802313103612734
Burundi,BDI,1988,7.572,7.572,False,1.7101043994177856,0.803147728627638
Burundi,BDI,1989,7.564,7.564,False,1.7061659792329182,0.8021938714677477
Burundi,BDI,1990,7.542000000000002,7.542000000000002,False,1.6953353237245339,0.7995707642780495
Burundi,BDI,1991,7.507999999999999,7.507999999999999,False,1.6785970379388464,0.7955168713485153
Burundi,BDI,1992,7.465,7.465,False,1.6574280294451849,0.790389889114105
Burundi,BDI,1993,7.417999999999997,7.417999999999997,False,1.6342898108590878,0.7847859782997492
Burundi,BDI,1994,7.3679999999999986,7.3679999999999986,False,1.609674684703668,0.7788243710504349
Burundi,BDI,1995,7.318,7.318,False,1.5850595585482479,0.7728627638011206
Burundi,BDI,1996,7.267,7.267,False,1.559952129869719,0.76678192440682
Burundi,BDI,1997,7.217,7.217,False,1.5353370037142977,0.7608203171575055
Burundi,BDI,1998,7.165,7.165,False,1.5097372725126603,0.7546202456182186
Burundi,BDI,1999,7.112,7.112,False,1.4836452387879144,0.7483009419339454
Burundi,BDI,2000,7.057,7.057,False,1.4565686000169518,0.7417431739596995
Burundi,BDI,2001,7.0,7.0,False,1.4285073561997719,0.734946941695481
Burundi,BDI,2002,6.939,6.939,False,1.3984769022901586,0.7276737808513174
Burundi,BDI,2003,6.8729999999999976,6.8729999999999976,False,1.3659849357650018,0.7198044592822221
Burundi,BDI,2004,6.803,6.803,False,1.331523759147414,0.7114582091331823
Burundi,BDI,2005,6.729,6.729,False,1.2950933724373914,0.702635030404197
Burundi,BDI,2006,6.65,6.65,False,1.2562014731118267,0.6932156909502801
Burundi,BDI,2007,6.567,6.567,False,1.215340363693828,0.6833194229164182
Burundi,BDI,2008,6.481,6.481,False,1.1730023467065043,0.6730654584475974
Burundi,BDI,2009,6.393,6.393,False,1.1296797246729635,0.662573029688804
Burundi,BDI,2010,6.303999999999999,6.303999999999999,False,1.0858648001163145,0.6519613687850243
Burundi,BDI,2011,6.214,6.214,False,1.0415575730365576,0.6412304757362585
Cabo Verde,CPV,1960,6.885,6.885,False,1.371892566042304,0.7212352450220578
Cabo Verde,CPV,1961,6.9220000000000015,6.9220000000000015,False,1.3901077593973161,0.7256468343865508
Cabo Verde,CPV,1962,6.952999999999999,6.952999999999999,False,1.405369137613676,0.7293430308811254
Cabo Verde,CPV,1963,6.976,6.976,False,1.4166920956451698,0.7320853702158101
Cabo Verde,CPV,1964,6.989,6.989,False,1.4230920284455792,0.7336353881006319
Cabo Verde,CPV,1965,6.992999999999999,6.992999999999999,False,1.4250612385380126,0.734112316680577
Cabo Verde,CPV,1966,6.99,6.99,False,1.4235843309686878,0.7337546202456182
Cabo Verde,CPV,1967,6.982,6.982,False,1.4196459107838204,0.7328007630857278
Cabo Verde,CPV,1968,6.97,6.97,False,1.4137382805065193,0.7313699773458924
Cabo Verde,CPV,1969,6.954,6.954,False,1.4058614401367846,0.7294622630261117
Cabo Verde,CPV,1970,6.935,6.935,False,1.3965076921977246,0.7271968522713722
Cabo Verde,CPV,1971,6.912999999999999,6.912999999999999,False,1.3856770366893394,0.7245737450816738
Cabo Verde,CPV,1972,6.8870000000000005,6.8870000000000005,False,1.372877171088521,0.7214737093120305
Cabo Verde,CPV,1973,6.855,6.855,False,1.3571234903490519,0.7176582806724693
Cabo Verde,CPV,1974,6.818,6.818,False,1.33890829699404,0.7132466913079765
Cabo Verde,CPV,1975,6.771,6.771,False,1.3157700784079447,0.707642780493621
Cabo Verde,CPV,1976,6.714,6.714,False,1.2877088345907652,0.7008465482294026
Cabo Verde,CPV,1977,6.645,6.645,False,1.2537399604962842,0.6926195302253486
Cabo Verde,CPV,1978,6.564,6.564,False,1.2138634561245027,0.6829617264814594
Cabo Verde,CPV,1979,6.473,6.473,False,1.169063926521637,0.6721116012877071
Cabo Verde,CPV,1980,6.375,6.375,False,1.1208182792570123,0.6604268510790509
Cabo Verde,CPV,1981,6.274,6.274,False,1.0710957244230623,0.6483844044354358
Cabo Verde,CPV,1982,6.174,6.174,False,1.021865472112221,0.6364611899368069
Cabo Verde,CPV,1983,6.075,6.075,False,0.9731275223244876,0.6246572075831643
Cabo Verde,CPV,1984,5.979,5.979,False,0.9258664801060797,0.6132109216644807
Cabo Verde,CPV,1985,5.882999999999999,5.882999999999999,False,0.8786054378876714,0.6017646357457969
Cabo Verde,CPV,1986,5.784,5.784,False,0.8298674880999386,0.5899606533921544
Cabo Verde,CPV,1987,5.68,5.68,False,0.7786680256966634,0.5775605103135805
Cabo Verde,CPV,1988,5.565,5.565,False,0.7220532355391959,0.5638488136401574
Cabo Verde,CPV,1989,5.441,5.441,False,0.6610077226737521,0.5490640276618576
Cabo Verde,CPV,1990,5.307,5.307,False,0.5950391845772247,0.533086920233695
Cabo Verde,CPV,1991,5.164,5.164,False,0.524639923772721,0.5160367235006557
Cabo Verde,CPV,1992,5.016,5.016,False,0.45177915035267563,0.49839036604268505
Cabo Verde,CPV,1993,4.863,4.863,False,0.3764568643170883,0.480147847859783
Cabo Verde,CPV,1994,4.708,4.708,False,0.3001499732352838,0.4616668653869083
Cabo Verde,CPV,1995,4.55,4.55,False,0.22236617458415397,0.44282818647907474
Cabo Verde,CPV,1996,4.388,4.388,False,0.14261316584059072,0.423512578991296
Cabo Verde,CPV,1997,4.221,4.221,False,0.06039864448148542,0.4036008107785859
Cabo Verde,CPV,1998,4.05,4.05,False,-0.023785086970053743,0.3832121139859306
Cabo Verde,CPV,1999,3.876,3.876,False,-0.109445725990918,0.3624657207583164
Cabo Verde,CPV,2000,3.701,3.701,False,-0.1955986675348906,0.341600095385716
Cabo Verde,CPV,2001,3.527,3.527,False,-0.2812593065557549,0.32085370215810183
Cabo Verde,CPV,2002,3.357,3.357,False,-0.36495073548418544,0.30058423751043284
Cabo Verde,CPV,2003,3.192,3.192,False,-0.446180651797074,0.28091093358769526
Cabo Verde,CPV,2004,3.037,3.037,False,-0.5224875428788786,0.26242995111482054
Cabo Verde,CPV,2005,2.895,2.895,False,-0.5923945011602735,0.24549898652676763
Cabo Verde,CPV,2006,2.77,2.77,False,-0.6539323165488254,0.2305949684034816
Cabo Verde,CPV,2007,2.66,2.66,False,-0.708085594090751,0.21747943245498988
Cabo Verde,CPV,2008,2.567,2.567,False,-0.7538697287398336,0.2063908429712651
Cabo Verde,CPV,2009,2.49,2.49,False,-0.7917770230191816,0.1972099678073209
Cabo Verde,CPV,2010,2.427,2.427,False,-0.8227920819750119,0.1896983426731847
Cabo Verde,CPV,2011,2.375,2.375,False,-0.8483918131766495,0.18349827113389772
Cambodia,KHM,1960,6.9670000000000005,6.9670000000000005,False,1.4122613729371944,0.7310122809109336
Cambodia,KHM,1961,6.964,6.964,False,1.4107844653678692,0.7306545844759746
Cambodia,KHM,1962,6.955,6.955,False,1.406353742659893,0.729581495171098
Cambodia,KHM,1963,6.937,6.937,False,1.3974922972439419,0.7274353165613449
Cambodia,KHM,1964,6.909,6.909,False,1.383707826596906,0.7240968165017287
Cambodia,KHM,1965,6.867999999999999,6.867999999999999,False,1.3635234231494608,0.719208298557291
Cambodia,KHM,1966,6.815,6.815,False,1.3374313894247152,0.7128889948730177
Cambodia,KHM,1967,6.749,6.749,False,1.3049394228995594,0.7050196733039227
Cambodia,KHM,1968,6.6720000000000015,6.6720000000000015,False,1.2670321286202124,0.6958387981399786
Cambodia,KHM,1969,6.5829999999999975,6.5829999999999975,False,1.2232172040635614,0.6852271372361985
Cambodia,KHM,1970,6.475,6.475,False,1.1700485315678535,0.6723500655776796
Cambodia,KHM,1971,6.337999999999999,6.337999999999999,False,1.1026030859020004,0.656015261714558
Cambodia,KHM,1972,6.172999999999999,6.172999999999999,False,1.021373169589112,0.6363419577918205
Cambodia,KHM,1973,5.988,5.988,False,0.9302972028140557,0.6142840109693574
Cambodia,KHM,1974,5.795,5.795,False,0.8352828158541312,0.5912722069870037
Cambodia,KHM,1975,5.622000000000001,5.622000000000001,False,0.7501144793563758,0.5706450459043758
Cambodia,KHM,1976,5.4979999999999976,5.4979999999999976,False,0.6890689664909306,0.5558602599260757
Cambodia,KHM,1977,5.441,5.441,False,0.6610077226737521,0.5490640276618576
Cambodia,KHM,1978,5.459,5.459,False,0.6698691680897035,0.5512102062716108
Cambodia,KHM,1979,5.545,5.545,False,0.7122071850770274,0.5614641707404315
Cambodia,KHM,1980,5.685,5.685,False,0.7811295383122053,0.5781566710385119
Cambodia,KHM,1981,5.85,5.85,False,0.8623594546250939,0.5978299749612495
Cambodia,KHM,1982,6.007999999999999,6.007999999999999,False,0.9401432532762233,0.616668653869083
Cambodia,KHM,1983,6.13,6.13,False,1.0002041610954504,0.6312149755574102
Cambodia,KHM,1984,6.2,6.2,False,1.0346653377130397,0.6395612257064505
Cambodia,KHM,1985,6.21,6.21,False,1.0395883629441236,0.6407535471563133
Cambodia,KHM,1986,6.16,6.16,False,1.014973236788703,0.6347919399069989
Cambodia,KHM,1987,6.065,6.065,False,0.9682044970934036,0.6234648861333015
Cambodia,KHM,1988,5.941,5.941,False,0.9071589842279598,0.6086801001550017
Cambodia,KHM,1989,5.7920000000000025,5.7920000000000025,False,0.8338059082848073,0.590914510552045
Cambodia,KHM,1990,5.6229999999999976,5.6229999999999976,False,0.7506067818794826,0.5707642780493617
Cambodia,KHM,1991,5.438,5.438,False,0.6595308151044268,0.5487063312268987
Cambodia,KHM,1992,5.24,5.24,False,0.5620549155289608,0.5250983665196136
Cambodia,KHM,1993,5.033,5.033,False,0.46014829324551887,0.500417312507452
Cambodia,KHM,1994,4.825,4.825,False,0.3577493684389684,0.47561702635030406
Cambodia,KHM,1995,4.62,4.62,False,0.2568273512017432,0.45117443662811496
Cambodia,KHM,1996,4.423,4.423,False,0.15984375414938531,0.42768570406581613
Cambodia,KHM,1997,4.2360000000000015,4.2360000000000015,False,0.06778318232811237,0.4053892929533804
Cambodia,KHM,1998,4.059,4.059,False,-0.019354364262077834,0.38428520329080723
Cambodia,KHM,1999,3.896,3.896,False,-0.09959967552874968,0.3648503636580422
Cambodia,KHM,2000,3.75,3.75,False,-0.17147584390257828,0.3474424704900441
Cambodia,KHM,2001,3.619,3.619,False,-0.2359674744297806,0.3318230594968404
Cambodia,KHM,2002,3.504,3.504,False,-0.29258226458724845,0.3181113628234172
Cambodia,KHM,2003,3.401,3.401,False,-0.34328942446741534,0.3058304518898295
Cambodia,KHM,2004,3.31,3.31,False,-0.38808895407028104,0.29498032669607727
Cambodia,KHM,2005,3.23,3.23,False,-0.4274731559189543,0.2854417550971742
Cambodia,KHM,2006,3.162,3.162,False,-0.4609497274903266,0.2773339692381066
Cambodia,KHM,2007,3.102,3.102,False,-0.49048787887683154,0.2701800405389293
Cambodia,KHM,2008,3.051,3.051,False,-0.5155953075553605,0.2640992011446286
Cambodia,KHM,2009,3.007,3.007,False,-0.5372566185721309,0.25885298676523194
Cambodia,KHM,2010,2.966,2.966,False,-0.5574410220195759,0.2539644688207941
Cambodia,KHM,2011,2.929,2.929,False,-0.5756562153745874,0.2495528794563014
Cameroon,CMR,1960,5.647,5.647,False,0.7624220424340858,0.573625849529033
Cameroon,CMR,1961,5.705,5.705,False,0.7909755887743739,0.5805413139382377
Cameroon,CMR,1962,5.766,5.766,False,0.8210060426839872,0.5878144747824012
Cameroon,CMR,1963,5.827999999999999,5.827999999999999,False,0.8515287991167086,0.5952068677715511
Cameroon,CMR,1964,5.89,5.89,False,0.8820515555494306,0.602599260760701
Cameroon,CMR,1965,5.949,5.949,False,0.9110974044128272,0.609633957314892
Cameroon,CMR,1966,6.005,6.005,False,0.9386663457068984,0.6163109574341241
Cameroon,CMR,1967,6.058,6.058,False,0.9647583794316444,0.6226302611183975
Cameroon,CMR,1968,6.11,6.11,False,0.9903581106332823,0.6288303326576845
Cameroon,CMR,1969,6.159,6.159,False,1.0144809342655945,0.6346727077620126
Cameroon,CMR,1970,6.205,6.205,False,1.0371268503285815,0.6401573864313819
Cameroon,CMR,1971,6.247000000000001,6.247000000000001,False,1.0578035562991355,0.645165136520806
Cameroon,CMR,1972,6.2860000000000005,6.2860000000000005,False,1.0770033547003635,0.6498151901752712
Cameroon,CMR,1973,6.322,6.322,False,1.0947262455322662,0.6541075473947776
Cameroon,CMR,1974,6.356,6.356,False,1.1114645313179523,0.6581614403243113
Cameroon,CMR,1975,6.391,6.391,False,1.128695119626747,0.6623345653988315
Cameroon,CMR,1976,6.428999999999999,6.428999999999999,False,1.1474026155048664,0.6668653869083103
Cameroon,CMR,1977,6.47,6.47,False,1.1675870189523117,0.6717539048527482
Cameroon,CMR,1978,6.516,6.516,False,1.1902329350152987,0.6772385835221175
Cameroon,CMR,1979,6.563,6.563,False,1.2133711536013942,0.682842494336473
Cameroon,CMR,1980,6.609,6.609,False,1.2360170696643815,0.6883271730058423
Cameroon,CMR,1981,6.651,6.651,False,1.2566937756349348,0.6933349230952663
Cameroon,CMR,1982,6.683,6.683,False,1.2724474563744042,0.6971503517348276
Cameroon,CMR,1983,6.702999999999999,6.702999999999999,False,1.2822935068365722,0.6995349946345534
Cameroon,CMR,1984,6.7079999999999975,6.7079999999999975,False,1.2847550194521133,0.7001311553594846
Cameroon,CMR,1985,6.697,6.697,False,1.279339691697922,0.6988196017646356
Cameroon,CMR,1986,6.669,6.669,False,1.2655552210508862,0.6954811017050195
Cameroon,CMR,1987,6.627000000000002,6.627000000000002,False,1.2448785150803336,0.6904733516155956
Cameroon,CMR,1988,6.572,6.572,False,1.21780187630937,0.6839155836413496
Cameroon,CMR,1989,6.507999999999999,6.507999999999999,False,1.1862945148304311,0.676284726362227
Cameroon,CMR,1990,6.434,6.434,False,1.1498641281204087,0.6674615476332418
Cameroon,CMR,1991,6.352,6.352,False,1.1094953212255187,0.6576845117443663
Cameroon,CMR,1992,6.263999999999999,6.263999999999999,False,1.0661726991919778,0.6471920829855727
Cameroon,CMR,1993,6.172999999999999,6.172999999999999,False,1.021373169589112,0.6363419577918205
Cameroon,CMR,1994,6.08,6.08,False,0.9755890349400297,0.6252533683080957
Cameroon,CMR,1995,5.989,5.989,False,0.9307895053371638,0.6144032431143436
Cameroon,CMR,1996,5.903,5.903,False,0.8884514883498399,0.6041492786455227
Cameroon,CMR,1997,5.823,5.823,False,0.8490672865011671,0.5946107070466198
Cameroon,CMR,1998,5.749,5.749,False,0.812636899791144,0.5857875283176344
Cameroon,CMR,1999,5.682,5.682,False,0.7796526307428805,0.5777989746035531
Cameroon,CMR,2000,5.621,5.621,False,0.7496221768332672,0.5705258137593895
Cameroon,CMR,2001,5.567,5.567,False,0.7230378405854127,0.5640872779301299
Cameroon,CMR,2002,5.515,5.515,False,0.6974381093837748,0.5578872063908429
Cameroon,CMR,2003,5.464,5.464,False,0.6723306807052459,0.5518063669965423
Cameroon,CMR,2004,5.412999999999999,5.412999999999999,False,0.6472232520267163,0.5457255276022415
Cameroon,CMR,2005,5.358,5.358,False,0.6201466132557536,0.5391677596279956
Cameroon,CMR,2006,5.299,5.299,False,0.5911007643923574,0.5321330630738047
Cameroon,CMR,2007,5.235,5.235,False,0.5595934029134187,0.5245022057946822
Cameroon,CMR,2008,5.167000000000002,5.167000000000002,False,0.5261168313420471,0.5163944199356147
Cameroon,CMR,2009,5.093999999999999,5.093999999999999,False,0.49017874715513177,0.5076904733516154
Cameroon,CMR,2010,5.017,5.017,False,0.45227145287578424,0.4985095981876714
Cameroon,CMR,2011,4.939,4.939,False,0.41387185607332766,0.4892094908787408
Canada,CAN,1960,3.811,3.811,False,-0.14144538999296496,0.3547156313342077
Canada,CAN,1961,3.753,3.753,False,-0.16999893633325297,0.347800166925003
Canada,CAN,1962,3.681,3.681,False,-0.20544471799705893,0.3392154524859902
Canada,CAN,1963,3.607,3.607,False,-0.2418751047070816,0.3303922737570049
Canada,CAN,1964,3.4560000000000004,3.4560000000000004,False,-0.3162127856964522,0.3123882198640754
Canada,CAN,1965,3.115,3.115,False,-0.48408794607642197,0.2717300584237511
Canada,CAN,1966,2.749,2.749,False,-0.6642706695341021,0.22809109335876954
Canada,CAN,1967,2.528,2.528,False,-0.7730695271410619,0.2017407893167998
Canada,CAN,1968,2.386,2.386,False,-0.8429764854224568,0.18480982472874688
Canada,CAN,1969,2.334,2.334,False,-0.8685762166240945,0.1786097531894599
Canada,CAN,1970,2.258,2.258,False,-0.9059912083803341,0.16954811017050198
Canada,CAN,1971,2.141,2.141,False,-0.9635906035840187,0.15559794920710623
Canada,CAN,1972,1.98,1.98,False,-1.0428513098044736,0.1364015738643138
Canada,CAN,1973,1.89,1.89,False,-1.0871585368842311,0.12567068081554783
Canada,CAN,1974,1.837,1.837,False,-1.113250570608977,0.11935137713127457
Canada,CAN,1975,1.824,1.824,False,-1.1196505034093864,0.11780135924645285
Canada,CAN,1976,1.796,1.796,False,-1.1334349740564218,0.11446285918683677
Canada,CAN,1977,1.7819999999999998,1.7819999999999998,False,-1.14032720937994,0.11279360915702871
Canada,CAN,1978,1.768,1.768,False,-1.1472194447034578,0.1111243591272207
Canada,CAN,1979,1.754,1.754,False,-1.1541116800269755,0.10945510909741266
Canada,CAN,1980,1.74,1.74,False,-1.1610039153504932,0.10778585906760463
Canada,CAN,1981,1.7,1.7,False,-1.18069601627483,0.10301657326815308
Canada,CAN,1982,1.69,1.69,False,-1.185619041505914,0.1018242518182902
Canada,CAN,1983,1.68,1.68,False,-1.1905420667369984,0.10063193036842732
Canada,CAN,1984,1.65,1.65,False,-1.2053111424302507,0.09705496601883867
Canada,CAN,1985,1.67,1.67,False,-1.1954650919680825,0.09943960891856443
Canada,CAN,1986,1.675,1.675,False,-1.1930035793525404,0.10003576964349589
Canada,CAN,1987,1.68,1.68,False,-1.1905420667369984,0.10063193036842732
Canada,CAN,1988,1.68,1.68,False,-1.1905420667369984,0.10063193036842732
Canada,CAN,1989,1.77,1.77,False,-1.1462348396572408,0.11136282341719328
Canada,CAN,1990,1.83,1.83,False,-1.1166966882707359,0.11851675211637058
Canada,CAN,1991,1.7,1.7,False,-1.18069601627483,0.10301657326815308
Canada,CAN,1992,1.71,1.71,False,-1.1757729910437458,0.10420889471801598
Canada,CAN,1993,1.7,1.7,False,-1.18069601627483,0.10301657326815308
Canada,CAN,1994,1.669,1.669,False,-1.1959573944911908,0.09932037677357816
Canada,CAN,1995,1.639,1.639,False,-1.2107264701844431,0.09574341242398951
Canada,CAN,1996,1.592,1.592,False,-1.2338646887705387,0.09013950160963397
Canada,CAN,1997,1.55,1.55,False,-1.2545413947410924,0.08513175152020985
Canada,CAN,1998,1.53,1.53,False,-1.2643874452032604,0.08274710862048408
Canada,CAN,1999,1.51,1.51,False,-1.2742334956654289,0.08036246572075832
Canada,CAN,2000,1.49,1.49,False,-1.2840795461275971,0.07797782282103255
Canada,CAN,2001,1.505,1.505,False,-1.276695008280971,0.07976630499582686
Canada,CAN,2002,1.52,1.52,False,-1.2693104704343448,0.0815547871706212
Canada,CAN,2003,1.53,1.53,False,-1.2643874452032604,0.08274710862048408
Canada,CAN,2004,1.53,1.53,False,-1.2643874452032604,0.08274710862048408
Canada,CAN,2005,1.54,1.54,False,-1.2594644199721763,0.08393943007034697
Canada,CAN,2006,1.586,1.586,False,-1.236818503909189,0.08942410873971623
Canada,CAN,2007,1.659,1.659,False,-1.200880419722275,0.09812805532371528
Canada,CAN,2008,1.681,1.681,False,-1.1900497642138899,0.10075116251341362
Canada,CAN,2009,1.668,1.668,False,-1.196449697014299,0.09920114462859186
Canada,CAN,2010,1.6269999999999998,1.6269999999999998,False,-1.2166341004617443,0.09431262668415402
Canada,CAN,2011,1.6269999999999998,1.6269999999999998,False,-1.2166341004617443,0.09431262668415402
Central African Republic,CAF,1960,5.84,5.84,False,0.8574364293940099,0.5966376535113865
Central African Republic,CAF,1961,5.867000000000001,5.867000000000001,False,0.8707285975179376,0.5998569214260165
Central African Republic,CAF,1962,5.891,5.891,False,0.8825438580725391,0.6027184929056874
Central African Republic,CAF,1963,5.91,5.91,False,0.8918976060115991,0.6049839036604268
Central African Republic,CAF,1964,5.925,5.925,False,0.8992821438582251,0.6067723858352211
Central African Republic,CAF,1965,5.937,5.937,False,0.9051897741355264,0.6082031715750565
Central African Republic,CAF,1966,5.945,5.945,False,0.9091281943203937,0.6091570287349469
Central African Republic,CAF,1967,5.95,5.95,False,0.9115897069359358,0.6097531894598783
Central African Republic,CAF,1968,5.952999999999999,5.952999999999999,False,0.9130666145052606,0.6101108858948371
Central African Republic,CAF,1969,5.954,5.954,False,0.9135589170283692,0.6102301180398234
Central African Republic,CAF,1970,5.954,5.954,False,0.9135589170283692,0.6102301180398234
Central African Republic,CAF,1971,5.954,5.954,False,0.9135589170283692,0.6102301180398234
Central African Republic,CAF,1972,5.952999999999999,5.952999999999999,False,0.9130666145052606,0.6101108858948371
Central African Republic,CAF,1973,5.952000000000001,5.952000000000001,False,0.9125743119821529,0.609991653749851
Central African Republic,CAF,1974,5.9510000000000005,5.9510000000000005,False,0.9120820094590443,0.6098724216048647
Central African Republic,CAF,1975,5.95,5.95,False,0.9115897069359358,0.6097531894598783
Central African Republic,CAF,1976,5.9510000000000005,5.9510000000000005,False,0.9120820094590443,0.6098724216048647
Central African Republic,CAF,1977,5.952000000000001,5.952000000000001,False,0.9125743119821529,0.609991653749851
Central African Republic,CAF,1978,5.952999999999999,5.952999999999999,False,0.9130666145052606,0.6101108858948371
Central African Republic,CAF,1979,5.954,5.954,False,0.9135589170283692,0.6102301180398234
Central African Republic,CAF,1980,5.954,5.954,False,0.9135589170283692,0.6102301180398234
Central African Republic,CAF,1981,5.955,5.955,False,0.9140512195514777,0.6103493501848097
Central African Republic,CAF,1982,5.956,5.956,False,0.9145435220745863,0.6104685823297961
Central African Republic,CAF,1983,5.955,5.955,False,0.9140512195514777,0.6103493501848097
Central African Republic,CAF,1984,5.952000000000001,5.952000000000001,False,0.9125743119821529,0.609991653749851
Central African Republic,CAF,1985,5.944,5.944,False,0.9086358917972851,0.6090377965899606
Central African Republic,CAF,1986,5.9270000000000005,5.9270000000000005,False,0.9002667489044424,0.6070108501251937
Central African Republic,CAF,1987,5.902,5.902,False,0.8879591858267318,0.6040300465005365
Central African Republic,CAF,1988,5.867999999999999,5.867999999999999,False,0.8712209000410454,0.5999761535710026
Central African Republic,CAF,1989,5.8260000000000005,5.8260000000000005,False,0.8505441940704924,0.5949684034815786
Central African Republic,CAF,1990,5.78,5.78,False,0.8278982780075052,0.5894837248122093
Central African Republic,CAF,1991,5.734,5.734,False,0.8052523619445179,0.58399904614284
Central African Republic,CAF,1992,5.691,5.691,False,0.784083353450856,0.5788720639084296
Central African Republic,CAF,1993,5.653,5.653,False,0.7653758575727361,0.5743412423989507
Central African Republic,CAF,1994,5.622000000000001,5.622000000000001,False,0.7501144793563758,0.5706450459043758
Central African Republic,CAF,1995,5.596,5.596,False,0.7373146137555566,0.5675450101347322
Central African Republic,CAF,1996,5.573,5.573,False,0.7259916557240632,0.5648026708000476
Central African Republic,CAF,1997,5.55,5.55,False,0.7146686976925694,0.5620603314653629
Central African Republic,CAF,1998,5.522,5.522,False,0.700884227045534,0.5587218314057469
Central African Republic,CAF,1999,5.488,5.488,False,0.684145941259848,0.5546679384762132
Central African Republic,CAF,2000,5.4460000000000015,5.4460000000000015,False,0.663469235289295,0.5496601883867892
Central African Republic,CAF,2001,5.393,5.393,False,0.6373772015645481,0.5433408847025157
Central African Republic,CAF,2002,5.329,5.329,False,0.6058698400856095,0.5357100274233932
Central African Republic,CAF,2003,5.2570000000000014,5.2570000000000014,False,0.5704240584218044,0.5271253129843807
Central African Republic,CAF,2004,5.176,5.176,False,0.5305475540500222,0.5174675092404912
Central African Republic,CAF,2005,5.089,5.089,False,0.48771723453959015,0.5070943126266841
Central African Republic,CAF,2006,4.997,4.997,False,0.4424254024136157,0.49612495528794553
Central African Republic,CAF,2007,4.9030000000000005,4.9030000000000005,False,0.39614896524142496,0.4849171336592345
Central African Republic,CAF,2008,4.809,4.809,False,0.34987252806923375,0.47370931203052347
Central African Republic,CAF,2009,4.716,4.716,False,0.3040883934201511,0.46262072254679865
Central African Republic,CAF,2010,4.626,4.626,False,0.2597811663403938,0.4518898294980327
Central African Republic,CAF,2011,4.538,4.538,False,0.2164585443068532,0.44139740073923933
Chad,TCD,1960,6.25,6.25,False,1.0592804638684603,0.6455228329557648
Chad,TCD,1961,6.268,6.268,False,1.0681419092844116,0.6476690115655179
Chad,TCD,1962,6.285,6.285,False,1.076511052177255,0.6496959580302849
Chad,TCD,1963,6.301,6.301,False,1.0843878925469896,0.6516036723500656
Chad,TCD,1964,6.318,6.318,False,1.0927570354398324,0.6536306188148323
Chad,TCD,1965,6.3370000000000015,6.3370000000000015,False,1.1021107833788932,0.655896029569572
Chad,TCD,1966,6.362,6.362,False,1.1144183464566029,0.6588768331942291
Chad,TCD,1967,6.393,6.393,False,1.1296797246729635,0.662573029688804
Chad,TCD,1968,6.432,6.432,False,1.1488795230741922,0.6672230833432693
Chad,TCD,1969,6.477,6.477,False,1.1710331366140707,0.6725885298676523
Chad,TCD,1970,6.528,6.528,False,1.1961405652925996,0.6786693692619529
Chad,TCD,1971,6.5820000000000025,6.5820000000000025,False,1.2227249015404555,0.6851079050912128
Chad,TCD,1972,6.636,6.636,False,1.2493092377883086,0.6915464409204721
Chad,TCD,1973,6.688,6.688,False,1.2749089689899462,0.697746512459759
Chad,TCD,1974,6.7360000000000015,6.7360000000000015,False,1.298539490099151,0.7034696554191011
Chad,TCD,1975,6.78,6.78,False,1.3202008011159205,0.7087158697984977
Chad,TCD,1976,6.82,6.82,False,1.3398929020402572,0.7134851555979491
Chad,TCD,1977,6.857,6.857,False,1.3581080953952684,0.7178967449624418
Chad,TCD,1978,6.892,6.892,False,1.375338683704063,0.7220698700369619
Chad,TCD,1979,6.925,6.925,False,1.3915846669666405,0.7260045308215094
Chad,TCD,1980,6.9579999999999975,6.9579999999999975,False,1.4078306502292173,0.7299391916060566
Chad,TCD,1981,6.99,6.99,False,1.4235843309686878,0.7337546202456182
Chad,TCD,1982,7.023,7.023,False,1.4398303142312652,0.7376892810301656
Chad,TCD,1983,7.056,7.056,False,1.456076297493843,0.7416239418147131
Chad,TCD,1984,7.089,7.089,False,1.4723222807564211,0.7455586025992608
Chad,TCD,1985,7.124,7.124,False,1.4895528690652151,0.7497317276737807
Chad,TCD,1986,7.1610000000000005,7.1610000000000005,False,1.507768062420227,0.7541433170382735
Chad,TCD,1987,7.199,7.199,False,1.5264755582983465,0.7586741385477523
Chad,TCD,1988,7.237999999999999,7.237999999999999,False,1.545675356699574,0.7633241922022175
Chad,TCD,1989,7.276,7.276,False,1.5643828525776944,0.7678550137116966
Chad,TCD,1990,7.313,7.313,False,1.5825980459327058,0.7722666030761892
Chad,TCD,1991,7.346,7.346,False,1.5988440291952837,0.7762012638607367
Chad,TCD,1992,7.376,7.376,False,1.6136131048885363,0.7797782282103255
Chad,TCD,1993,7.399,7.399,False,1.6249360629200296,0.7825205675450101
Chad,TCD,1994,7.416,7.416,False,1.6333052058128728,0.784547514009777
Chad,TCD,1995,7.425,7.425,False,1.6377359285208484,0.7856206033146536
Chad,TCD,1996,7.426,7.426,False,1.6382282310439569,0.7857398354596399
Chad,TCD,1997,7.419,7.419,False,1.6347821133821978,0.7849052104447358
Chad,TCD,1998,7.405,7.405,False,1.6278898780586801,0.7832359604149278
Chad,TCD,1999,7.383999999999999,7.383999999999999,False,1.6175515250734027,0.7807320853702155
Chad,TCD,2000,7.354,7.354,False,1.602782449380151,0.7771551210206271
Chad,TCD,2001,7.315,7.315,False,1.5835826509789228,0.7725050673661619
Chad,TCD,2002,7.268,7.268,False,1.560444432392827,0.7669011565518062
Chad,TCD,2003,7.2120000000000015,7.2120000000000015,False,1.5328754910987568,0.7602241564325743
Chad,TCD,2004,7.147,7.147,False,1.500875827096709,0.7524740670084654
Chad,TCD,2005,7.074,7.074,False,1.4649377429097945,0.7437701204244663
Chad,TCD,2006,6.992000000000001,6.992000000000001,False,1.424568936014905,0.7339930845355909
Chad,TCD,2007,6.902,6.902,False,1.3802617089351472,0.7232621914868248
Chad,TCD,2008,6.805,6.805,False,1.3325083641936306,0.7116966734231548
Chad,TCD,2009,6.702000000000001,6.702000000000001,False,1.2818012043134646,0.6994157624895672
Chad,TCD,2010,6.596,6.596,False,1.2296171368639721,0.6867771551210206
Chad,TCD,2011,6.4860000000000015,6.4860000000000015,False,1.175463859322047,0.673661619172529
Channel Islands,CHI,1960,2.421,2.421,False,-0.8257458971136624,0.18898294980326694
Channel Islands,CHI,1961,2.481,2.481,False,-0.7962077457271575,0.19613687850244424
Channel Islands,CHI,1962,2.525,2.525,False,-0.7745464347103872,0.20138309288184095
Channel Islands,CHI,1963,2.55,2.55,False,-0.7622388716326769,0.20436389650649814
Channel Islands,CHI,1964,2.551,2.551,False,-0.7617465691095683,0.20448312865148446
Channel Islands,CHI,1965,2.526,2.526,False,-0.7740541321872788,0.20150232502682722
Channel Islands,CHI,1966,2.475,2.475,False,-0.7991615608658079,0.19542148563252654
Channel Islands,CHI,1967,2.404,2.404,False,-0.8341150400065055,0.18695600333850004
Channel Islands,CHI,1968,2.318,2.318,False,-0.8764530569938291,0.17670203886967928
Channel Islands,CHI,1969,2.222,2.222,False,-0.923714099212237,0.1652557529509956
Channel Islands,CHI,1970,2.121,2.121,False,-0.9734366540461871,0.15321330630738048
Channel Islands,CHI,1971,2.019,2.019,False,-1.0236515114032454,0.1410516275187791
Channel Islands,CHI,1972,1.918,1.918,False,-1.0733740662371953,0.12900918087516391
Channel Islands,CHI,1973,1.822,1.822,False,-1.1206351084556032,0.11756289495648027
Channel Islands,CHI,1974,1.735,1.735,False,-1.1634654279660352,0.1071896983426732
Channel Islands,CHI,1975,1.659,1.659,False,-1.200880419722275,0.09812805532371528
Channel Islands,CHI,1976,1.596,1.596,False,-1.2318954786781051,0.09061643018957911
Channel Islands,CHI,1977,1.546,1.546,False,-1.2565106048335257,0.0846548229402647
Channel Islands,CHI,1978,1.505,1.505,False,-1.276695008280971,0.07976630499582686
Channel Islands,CHI,1979,1.475,1.475,False,-1.2914640839742233,0.07618934064623824
Channel Islands,CHI,1980,1.454,1.454,False,-1.3018024369595003,0.07368546560152617
Channel Islands,CHI,1981,1.4409999999999998,1.4409999999999998,False,-1.3082023697599097,0.07213544771670441
Channel Islands,CHI,1982,1.4340000000000002,1.4340000000000002,False,-1.3116484874216683,0.07130082270180042
Channel Islands,CHI,1983,1.433,1.433,False,-1.312140789944777,0.07118159055681413
Channel Islands,CHI,1984,1.4340000000000002,1.4340000000000002,False,-1.3116484874216683,0.07130082270180042
Channel Islands,CHI,1985,1.4369999999999998,1.4369999999999998,False,-1.3101715798523432,0.07165851913675925
Channel Islands,CHI,1986,1.4409999999999998,1.4409999999999998,False,-1.3082023697599097,0.07213544771670441
Channel Islands,CHI,1987,1.446,1.446,False,-1.3057408571443676,0.07273160844163586
Channel Islands,CHI,1988,1.452,1.452,False,-1.302787042005717,0.07344700131155359
Channel Islands,CHI,1989,1.457,1.457,False,-1.300325529390175,0.07404316203648505
Channel Islands,CHI,1990,1.46,1.46,False,-1.2988486218208497,0.0744008584714439
Channel Islands,CHI,1991,1.461,1.461,False,-1.298356319297741,0.0745200906164302
Channel Islands,CHI,1992,1.457,1.457,False,-1.300325529390175,0.07404316203648505
Channel Islands,CHI,1993,1.45,1.45,False,-1.3037716470519336,0.07320853702158102
Channel Islands,CHI,1994,1.4409999999999998,1.4409999999999998,False,-1.3082023697599097,0.07213544771670441
Channel Islands,CHI,1995,1.43,1.43,False,-1.3136176975141023,0.07082389412185525
Channel Islands,CHI,1996,1.42,1.42,False,-1.3185407227451862,0.06963157267199237
Channel Islands,CHI,1997,1.411,1.411,False,-1.322971445453162,0.06855848336711577
Channel Islands,CHI,1998,1.405,1.405,False,-1.3259252605918124,0.06784309049719804
Channel Islands,CHI,1999,1.402,1.402,False,-1.3274021681611377,0.06748539406223918
Channel Islands,CHI,2000,1.402,1.402,False,-1.3274021681611377,0.06748539406223918
Channel Islands,CHI,2001,1.404,1.404,False,-1.3264175631149209,0.06772385835221174
Channel Islands,CHI,2002,1.408,1.408,False,-1.3244483530224873,0.0682007869321569
Channel Islands,CHI,2003,1.411,1.411,False,-1.322971445453162,0.06855848336711577
Channel Islands,CHI,2004,1.413,1.413,False,-1.321986840406945,0.06879694765708835
Channel Islands,CHI,2005,1.415,1.415,False,-1.3210022353607282,0.06903541194706093
Channel Islands,CHI,2006,1.4169999999999998,1.4169999999999998,False,-1.3200176303145115,0.06927387623703349
Channel Islands,CHI,2007,1.42,1.42,False,-1.3185407227451862,0.06963157267199237
Channel Islands,CHI,2008,1.4240000000000002,1.4240000000000002,False,-1.3165715126527524,0.07010850125193754
Channel Islands,CHI,2009,1.43,1.43,False,-1.3136176975141023,0.07082389412185525
Channel Islands,CHI,2010,1.436,1.436,False,-1.3106638823754515,0.07153928699177298
Channel Islands,CHI,2011,1.444,1.444,False,-1.3067254621905844,0.07249314415166329
Chile,CHL,1960,5.5820000000000025,5.5820000000000025,False,0.73042237843204,0.5658757601049246
Chile,CHL,1961,5.5429999999999975,5.5429999999999975,False,0.7112225800308093,0.5612257064504587
Chile,CHL,1962,5.462999999999999,5.462999999999999,False,0.671838378182137,0.5516871348515558
Chile,CHL,1963,5.3420000000000005,5.3420000000000005,False,0.6122697728860194,0.5372600453082151
Chile,CHL,1964,5.185,5.185,False,0.5349782767579977,0.5185405985453677
Chile,CHL,1965,5.0,5.0,False,0.443902309982941,0.49648265172290446
Chile,CHL,1966,4.799,4.799,False,0.3449495028381497,0.4725169905806606
Chile,CHL,1967,4.593,4.593,False,0.2435351830778159,0.4479551687134851
Chile,CHL,1968,4.392,4.392,False,0.1445823759330246,0.42398950757124126
Chile,CHL,1969,4.202,4.202,False,0.05104489654242547,0.40133540002384643
Chile,CHL,1970,4.023,4.023,False,-0.03707725509398103,0.3799928460713008
Chile,CHL,1971,3.851,3.851,False,-0.12175328906862834,0.3594849171336592
Chile,CHL,1972,3.679,3.679,False,-0.20642932304327585,0.3389769881960176
Chile,CHL,1973,3.504,3.504,False,-0.29258226458724845,0.3181113628234172
Chile,CHL,1974,3.33,3.33,False,-0.37824290360811275,0.29736496959580305
Chile,CHL,1975,3.1630000000000003,3.1630000000000003,False,-0.46045742496721803,0.27745320138309293
Chile,CHL,1976,3.013,3.013,False,-0.5343028034334805,0.2595683796351496
Chile,CHL,1977,2.887,2.887,False,-0.5963329213451408,0.2445451293668773
Chile,CHL,1978,2.7880000000000003,2.7880000000000003,False,-0.6450708711328738,0.2327411470132348
Chile,CHL,1979,2.718,2.718,False,-0.679532047750463,0.2243948968641946
Chile,CHL,1980,2.675,2.675,False,-0.7007010562441249,0.21926791462978418
Chile,CHL,1981,2.656,2.656,False,-0.7100548041831847,0.21700250387504474
Chile,CHL,1982,2.65,2.65,False,-0.7130086193218353,0.216287111005127
Chile,CHL,1983,2.651,2.651,False,-0.712516316798727,0.21640634315011326
Chile,CHL,1984,2.655,2.655,False,-0.7105471067062933,0.21688327173005842
Chile,CHL,1985,2.657,2.657,False,-0.7095625016600763,0.21712173602003101
Chile,CHL,1986,2.656,2.656,False,-0.7100548041831847,0.21700250387504474
Chile,CHL,1987,2.653,2.653,False,-0.71153171175251,0.21664480744008585
Chile,CHL,1988,2.649,2.649,False,-0.7135009218449436,0.2161678788601407
Chile,CHL,1989,2.64,2.64,False,-0.7179316445529194,0.21509478955526412
Chile,CHL,1990,2.624,2.624,False,-0.725808484922654,0.2131870752354835
Chile,CHL,1991,2.597,2.597,False,-0.7391006530465812,0.2099678073208537
Chile,CHL,1992,2.559,2.559,False,-0.7578081489247009,0.20543698581137476
Chile,CHL,1993,2.51,2.51,False,-0.7819309725570135,0.1995946107070466
Chile,CHL,1994,2.4530000000000003,2.4530000000000003,False,-0.8099922163741929,0.19279837844282824
Chile,CHL,1995,2.388,2.388,False,-0.8419918803762402,0.18504828901871945
Chile,CHL,1996,2.321,2.321,False,-0.8749761494245039,0.17705973530463817
Chile,CHL,1997,2.254,2.254,False,-0.9079604184727678,0.1690711815905568
Chile,CHL,1998,2.192,2.192,False,-0.9384831749054894,0.16167878860140697
Chile,CHL,1999,2.135,2.135,False,-0.9665444187226693,0.15488255633718848
Chile,CHL,2000,2.087,2.087,False,-0.990174939831873,0.1491594133778467
Chile,CHL,2001,2.047,2.047,False,-1.0098670407562096,0.14439012757839517
Chile,CHL,2002,2.014,2.014,False,-1.0261130240187875,0.1404554667938476
Chile,CHL,2003,1.985,1.985,False,-1.0403897971889313,0.13699773458924525
Chile,CHL,2004,1.96,1.96,False,-1.0526973602666418,0.13401693096458805
Chile,CHL,2005,1.939,1.939,False,-1.0630357132519186,0.13151305591987603
Chile,CHL,2006,1.92,1.92,False,-1.0723894611909786,0.1292476451651365
Chile,CHL,2007,1.903,1.903,False,-1.0807586040838215,0.12722069870036964
Chile,CHL,2008,1.888,1.888,False,-1.088143141930448,0.1254322165255753
Chile,CHL,2009,1.873,1.873,False,-1.0955276797770739,0.12364373435078095
Chile,CHL,2010,1.858,1.858,False,-1.1029122176237003,0.12185525217598667
Chile,CHL,2011,1.844,1.844,False,-1.109804452947218,0.12018600214617861
China,CHN,1960,5.757999999999999,5.757999999999999,False,0.8170676224991195,0.5868606176225108
China,CHN,1961,5.8870000000000005,5.8870000000000005,False,0.8805746479801057,0.6022415643257422
China,CHN,1962,6.007999999999999,6.007999999999999,False,0.9401432532762233,0.616668653869083
China,CHN,1963,6.103,6.103,False,0.9869119929715231,0.6279957076427803
China,CHN,1964,6.157,6.157,False,1.0134963292193777,0.63443424347204
China,CHN,1965,6.1610000000000005,6.1610000000000005,False,1.0154655393118115,0.6349111720519852
China,CHN,1966,6.11,6.11,False,0.9903581106332823,0.6288303326576845
China,CHN,1967,6.011,6.011,False,0.941620160845549,0.617026350304042
China,CHN,1968,5.871,5.871,False,0.8726978076103711,0.6003338500059616
China,CHN,1969,5.692,5.692,False,0.7845756559739645,0.5789912960534159
China,CHN,1970,5.47,5.47,False,0.6752844958438962,0.5525217598664599
China,CHN,1971,5.2,5.2,False,0.5423628146046242,0.5203290807201622
China,CHN,1972,4.887,4.887,False,0.3882721248716898,0.4830094193394538
China,CHN,1973,4.542,4.542,False,0.21842775439928663,0.4418743293191844
China,CHN,1974,4.181,4.181,False,0.04070654355714879,0.3988315249791344
China,CHN,1975,3.826,3.826,False,-0.13406085214633867,0.356504113509002
China,CHN,1976,3.497,3.497,False,-0.29602838224900746,0.3172767378085132
China,CHN,1977,3.212,3.212,False,-0.4363346013349057,0.28329557648742104
China,CHN,1978,2.982,2.982,False,-0.5495641816498412,0.25587218314057475
China,CHN,1979,2.813,2.813,False,-0.6327633080551635,0.235721950637892
China,CHN,1980,2.71,2.71,False,-0.6834704679353304,0.2234410397043043
China,CHN,1981,2.673,2.673,False,-0.7016856612903417,0.2190294503398116
China,CHN,1982,2.682,2.682,False,-0.697254938582366,0.2201025396446882
China,CHN,1983,2.72,2.72,False,-0.678547442704246,0.22463336115416718
China,CHN,1984,2.769,2.769,False,-0.6544246190719337,0.23047573625849532
China,CHN,1985,2.8110000000000004,2.8110000000000004,False,-0.6337479131013801,0.23548348634791946
China,CHN,1986,2.826,2.826,False,-0.626363375254754,0.23727196852271373
China,CHN,1987,2.806,2.806,False,-0.6362094257169224,0.23488732562298797
China,CHN,1988,2.745,2.745,False,-0.6662398796265357,0.2276141647788244
China,CHN,1989,2.644,2.644,False,-0.7159624344604857,0.21557171813520928
China,CHN,1990,2.506,2.506,False,-0.7839001826494472,0.19911768212710146
China,CHN,1991,2.342,2.342,False,-0.8646377964392271,0.1795636103493502
China,CHN,1992,2.171,2.171,False,-0.9488215278907663,0.15917491355669489
China,CHN,1993,2.009,2.009,False,-1.0285745366343295,0.13985930606891617
China,CHN,1994,1.865,1.865,False,-1.0994660999619412,0.12268987719089065
China,CHN,1995,1.746,1.746,False,-1.1580501002118428,0.10850125193752236
China,CHN,1996,1.656,1.656,False,-1.2023573272916004,0.0977703588887564
China,CHN,1997,1.591,1.591,False,-1.2343569912936472,0.09002026946464767
China,CHN,1998,1.546,1.546,False,-1.2565106048335257,0.0846548229402647
China,CHN,1999,1.52,1.52,False,-1.2693104704343448,0.0815547871706212
China,CHN,2000,1.51,1.51,False,-1.2742334956654289,0.08036246572075832
China,CHN,2001,1.514,1.514,False,-1.272264285572995,0.08083939430070347
China,CHN,2002,1.527,1.527,False,-1.2658643527725857,0.0823894121855252
China,CHN,2003,1.546,1.546,False,-1.2565106048335257,0.0846548229402647
China,CHN,2004,1.5659999999999998,1.5659999999999998,False,-1.2466645543713577,0.08703946583999043
China,CHN,2005,1.585,1.585,False,-1.2373108064322977,0.08930487659472994
China,CHN,2006,1.602,1.602,False,-1.2289416635394546,0.09133182305949684
China,CHN,2007,1.617,1.617,False,-1.2215571256928284,0.09312030523429116
China,CHN,2008,1.63,1.63,False,-1.215157192892419,0.0946703231191129
China,CHN,2009,1.642,1.642,False,-1.209249562615118,0.09610110885894836
China,CHN,2010,1.65,1.65,False,-1.2053111424302507,0.09705496601883867
China,CHN,2011,1.6569999999999998,1.6569999999999998,False,-1.2018650247684917,0.09788959103374267
Colombia,COL,1960,6.807,6.807,False,1.3334929692398478,0.7119351377131274
Colombia,COL,1961,6.8,6.8,False,1.3300468515780888,0.7111005126982234
Colombia,COL,1962,6.776,6.776,False,1.3182315910234867,0.7082389412185525
Colombia,COL,1963,6.731,6.731,False,1.296077977483608,0.7028734946941695
Colombia,COL,1964,6.6610000000000005,6.6610000000000005,False,1.2616168008660194,0.6945272445451294
Colombia,COL,1965,6.559,6.559,False,1.2114019435089607,0.682365565756528
Colombia,COL,1966,6.4220000000000015,6.4220000000000015,False,1.1439564978431085,0.6660307618934066
Colombia,COL,1967,6.25,6.25,False,1.0592804638684603,0.6455228329557648
Colombia,COL,1968,6.05,6.05,False,0.9608199592467771,0.6216764039585071
Colombia,COL,1969,5.83,5.83,False,0.8525134041629259,0.5954453320615237
Colombia,COL,1970,5.599,5.599,False,0.7387915213248819,0.5679027065696911
Colombia,COL,1971,5.37,5.37,False,0.6260542435330547,0.5405985453678311
Colombia,COL,1972,5.153,5.153,False,0.5192245960185283,0.5147251699058065
Colombia,COL,1973,4.956,4.956,False,0.4222409989661709,0.4912364373435078
Colombia,COL,1974,4.782,4.782,False,0.33658035994530644,0.4704900441158936
Colombia,COL,1975,4.631,4.631,False,0.26224267895593584,0.45248599022296415
Colombia,COL,1976,4.497,4.497,False,0.19627414085940798,0.43650888279480143
Colombia,COL,1977,4.372,4.372,False,0.13473632547085607,0.4216048646715154
Colombia,COL,1978,4.247,4.247,False,0.07319851008230413,0.4067008465482294
Colombia,COL,1979,4.121,4.121,False,0.011168392170644057,0.39167759627995713
Colombia,COL,1980,3.993,3.993,False,-0.05184633078723339,0.37641588172171214
Colombia,COL,1981,3.867,3.867,False,-0.11387644869889368,0.36139263145343986
Colombia,COL,1982,3.744,3.744,False,-0.17442965904122867,0.3467270776201264
Colombia,COL,1983,3.63,3.63,False,-0.23055214667558818,0.3331346130916895
Colombia,COL,1984,3.525,3.525,False,-0.2822439116019718,0.32061523786812923
Colombia,COL,1985,3.43,3.43,False,-0.32901265129727114,0.3092881840944319
Colombia,COL,1986,3.347,3.347,False,-0.36987376071526973,0.2993919160605699
Colombia,COL,1987,3.275,3.275,False,-0.40531954237907564,0.29080720162155715
Colombia,COL,1988,3.2110000000000003,3.2110000000000003,False,-0.43682690385801404,0.28317634434243477
Colombia,COL,1989,3.155,3.155,False,-0.46439584515208554,0.27649934422320255
Colombia,COL,1990,3.104,3.104,False,-0.4895032738306146,0.2704185048289019
Colombia,COL,1991,3.057,3.057,False,-0.5126414924167102,0.2648145940145463
Colombia,COL,1992,3.012,3.012,False,-0.5347951059565889,0.25944914749016335
Colombia,COL,1993,2.966,2.966,False,-0.5574410220195759,0.2539644688207941
Colombia,COL,1994,2.92,2.92,False,-0.5800869380825632,0.24847979015142482
Colombia,COL,1995,2.872,2.872,False,-0.6037174591917671,0.24275664719208298
Colombia,COL,1996,2.823,2.823,False,-0.6278402828240794,0.23691427208775487
Colombia,COL,1997,2.775,2.775,False,-0.6514708039332834,0.23119112912841303
Colombia,COL,1998,2.727,2.727,False,-0.6751013250424873,0.22546798616907118
Colombia,COL,1999,2.682,2.682,False,-0.697254938582366,0.2201025396446882
Colombia,COL,2000,2.64,2.64,False,-0.7179316445529194,0.21509478955526412
Colombia,COL,2001,2.603,2.603,False,-0.7361468379079307,0.21068320019077147
Colombia,COL,2002,2.57,2.57,False,-0.7523928211705085,0.2067485394062239
Colombia,COL,2003,2.542,2.542,False,-0.7661772918175442,0.20341003934660784
Colombia,COL,2004,2.518,2.518,False,-0.7779925523721462,0.20054846786693692
Colombia,COL,2005,2.496,2.496,False,-0.7888232078805312,0.1979253606772386
Colombia,COL,2006,2.475,2.475,False,-0.7991615608658079,0.19542148563252654
Colombia,COL,2007,2.454,2.454,False,-0.8094999138510846,0.1929176105878145
Colombia,COL,2008,2.43,2.43,False,-0.8213151744056866,0.1900560391081436
Colombia,COL,2009,2.405,2.405,False,-0.8336227374833971,0.18707523548348634
Colombia,COL,2010,2.376,2.376,False,-0.8478995106535411,0.183617503278884
Colombia,COL,2011,2.346,2.346,False,-0.8626685863467936,0.18004053892929536
Comoros,COM,1960,6.7920000000000025,6.7920000000000025,False,1.3261084313932228,0.7101466555383333
Comoros,COM,1961,6.849,6.849,False,1.3541696752104013,0.7169428878025516
Comoros,COM,1962,6.897,6.897,False,1.3778001963196052,0.7226660307618934
Comoros,COM,1963,6.939,6.939,False,1.3984769022901586,0.7276737808513174
Comoros,COM,1964,6.975,6.975,False,1.4161997931220613,0.7319661380708238
Comoros,COM,1965,7.004,7.004,False,1.4304765662922052,0.7354238702754261
Comoros,COM,1966,7.027,7.027,False,1.4417995243236992,0.7381662096101108
Comoros,COM,1967,7.044,7.044,False,1.450168667216542,0.7401931560748777
Comoros,COM,1968,7.055,7.055,False,1.4555839949707345,0.7415047096697268
Comoros,COM,1969,7.06,7.06,False,1.4580455075862766,0.7421008703946583
Comoros,COM,1970,7.061,7.061,False,1.458537810109385,0.7422201025396447
Comoros,COM,1971,7.06,7.06,False,1.4580455075862766,0.7421008703946583
Comoros,COM,1972,7.058,7.058,False,1.4570609025400598,0.7418624061046857
Comoros,COM,1973,7.055,7.055,False,1.4555839949707345,0.7415047096697268
Comoros,COM,1974,7.0520000000000005,7.0520000000000005,False,1.4541070874014097,0.7411470132347681
Comoros,COM,1975,7.053999999999999,7.053999999999999,False,1.455091692447626,0.7413854775247405
Comoros,COM,1976,7.065,7.065,False,1.460507020201819,0.7426970311195898
Comoros,COM,1977,7.084,7.084,False,1.4698607681408786,0.7449624418743293
Comoros,COM,1978,7.106,7.106,False,1.4806914236492639,0.7475855490640275
Comoros,COM,1979,7.126,7.126,False,1.4905374741114323,0.7499701919637534
Comoros,COM,1980,7.129,7.129,False,1.4920143816807572,0.7503278883987121
Comoros,COM,1981,7.102,7.102,False,1.4787222135568303,0.7471086204840824
Comoros,COM,1982,7.033,7.033,False,1.4447533394623497,0.7388816024800285
Comoros,COM,1983,6.921,6.921,False,1.3896154568742072,0.7255276022415643
Comoros,COM,1984,6.766,6.766,False,1.3133085657924026,0.7070466197686895
Comoros,COM,1985,6.5760000000000005,6.5760000000000005,False,1.2197710864018039,0.6843925122212948
Comoros,COM,1986,6.362,6.362,False,1.1144183464566029,0.6588768331942291
Comoros,COM,1987,6.141,6.141,False,1.005619488849643,0.6325265291522594
Comoros,COM,1988,5.928,5.928,False,0.9007590514275505,0.60713008227018
Comoros,COM,1989,5.735,5.735,False,0.8057446644676265,0.5841182782878264
Comoros,COM,1990,5.573,5.573,False,0.7259916557240632,0.5648026708000476
Comoros,COM,1991,5.447,5.447,False,0.6639615378124027,0.5497794205317753
Comoros,COM,1992,5.355,5.355,False,0.6186697056864287,0.5388100631930368
Comoros,COM,1993,5.292999999999998,5.292999999999998,False,0.5881469492537059,0.5314176702038867
Comoros,COM,1994,5.2570000000000014,5.2570000000000014,False,0.5704240584218044,0.5271253129843807
Comoros,COM,1995,5.246,5.246,False,0.5650087306676114,0.5258137593895315
Comoros,COM,1996,5.252999999999999,5.252999999999999,False,0.5684548483293698,0.5266483844044353
Comoros,COM,1997,5.27,5.27,False,0.576823991222213,0.5286753308692023
Comoros,COM,1998,5.289,5.289,False,0.5861777391612729,0.5309407416239417
Comoros,COM,1999,5.306,5.306,False,0.5945468820541161,0.5329676880887086
Comoros,COM,2000,5.315,5.315,False,0.598977604762092,0.5340407773935852
Comoros,COM,2001,5.313,5.313,False,0.5979929997158749,0.5338023131036126
Comoros,COM,2002,5.303,5.303,False,0.5930699744847908,0.5326099916537498
Comoros,COM,2003,5.283,5.283,False,0.5832239240226228,0.530225348754024
Comoros,COM,2004,5.254,5.254,False,0.5689471508524783,0.5267676165494216
Comoros,COM,2005,5.216,5.216,False,0.5502396549743588,0.5222367950399427
Comoros,COM,2006,5.167999999999998,5.167999999999998,False,0.526609133865154,0.5165136520806006
Comoros,COM,2007,5.112,5.112,False,0.49904019257108356,0.5098366519613687
Comoros,COM,2008,5.051,5.051,False,0.4690097386614703,0.5025634911172051
Comoros,COM,2009,4.9860000000000015,4.9860000000000015,False,0.43701007465942393,0.49481340169309657
Comoros,COM,2010,4.919,4.919,False,0.40402580561115914,0.48682484797901504
Comoros,COM,2011,4.85,4.85,False,0.3700569315166785,0.47859782997496114
"Congo, Dem. Rep.",COD,1960,6.001,6.001,False,0.936697135614465,0.615834028854179
"Congo, Dem. Rep.",COD,1961,6.015,6.015,False,0.9435893709379825,0.617503278883987
"Congo, Dem. Rep.",COD,1962,6.03,6.03,False,0.950973908784609,0.6192917610587814
"Congo, Dem. Rep.",COD,1963,6.047999999999999,6.047999999999999,False,0.95983535420056,0.6214379396685344
"Congo, Dem. Rep.",COD,1964,6.067,6.067,False,0.9691891021396204,0.6237033504232741
"Congo, Dem. Rep.",COD,1965,6.089,6.089,False,0.9800197576480056,0.6263264576129725
"Congo, Dem. Rep.",COD,1966,6.1110000000000015,6.1110000000000015,False,0.9908504131563913,0.628949564802671
"Congo, Dem. Rep.",COD,1967,6.135,6.135,False,1.0026656737109925,0.6318111362823416
"Congo, Dem. Rep.",COD,1968,6.1610000000000005,6.1610000000000005,False,1.0154655393118115,0.6349111720519852
"Congo, Dem. Rep.",COD,1969,6.187,6.187,False,1.0282654049126303,0.6380112078216287
"Congo, Dem. Rep.",COD,1970,6.214,6.214,False,1.0415575730365576,0.6412304757362585
"Congo, Dem. Rep.",COD,1971,6.242000000000001,6.242000000000001,False,1.0553420436835934,0.6445689757958746
"Congo, Dem. Rep.",COD,1972,6.271,6.271,False,1.069618816853737,0.6480267080004768
"Congo, Dem. Rep.",COD,1973,6.301,6.301,False,1.0843878925469896,0.6516036723500656
"Congo, Dem. Rep.",COD,1974,6.3329999999999975,6.3329999999999975,False,1.1001415732864575,0.6554191009896264
"Congo, Dem. Rep.",COD,1975,6.3660000000000005,6.3660000000000005,False,1.1163875565490367,0.6593537617741743
"Congo, Dem. Rep.",COD,1976,6.403,6.403,False,1.1346027499040476,0.6637653511386669
"Congo, Dem. Rep.",COD,1977,6.443,6.443,False,1.1542948508283843,0.6685346369381184
"Congo, Dem. Rep.",COD,1978,6.487,6.487,False,1.1759561618451548,0.6737808513175152
"Congo, Dem. Rep.",COD,1979,6.535,6.535,False,1.1995866829543587,0.679503994276857
"Congo, Dem. Rep.",COD,1980,6.585,6.585,False,1.2242018091097795,0.6854656015261714
"Congo, Dem. Rep.",COD,1981,6.636,6.636,False,1.2493092377883086,0.6915464409204721
"Congo, Dem. Rep.",COD,1982,6.689,6.689,False,1.2754012715130547,0.6978657446047454
"Congo, Dem. Rep.",COD,1983,6.742000000000001,6.742000000000001,False,1.301493305237801,0.7041850482890187
"Congo, Dem. Rep.",COD,1984,6.794,6.794,False,1.327093036439438,0.7103851198283055
"Congo, Dem. Rep.",COD,1985,6.847,6.847,False,1.3531850701641845,0.716704423512579
"Congo, Dem. Rep.",COD,1986,6.902,6.902,False,1.3802617089351472,0.7232621914868248
"Congo, Dem. Rep.",COD,1987,6.96,6.96,False,1.4088152552754352,0.7301776558960295
"Congo, Dem. Rep.",COD,1988,7.019,7.019,False,1.4378611041388318,0.7372123524502205
"Congo, Dem. Rep.",COD,1989,7.077000000000001,7.077000000000001,False,1.4664146504791202,0.7441278168594253
"Congo, Dem. Rep.",COD,1990,7.132999999999999,7.132999999999999,False,1.4939835917731907,0.7508048169786573
"Congo, Dem. Rep.",COD,1991,7.183,7.183,False,1.5185987179286118,0.7567664242279718
"Congo, Dem. Rep.",COD,1992,7.223,7.223,False,1.5382908188529485,0.7615357100274233
"Congo, Dem. Rep.",COD,1993,7.251,7.251,False,1.5520752894999843,0.7648742100870394
"Congo, Dem. Rep.",COD,1994,7.267,7.267,False,1.559952129869719,0.76678192440682
"Congo, Dem. Rep.",COD,1995,7.267,7.267,False,1.559952129869719,0.76678192440682
"Congo, Dem. Rep.",COD,1996,7.252999999999999,7.252999999999999,False,1.5530598945462006,0.7651126743770119
"Congo, Dem. Rep.",COD,1997,7.227,7.227,False,1.5402600289453823,0.7620126386073685
"Congo, Dem. Rep.",COD,1998,7.19,7.19,False,1.522044835590371,0.7576010492428759
"Congo, Dem. Rep.",COD,1999,7.143,7.143,False,1.498906617004275,0.7519971384285202
"Congo, Dem. Rep.",COD,2000,7.089,7.089,False,1.4723222807564211,0.7455586025992608
"Congo, Dem. Rep.",COD,2001,7.027,7.027,False,1.4417995243236992,0.7381662096101108
"Congo, Dem. Rep.",COD,2002,6.96,6.96,False,1.4088152552754352,0.7301776558960295
"Congo, Dem. Rep.",COD,2003,6.8870000000000005,6.8870000000000005,False,1.372877171088521,0.7214737093120305
"Congo, Dem. Rep.",COD,2004,6.809,6.809,False,1.3344775742860646,0.7121736020031
"Congo, Dem. Rep.",COD,2005,6.728,6.728,False,1.2946010699142827,0.7025157982592106
"Congo, Dem. Rep.",COD,2006,6.642,6.642,False,1.2522630529269594,0.6922618337903899
"Congo, Dem. Rep.",COD,2007,6.55,6.55,False,1.2069712208009848,0.6812924764516513
"Congo, Dem. Rep.",COD,2008,6.454,6.454,False,1.159710178582577,0.6698461905329676
"Congo, Dem. Rep.",COD,2009,6.354,6.354,False,1.1104799262717355,0.6579229760343388
"Congo, Dem. Rep.",COD,2010,6.251,6.251,False,1.0597727663915688,0.6456420651007512
"Congo, Dem. Rep.",COD,2011,6.146,6.146,False,1.008081001465185,0.6331226898771908
"Congo, Rep.",COG,1960,5.88,5.88,False,0.8771285303183465,0.6014069393108381
"Congo, Rep.",COG,1961,5.9220000000000015,5.9220000000000015,False,0.8978052362889007,0.6064146894002624
"Congo, Rep.",COG,1962,5.9670000000000005,5.9670000000000005,False,0.919958849828779,0.6117801359246453
"Congo, Rep.",COG,1963,6.0120000000000005,6.0120000000000005,False,0.9421124633686576,0.6171455824490283
"Congo, Rep.",COG,1964,6.056,6.056,False,0.9637737743854277,0.6223917968284248
"Congo, Rep.",COG,1965,6.098,6.098,False,0.984450480355981,0.6273995469178489
"Congo, Rep.",COG,1966,6.138,6.138,False,1.0041425812803177,0.6321688327173005
"Congo, Rep.",COG,1967,6.174,6.174,False,1.021865472112221,0.6364611899368069
"Congo, Rep.",COG,1968,6.2070000000000025,6.2070000000000025,False,1.0381114553747997,0.6403958507213547
"Congo, Rep.",COG,1969,6.235,6.235,False,1.0518959260218341,0.6437343507809705
"Congo, Rep.",COG,1970,6.259,6.259,False,1.0637111865764362,0.6465959222606414
"Congo, Rep.",COG,1971,6.28,6.28,False,1.074049539561713,0.6490997973053535
"Congo, Rep.",COG,1972,6.2970000000000015,6.2970000000000015,False,1.0824186824545565,0.6511267437701205
"Congo, Rep.",COG,1973,6.312,6.312,False,1.0898032203011823,0.6529152259449147
"Congo, Rep.",COG,1974,6.3210000000000015,6.3210000000000015,False,1.0942339430091585,0.6539883152497915
"Congo, Rep.",COG,1975,6.325,6.325,False,1.0962031531015914,0.6544652438297365
"Congo, Rep.",COG,1976,6.318,6.318,False,1.0927570354398324,0.6536306188148323
"Congo, Rep.",COG,1977,6.301,6.301,False,1.0843878925469896,0.6516036723500656
"Congo, Rep.",COG,1978,6.273,6.273,False,1.0706034218999536,0.6482651722904494
"Congo, Rep.",COG,1979,6.231,6.231,False,1.0499267159294003,0.6432574222010253
"Congo, Rep.",COG,1980,6.178,6.178,False,1.0238346822046542,0.6369381185167521
"Congo, Rep.",COG,1981,6.112,6.112,False,0.991342715679499,0.629068796947657
"Congo, Rep.",COG,1982,6.0360000000000005,6.0360000000000005,False,0.9539277239232596,0.6200071539286992
"Congo, Rep.",COG,1983,5.952000000000001,5.952000000000001,False,0.9125743119821529,0.609991653749851
"Congo, Rep.",COG,1984,5.864,5.864,False,0.8692516899486119,0.5994992249910575
"Congo, Rep.",COG,1985,5.774,5.774,False,0.8249444628688546,0.5887683319422916
"Congo, Rep.",COG,1986,5.682,5.682,False,0.7796526307428805,0.5777989746035531
"Congo, Rep.",COG,1987,5.591,5.591,False,0.7348531011400146,0.5669488494098008
"Congo, Rep.",COG,1988,5.502999999999999,5.502999999999999,False,0.6915304791064736,0.5564564206510073
"Congo, Rep.",COG,1989,5.421,5.421,False,0.651161672211584,0.5466793847621318
"Congo, Rep.",COG,1990,5.347,5.347,False,0.6147312855015613,0.5378562060331465
"Congo, Rep.",COG,1991,5.2860000000000005,5.2860000000000005,False,0.5847008315919481,0.5305830451889829
"Congo, Rep.",COG,1992,5.2360000000000015,5.2360000000000015,False,0.5600857054365278,0.5246214379396686
"Congo, Rep.",COG,1993,5.198,5.198,False,0.5413782095584074,0.5200906164301896
"Congo, Rep.",COG,1994,5.171,5.171,False,0.5280860414344801,0.5168713485155597
"Congo, Rep.",COG,1995,5.154,5.154,False,0.5197168985416369,0.5148444020507928
"Congo, Rep.",COG,1996,5.145,5.145,False,0.515286175833661,0.5137713127459161
"Congo, Rep.",COG,1997,5.141,5.141,False,0.5133169657412275,0.5132943841659711
"Congo, Rep.",COG,1998,5.138999999999999,5.138999999999999,False,0.5123323606950104,0.5130559198759984
"Congo, Rep.",COG,1999,5.1370000000000005,5.1370000000000005,False,0.5113477556487941,0.512817455586026
"Congo, Rep.",COG,2000,5.134,5.134,False,0.5098708480794688,0.5124597591510671
"Congo, Rep.",COG,2001,5.131,5.131,False,0.5083939405101435,0.5121020627161083
"Congo, Rep.",COG,2002,5.127999999999999,5.127999999999999,False,0.5069170329408178,0.5117443662811493
"Congo, Rep.",COG,2003,5.125,5.125,False,0.505440125371493,0.5113866698461905
"Congo, Rep.",COG,2004,5.122000000000001,5.122000000000001,False,0.503963217802168,0.5110289734112317
"Congo, Rep.",COG,2005,5.119,5.119,False,0.5024863102328423,0.5106712769762727
"Congo, Rep.",COG,2006,5.114,5.114,False,0.5000247976173003,0.5100751162513413
"Congo, Rep.",COG,2007,5.109,5.109,False,0.4975632850017583,0.5094789555264099
"Congo, Rep.",COG,2008,5.101,5.101,False,0.49362486481689094,0.5085250983665196
"Congo, Rep.",COG,2009,5.089,5.089,False,0.48771723453959015,0.5070943126266841
"Congo, Rep.",COG,2010,5.072,5.072,False,0.47934809164674697,0.5050673661619172
"Congo, Rep.",COG,2011,5.046,5.046,False,0.4665482260459282,0.5019673303922737
Costa Rica,CRI,1960,7.311,7.311,False,1.581613440886489,0.7720281387862167
Costa Rica,CRI,1961,7.295,7.295,False,1.5737366005167543,0.770120424466436
Costa Rica,CRI,1962,7.221,7.221,False,1.5373062138067317,0.7612972457374507
Costa Rica,CRI,1963,7.085,7.085,False,1.4703530706639871,0.7450816740193156
Costa Rica,CRI,1964,6.886,6.886,False,1.3723848685654125,0.7213544771670442
Costa Rica,CRI,1965,6.631,6.631,False,1.2468477251727668,0.6909502801955407
Costa Rica,CRI,1966,6.327999999999999,6.327999999999999,False,1.0976800606709163,0.6548229402646952
Costa Rica,CRI,1967,5.997000000000001,5.997000000000001,False,0.9347279255220315,0.615357100274234
Costa Rica,CRI,1968,5.657,5.657,False,0.76734506766517,0.5748181709788959
Costa Rica,CRI,1969,5.324,5.324,False,0.6034083274700676,0.5351138666984618
Costa Rica,CRI,1970,5.012,5.012,False,0.4498099402602418,0.49791343746273986
Costa Rica,CRI,1971,4.7330000000000005,4.7330000000000005,False,0.31245753631299433,0.46464766901156557
Costa Rica,CRI,1972,4.488,4.488,False,0.19184341815143252,0.43543579348992495
Costa Rica,CRI,1973,4.2780000000000005,4.2780000000000005,False,0.08845988829866529,0.4103970430428044
Costa Rica,CRI,1974,4.105,4.105,False,0.0032915518009094032,0.38976988196017653
Costa Rica,CRI,1975,3.968,3.968,False,-0.06415389386494373,0.37343507809705495
Costa Rica,CRI,1976,3.864,3.864,False,-0.11535335626821898,0.36103493501848094
Costa Rica,CRI,1977,3.784,3.784,False,-0.15473755811689224,0.3514963634195779
Costa Rica,CRI,1978,3.719,3.719,False,-0.18673722211893923,0.34374627399546914
Costa Rica,CRI,1979,3.665,3.665,False,-0.2133215583667936,0.3373077381662096
Costa Rica,CRI,1980,3.618,3.618,False,-0.23645977695288917,0.33170382735185405
Costa Rica,CRI,1981,3.577,3.577,False,-0.25664418040033415,0.3268153094074162
Costa Rica,CRI,1982,3.544,3.544,False,-0.27289016366291186,0.32288064862286875
Costa Rica,CRI,1983,3.517,3.517,False,-0.2861823317868391,0.3196613807082389
Costa Rica,CRI,1984,3.491,3.491,False,-0.2989821973876578,0.31656134493859545
Costa Rica,CRI,1985,3.463,3.463,False,-0.3127666680346935,0.3132228448789794
Costa Rica,CRI,1986,3.427,3.427,False,-0.3304895588665964,0.308930487659473
Costa Rica,CRI,1987,3.38,3.38,False,-0.353627777452692,0.30332657684511743
Costa Rica,CRI,1988,3.323,3.323,False,-0.3816890212698717,0.296530344580899
Costa Rica,CRI,1989,3.254,3.254,False,-0.4156578953643523,0.2883033265768451
Costa Rica,CRI,1990,3.175,3.175,False,-0.45454979468991724,0.27888398712292833
Costa Rica,CRI,1991,3.09,3.09,False,-0.49639550915413255,0.26874925479909384
Costa Rica,CRI,1992,3.002,3.002,False,-0.5397181311876731,0.2582568260403004
Costa Rica,CRI,1993,2.917,2.917,False,-0.5815638456518885,0.24812209371646593
Costa Rica,CRI,1994,2.835,2.835,False,-0.6219326525467784,0.23834505782759033
Costa Rica,CRI,1995,2.758,2.758,False,-0.6598399468261263,0.22916418266364613
Costa Rica,CRI,1996,2.6860000000000004,2.6860000000000004,False,-0.6952857284899321,0.22057946822463342
Costa Rica,CRI,1997,2.616,2.616,False,-0.7297469051075213,0.2122332180755932
Costa Rica,CRI,1998,2.548,2.548,False,-0.7632234766788936,0.2041254322165256
Costa Rica,CRI,1999,2.481,2.481,False,-0.7962077457271575,0.19613687850244424
Costa Rica,CRI,2000,2.414,2.414,False,-0.8291920147754213,0.18814832478836296
Costa Rica,CRI,2001,2.345,2.345,False,-0.8631608888699018,0.1799213067843091
Costa Rica,CRI,2002,2.275,2.275,False,-0.8976220654874911,0.17157505663526887
Costa Rica,CRI,2003,2.204,2.204,False,-0.9325755446281885,0.16310957434124243
Costa Rica,CRI,2004,2.134,2.134,False,-0.9670367212457777,0.1547633241922022
Costa Rica,CRI,2005,2.067,2.067,False,-1.0000209902940413,0.14677477047812093
Costa Rica,CRI,2006,2.006,2.006,False,-1.0300514442036548,0.1395016096339573
Costa Rica,CRI,2007,1.953,1.953,False,-1.0561434779284007,0.13318230594968403
Costa Rica,CRI,2008,1.909,1.909,False,-1.0778047889451712,0.12793609157028735
Costa Rica,CRI,2009,1.874,1.874,False,-1.0950353772539656,0.12376296649576728
Costa Rica,CRI,2010,1.847,1.847,False,-1.108327545377893,0.12054369858113748
Costa Rica,CRI,2011,1.827,1.827,False,-1.1181735958400612,0.1181590556814117
Cote d'Ivoire,CIV,1960,7.351,7.351,False,1.6013055418108257,0.7767974245856683
Cote d'Ivoire,CIV,1961,7.427,7.427,False,1.6387205335670652,0.7858590676046261
Cote d'Ivoire,CIV,1962,7.501,7.501,False,1.6751509202770882,0.7946822463336115
Cote d'Ivoire,CIV,1963,7.572,7.572,False,1.7101043994177856,0.803147728627638
Cote d'Ivoire,CIV,1964,7.6389999999999985,7.6389999999999985,False,1.7430886684660485,0.8111362823417191
Cote d'Ivoire,CIV,1965,7.701,7.701,False,1.7736114248987709,0.818528675330869
Cote d'Ivoire,CIV,1966,7.7570000000000014,7.7570000000000014,False,1.801180366192843,0.8252056754501015
Cote d'Ivoire,CIV,1967,7.806,7.806,False,1.8253031898251546,0.8310480505544294
Cote d'Ivoire,CIV,1968,7.849,7.849,False,1.8464721983188166,0.8361750327888399
Cote d'Ivoire,CIV,1969,7.882999999999999,7.882999999999999,False,1.8632104841045023,0.8402289257183735
Cote d'Ivoire,CIV,1970,7.907999999999999,7.907999999999999,False,1.8755180471822124,0.8432097293430306
Cote d'Ivoire,CIV,1971,7.927,7.927,False,1.8848717951212728,0.8454751400977703
Cote d'Ivoire,CIV,1972,7.937,7.937,False,1.8897948203523571,0.8466674615476332
Cote d'Ivoire,CIV,1973,7.94,7.94,False,1.8912717279216826,0.847025157982592
Cote d'Ivoire,CIV,1974,7.934,7.934,False,1.8883179127830318,0.8463097651126743
Cote d'Ivoire,CIV,1975,7.916,7.916,False,1.8794564673670806,0.8441635865029211
Cote d'Ivoire,CIV,1976,7.883999999999999,7.883999999999999,False,1.8637027866276104,0.8403481578633597
Cote d'Ivoire,CIV,1977,7.8370000000000015,7.8370000000000015,False,1.8405645680415164,0.8347442470490045
Cote d'Ivoire,CIV,1978,7.774,7.774,False,1.8095495090856855,0.8272326219148681
Cote d'Ivoire,CIV,1979,7.695,7.695,False,1.7706576097601208,0.8178132824609514
Cote d'Ivoire,CIV,1980,7.602,7.602,False,1.7248734751110382,0.8067246929772266
Cote d'Ivoire,CIV,1981,7.497000000000001,7.497000000000001,False,1.6731817101846547,0.7942053177536664
Cote d'Ivoire,CIV,1982,7.382999999999999,7.382999999999999,False,1.6170592225502944,0.7806128532252293
Cote d'Ivoire,CIV,1983,7.263,7.263,False,1.557982919777285,0.7663049958268748
Cote d'Ivoire,CIV,1984,7.138999999999999,7.138999999999999,False,1.4969374069118413,0.751520209848575
Cote d'Ivoire,CIV,1985,7.013,7.013,False,1.4349072890001813,0.7364969595803028
Cote d'Ivoire,CIV,1986,6.884,6.884,False,1.3714002635191958,0.7211160128770716
Cote d'Ivoire,CIV,1987,6.752000000000002,6.752000000000002,False,1.3064163304688856,0.7053773697388818
Cote d'Ivoire,CIV,1988,6.619,6.619,False,1.2409400948954654,0.6895194944557052
Cote d'Ivoire,CIV,1989,6.4860000000000015,6.4860000000000015,False,1.175463859322047,0.673661619172529
Cote d'Ivoire,CIV,1990,6.356,6.356,False,1.1114645313179523,0.6581614403243113
Cote d'Ivoire,CIV,1991,6.232,6.232,False,1.0504190184525088,0.6433766543460117
Cote d'Ivoire,CIV,1992,6.114,6.114,False,0.9923273207257157,0.6293072612376296
Cote d'Ivoire,CIV,1993,6.005,6.005,False,0.9386663457068984,0.6163109574341241
Cote d'Ivoire,CIV,1994,5.904,5.904,False,0.8889437908729485,0.604268510790509
Cote d'Ivoire,CIV,1995,5.81,5.81,False,0.8426673537007573,0.5930606891617979
Cote d'Ivoire,CIV,1996,5.72,5.72,False,0.798360126621,0.5823297961130319
Cote d'Ivoire,CIV,1997,5.632999999999999,5.632999999999999,False,0.7555298071105675,0.5719565994992248
Cote d'Ivoire,CIV,1998,5.5470000000000015,5.5470000000000015,False,0.713191790123245,0.5617026350304043
Cote d'Ivoire,CIV,1999,5.46,5.46,False,0.670361470612812,0.5513294384165971
Cote d'Ivoire,CIV,2000,5.375,5.375,False,0.6285157561485968,0.5411947060927625
Cote d'Ivoire,CIV,2001,5.289,5.289,False,0.5861777391612729,0.5309407416239417
Cote d'Ivoire,CIV,2002,5.207000000000002,5.207000000000002,False,0.5458089322663838,0.5211637057350663
Cote d'Ivoire,CIV,2003,5.13,5.13,False,0.5079016379870349,0.5119828305711219
Cote d'Ivoire,CIV,2004,5.06,5.06,False,0.47344046136944573,0.5036365804220817
Cote d'Ivoire,CIV,2005,5.0,5.0,False,0.443902309982941,0.49648265172290446
Cote d'Ivoire,CIV,2006,4.956,4.956,False,0.4222409989661709,0.4912364373435078
Cote d'Ivoire,CIV,2007,4.928,4.928,False,0.40845652831913504,0.4878979372838917
Cote d'Ivoire,CIV,2008,4.913,4.913,False,0.40107199047250897,0.48610945510909737
Cote d'Ivoire,CIV,2009,4.909,4.909,False,0.39910278038007513,0.4856325265291522
Cote d'Ivoire,CIV,2010,4.91,4.91,False,0.3995950829031837,0.4857517586741385
Cote d'Ivoire,CIV,2011,4.907,4.907,False,0.3981181753338584,0.48539406223917964
Croatia,HRV,1960,2.332,2.332,False,-0.8695608216703115,0.17837128889948728
Croatia,HRV,1961,2.302,2.302,False,-0.8843298973635638,0.17479432454989866
Croatia,HRV,1962,2.273,2.273,False,-0.8986066705337078,0.17133659234529633
Croatia,HRV,1963,2.2430000000000003,2.2430000000000003,False,-0.9133757462269602,0.16775962799570768
Croatia,HRV,1964,2.211,2.211,False,-0.9291294269664296,0.1639441993561464
Croatia,HRV,1965,2.177,2.177,False,-0.9458677127521157,0.15989030642661262
Croatia,HRV,1966,2.141,2.141,False,-0.9635906035840187,0.15559794920710623
Croatia,HRV,1967,2.104,2.104,False,-0.98180579693903,0.15118635984261358
Croatia,HRV,1968,2.068,2.068,False,-0.999528687770933,0.1468940026231072
Croatia,HRV,1969,2.035,2.035,False,-1.0157746710335107,0.1429593418385597
Croatia,HRV,1970,2.007,2.007,False,-1.0295591416805463,0.13962084177894363
Croatia,HRV,1971,1.987,1.987,False,-1.0394051921427145,0.13723619887921787
Croatia,HRV,1972,1.975,1.975,False,-1.0453128224200157,0.1358054131393824
Croatia,HRV,1973,1.972,1.972,False,-1.046789729989341,0.13544771670442352
Croatia,HRV,1974,1.976,1.976,False,-1.0448205198969072,0.13592464528436868
Croatia,HRV,1975,1.985,1.985,False,-1.0403897971889313,0.13699773458924525
Croatia,HRV,1976,1.996,1.996,False,-1.034974469434739,0.13830928818409444
Croatia,HRV,1977,2.005,2.005,False,-1.0305437467267633,0.13938237748897103
Croatia,HRV,1978,2.01,2.01,False,-1.0280822341112212,0.13997853821390246
Croatia,HRV,1979,2.01,2.01,False,-1.0280822341112212,0.13997853821390246
Croatia,HRV,1980,2.004,2.004,False,-1.0310360492498716,0.13926314534398476
Croatia,HRV,1981,1.993,1.993,False,-1.036451377004064,0.13795159174913557
Croatia,HRV,1982,1.9,1.9,False,-1.0822355116531468,0.12686300226541075
Croatia,HRV,1983,1.88,1.88,False,-1.0920815621153153,0.12447835936568499
Croatia,HRV,1984,1.87,1.87,False,-1.0970045873463992,0.12328603791582213
Croatia,HRV,1985,1.82,1.82,False,-1.12161971350182,0.11732443066650769
Croatia,HRV,1986,1.76,1.76,False,-1.1511578648883252,0.11017050196733039
Croatia,HRV,1987,1.64,1.64,False,-1.210234167661335,0.09586264456897578
Croatia,HRV,1988,1.79,1.79,False,-1.1363887891950726,0.11374746631691904
Croatia,HRV,1989,1.63,1.63,False,-1.215157192892419,0.0946703231191129
Croatia,HRV,1990,1.63,1.63,False,-1.215157192892419,0.0946703231191129
Croatia,HRV,1991,1.53,1.53,False,-1.2643874452032604,0.08274710862048408
Croatia,HRV,1992,1.48,1.48,False,-1.2890025713586812,0.07678550137116967
Croatia,HRV,1993,1.52,1.52,False,-1.2693104704343448,0.0815547871706212
Croatia,HRV,1994,1.47,1.47,False,-1.2939255965897656,0.07559317992130678
Croatia,HRV,1995,1.58,1.58,False,-1.2397723190478398,0.0887087158697985
Croatia,HRV,1996,1.67,1.67,False,-1.1954650919680825,0.09943960891856443
Croatia,HRV,1997,1.69,1.69,False,-1.185619041505914,0.1018242518182902
Croatia,HRV,1998,1.45,1.45,False,-1.3037716470519336,0.07320853702158102
Croatia,HRV,1999,1.38,1.38,False,-1.338232823669523,0.06486228687254082
Croatia,HRV,2000,1.39,1.39,False,-1.3333097984384388,0.06605460832240372
Croatia,HRV,2001,1.38,1.38,False,-1.338232823669523,0.06486228687254082
Croatia,HRV,2002,1.34,1.34,False,-1.3579249245938596,0.06009300107308931
Croatia,HRV,2003,1.33,1.33,False,-1.3628479498249435,0.05890067962322643
Croatia,HRV,2004,1.35,1.35,False,-1.3530018993627753,0.0612853225229522
Croatia,HRV,2005,1.41,1.41,False,-1.3234637479762703,0.06843925122212947
Croatia,HRV,2006,1.38,1.38,False,-1.338232823669523,0.06486228687254082
Croatia,HRV,2007,1.4,1.4,False,-1.3283867732073547,0.0672469297722666
Croatia,HRV,2008,1.47,1.47,False,-1.2939255965897656,0.07559317992130678
Croatia,HRV,2009,1.5,1.5,False,-1.279156520896513,0.07917014427089543
Croatia,HRV,2010,1.46,1.46,False,-1.2988486218208497,0.0744008584714439
Croatia,HRV,2011,1.46,1.46,False,-1.2988486218208497,0.0744008584714439
Cuba,CUB,1960,4.182,4.182,False,0.04119884608025737,0.3989507571241207
Cuba,CUB,1961,4.36,4.36,False,0.12882869519355528,0.42017407893168
Cuba,CUB,1962,4.509,4.509,False,0.20218177113670918,0.43793966853463695
Cuba,CUB,1963,4.606,4.606,False,0.24993511587822526,0.4495051865983069
Cuba,CUB,1964,4.643,4.643,False,0.2681503092332366,0.45391677596279956
Cuba,CUB,1965,4.617,4.617,False,0.2553504436324179,0.45081674019315604
Cuba,CUB,1966,4.54,4.54,False,0.2174431493530699,0.44163586502921187
Cuba,CUB,1967,4.433,4.433,False,0.16476677938046938,0.428878025515679
Cuba,CUB,1968,4.312,4.312,False,0.10519817408435132,0.4144509359723382
Cuba,CUB,1969,4.18,4.18,False,0.04021424103404021,0.39871229283414805
Cuba,CUB,1970,4.033,4.033,False,-0.03215422986289654,0.38118516752116377
Cuba,CUB,1971,3.857,3.857,False,-0.11879947392997774,0.360200310003577
Cuba,CUB,1972,3.646,3.646,False,-0.22267530630585353,0.3350423274114701
Cuba,CUB,1973,3.4,3.4,False,-0.34378172699052373,0.3057112197448432
Cuba,CUB,1974,3.127,3.127,False,-0.4781803157991212,0.2731608441635865
Cuba,CUB,1975,2.844,2.844,False,-0.6175019298388027,0.2394181471324669
Cuba,CUB,1976,2.573,2.573,False,-0.7509159136011833,0.2071062358411828
Cuba,CUB,1977,2.332,2.332,False,-0.8695608216703115,0.17837128889948728
Cuba,CUB,1978,2.134,2.134,False,-0.9670367212457777,0.1547633241922022
Cuba,CUB,1979,1.987,1.987,False,-1.0394051921427145,0.13723619887921787
Cuba,CUB,1980,1.892,1.892,False,-1.0861739318380141,0.12590914510552045
Cuba,CUB,1981,1.843,1.843,False,-1.1102967554703265,0.12006677000119233
Cuba,CUB,1982,1.826,1.826,False,-1.1186658983631694,0.11803982353642542
Cuba,CUB,1983,1.825,1.825,False,-1.119158200886278,0.11792059139143912
Cuba,CUB,1984,1.832,1.832,False,-1.115712083224519,0.11875521640634315
Cuba,CUB,1985,1.837,1.837,False,-1.113250570608977,0.11935137713127457
Cuba,CUB,1986,1.836,1.836,False,-1.1137428731320853,0.1192321449862883
Cuba,CUB,1987,1.827,1.827,False,-1.1181735958400612,0.1181590556814117
Cuba,CUB,1988,1.81,1.81,False,-1.1265427387329041,0.11613210921664481
Cuba,CUB,1989,1.785,1.785,False,-1.1388503018106144,0.11315130559198759
Cuba,CUB,1990,1.7519999999999998,1.7519999999999998,False,-1.1550962850731925,0.10921664480744006
Cuba,CUB,1991,1.715,1.715,False,-1.1733114784282037,0.10480505544294742
Cuba,CUB,1992,1.68,1.68,False,-1.1905420667369984,0.10063193036842732
Cuba,CUB,1993,1.65,1.65,False,-1.2053111424302507,0.09705496601883867
Cuba,CUB,1994,1.628,1.628,False,-1.2161417979386357,0.09443185882914032
Cuba,CUB,1995,1.614,1.614,False,-1.2230340332621537,0.0927626087993323
Cuba,CUB,1996,1.609,1.609,False,-1.2254955458776957,0.09216644807440086
Cuba,CUB,1997,1.61,1.61,False,-1.2250032433545872,0.09228568021938716
Cuba,CUB,1998,1.615,1.615,False,-1.2225417307390452,0.09288184094431859
Cuba,CUB,1999,1.621,1.621,False,-1.2195879156003948,0.09359723381423632
Cuba,CUB,2000,1.626,1.626,False,-1.2171264029848528,0.09419339453916775
Cuba,CUB,2001,1.626,1.626,False,-1.2171264029848528,0.09419339453916775
Cuba,CUB,2002,1.621,1.621,False,-1.2195879156003948,0.09359723381423632
Cuba,CUB,2003,1.61,1.61,False,-1.2250032433545872,0.09228568021938716
Cuba,CUB,2004,1.592,1.592,False,-1.2338646887705387,0.09013950160963397
Cuba,CUB,2005,1.57,1.57,False,-1.2446953442789237,0.08751639441993563
Cuba,CUB,2006,1.545,1.545,False,-1.2570029073566342,0.08453559079527839
Cuba,CUB,2007,1.52,1.52,False,-1.2693104704343448,0.0815547871706212
Cuba,CUB,2008,1.4980000000000002,1.4980000000000002,False,-1.2801411259427298,0.07893167998092289
Cuba,CUB,2009,1.48,1.48,False,-1.2890025713586812,0.07678550137116967
Cuba,CUB,2010,1.467,1.467,False,-1.2954025041590906,0.07523548348634793
Cuba,CUB,2011,1.459,1.459,False,-1.299340924343958,0.07428162632645763
Curacao,CUW,1960,,2.1,False,-0.9837750070314637,0.15070943126266845
Curacao,CUW,1961,,2.1,False,-0.9837750070314637,0.15070943126266845
Curacao,CUW,1962,,2.1,False,-0.9837750070314637,0.15070943126266845
Curacao,CUW,1963,,2.1,False,-0.9837750070314637,0.15070943126266845
Curacao,CUW,1964,,2.1,False,-0.9837750070314637,0.15070943126266845
Curacao,CUW,1965,,2.1,False,-0.9837750070314637,0.15070943126266845
Curacao,CUW,1966,,2.1,False,-0.9837750070314637,0.15070943126266845
Curacao,CUW,1967,,2.1,False,-0.9837750070314637,0.15070943126266845
Curacao,CUW,1968,,2.1,False,-0.9837750070314637,0.15070943126266845
Curacao,CUW,1969,,2.1,False,-0.9837750070314637,0.15070943126266845
Curacao,CUW,1970,,2.1,False,-0.9837750070314637,0.15070943126266845
Curacao,CUW,1971,,2.1,False,-0.9837750070314637,0.15070943126266845
Curacao,CUW,1972,,2.1,False,-0.9837750070314637,0.15070943126266845
Curacao,CUW,1973,,2.1,False,-0.9837750070314637,0.15070943126266845
Curacao,CUW,1974,,2.1,False,-0.9837750070314637,0.15070943126266845
Curacao,CUW,1975,,2.1,False,-0.9837750070314637,0.15070943126266845
Curacao,CUW,1976,,2.1,False,-0.9837750070314637,0.15070943126266845
Curacao,CUW,1977,,2.1,False,-0.9837750070314637,0.15070943126266845
Curacao,CUW,1978,,2.1,False,-0.9837750070314637,0.15070943126266845
Curacao,CUW,1979,,2.1,False,-0.9837750070314637,0.15070943126266845
Curacao,CUW,1980,,2.1,False,-0.9837750070314637,0.15070943126266845
Curacao,CUW,1981,,2.1,False,-0.9837750070314637,0.15070943126266845
Curacao,CUW,1982,,2.1,False,-0.9837750070314637,0.15070943126266845
Curacao,CUW,1983,,2.1,False,-0.9837750070314637,0.15070943126266845
Curacao,CUW,1984,,2.1,False,-0.9837750070314637,0.15070943126266845
Curacao,CUW,1985,,2.1,False,-0.9837750070314637,0.15070943126266845
Curacao,CUW,1986,,2.1,False,-0.9837750070314637,0.15070943126266845
Curacao,CUW,1987,,2.1,False,-0.9837750070314637,0.15070943126266845
Curacao,CUW,1988,,2.1,False,-0.9837750070314637,0.15070943126266845
Curacao,CUW,1989,,2.1,False,-0.9837750070314637,0.15070943126266845
Curacao,CUW,1990,,2.1,False,-0.9837750070314637,0.15070943126266845
Curacao,CUW,1991,,2.1,False,-0.9837750070314637,0.15070943126266845
Curacao,CUW,1992,,2.1,False,-0.9837750070314637,0.15070943126266845
Curacao,CUW,1993,,2.1,False,-0.9837750070314637,0.15070943126266845
Curacao,CUW,1994,,2.1,False,-0.9837750070314637,0.15070943126266845
Curacao,CUW,1995,,2.1,False,-0.9837750070314637,0.15070943126266845
Curacao,CUW,1996,,2.1,False,-0.9837750070314637,0.15070943126266845
Curacao,CUW,1997,,2.1,False,-0.9837750070314637,0.15070943126266845
Curacao,CUW,1998,,2.1,False,-0.9837750070314637,0.15070943126266845
Curacao,CUW,1999,,2.1,False,-0.9837750070314637,0.15070943126266845
Curacao,CUW,2000,,2.1,False,-0.9837750070314637,0.15070943126266845
Curacao,CUW,2001,,2.1,False,-0.9837750070314637,0.15070943126266845
Curacao,CUW,2002,,2.1,False,-0.9837750070314637,0.15070943126266845
Curacao,CUW,2003,,2.1,False,-0.9837750070314637,0.15070943126266845
Curacao,CUW,2004,,2.1,False,-0.9837750070314637,0.15070943126266845
Curacao,CUW,2005,,2.1,False,-0.9837750070314637,0.15070943126266845
Curacao,CUW,2006,2.1,2.1,False,-0.9837750070314637,0.15070943126266845
Curacao,CUW,2007,2.0,2.0,False,-1.0330052593423054,0.1387862167640396
Curacao,CUW,2008,2.2,2.2,False,-0.9345447547206222,0.16263264576129727
Curacao,CUW,2009,2.1,2.1,False,-0.9837750070314637,0.15070943126266845
Curacao,CUW,2010,2.2,2.2,False,-0.9345447547206222,0.16263264576129727
Curacao,CUW,2011,,2.2,False,-0.9345447547206222,0.16263264576129727
Cyprus,CYP,1960,3.5,3.5,False,-0.2945514746796821,0.31763443424347204
Cyprus,CYP,1961,3.471,3.471,False,-0.30882824784982615,0.3141767020388697
Cyprus,CYP,1962,3.4210000000000003,3.4210000000000003,False,-0.3334433740052468,0.3082150947895553
Cyprus,CYP,1963,3.346,3.346,False,-0.37036606323837806,0.29927268391558365
Cyprus,CYP,1964,3.249,3.249,False,-0.41811940797989433,0.2877071658519137
Cyprus,CYP,1965,3.133,3.133,False,-0.4752265006604706,0.2738762370335042
Cyprus,CYP,1966,3.01,3.01,False,-0.5357797110028057,0.25921068320019075
Cyprus,CYP,1967,2.889,2.889,False,-0.595348316298924,0.24478359365684987
Cyprus,CYP,1968,2.779,2.779,False,-0.6495015938408497,0.23166805770835816
Cyprus,CYP,1969,2.6860000000000004,2.6860000000000004,False,-0.6952857284899321,0.22057946822463342
Cyprus,CYP,1970,2.61,2.61,False,-0.7327007202461719,0.21151782520567544
Cyprus,CYP,1971,2.547,2.547,False,-0.763715779202002,0.2040062000715393
Cyprus,CYP,1972,2.491,2.491,False,-0.7912847204960732,0.19732919995230716
Cyprus,CYP,1973,2.44,2.44,False,-0.8163921491746026,0.19124836055800645
Cyprus,CYP,1974,2.393,2.393,False,-0.8395303677606981,0.18564444974365088
Cyprus,CYP,1975,2.352,2.352,False,-0.8597147712081431,0.18075593179921307
Cyprus,CYP,1976,2.323,2.323,False,-0.8739915443782871,0.1772981995946107
Cyprus,CYP,1977,2.31,2.31,False,-0.8803914771786965,0.17574818170978898
Cyprus,CYP,1978,2.312,2.312,False,-0.8794068721324797,0.17598664599976152
Cyprus,CYP,1979,2.3280000000000003,2.3280000000000003,False,-0.8715300317627449,0.1778943603195422
Cyprus,CYP,1980,2.354,2.354,False,-0.8587301661619262,0.18099439608918566
Cyprus,CYP,1981,2.385,2.385,False,-0.8434687879455655,0.18469059258376055
Cyprus,CYP,1982,2.415,2.415,False,-0.8286997122523129,0.18826755693334923
Cyprus,CYP,1983,2.438,2.438,False,-0.8173767542208192,0.19100989626803389
Cyprus,CYP,1984,2.4530000000000003,2.4530000000000003,False,-0.8099922163741929,0.19279837844282824
Cyprus,CYP,1985,2.458,2.458,False,-0.8075307037586509,0.19339453916775964
Cyprus,CYP,1986,2.456,2.456,False,-0.8085153088048679,0.19315607487778705
Cyprus,CYP,1987,2.45,2.45,False,-0.8114691239435182,0.19244068200786935
Cyprus,CYP,1988,2.442,2.442,False,-0.8154075441283856,0.19148682484797905
Cyprus,CYP,1989,2.43,2.43,False,-0.8213151744056866,0.1900560391081436
Cyprus,CYP,1990,2.411,2.411,False,-0.8306689223447465,0.1877906283534041
Cyprus,CYP,1991,2.381,2.381,False,-0.8454379980379991,0.18421366400381542
Cyprus,CYP,1992,2.337,2.337,False,-0.8670993090547692,0.17896744962441877
Cyprus,CYP,1993,2.278,2.278,False,-0.8961451579181657,0.17193275307022773
Cyprus,CYP,1994,2.206,2.206,False,-0.9315909395819717,0.16334803863121497
Cyprus,CYP,1995,2.124,2.124,False,-0.9719597464768617,0.15357100274233937
Cyprus,CYP,1996,2.035,2.035,False,-1.0157746710335107,0.1429593418385597
Cyprus,CYP,1997,1.945,1.945,False,-1.060081898113268,0.13222844878979373
Cyprus,CYP,1998,1.86,1.86,False,-1.1019276125774833,0.12209371646595922
Cyprus,CYP,1999,1.781,1.781,False,-1.1408195119030484,0.11267437701204243
Cyprus,CYP,2000,1.714,1.714,False,-1.1738037809513122,0.10468582329796113
Cyprus,CYP,2001,1.658,1.658,False,-1.2013727222453834,0.09800882317872897
Cyprus,CYP,2002,1.6130000000000002,1.6130000000000002,False,-1.223526335785262,0.09264337665434604
Cyprus,CYP,2003,1.577,1.577,False,-1.241249226617165,0.08835101943483963
Cyprus,CYP,2004,1.5490000000000002,1.5490000000000002,False,-1.2550336972642004,0.08501251937522358
Cyprus,CYP,2005,1.529,1.529,False,-1.264879747726369,0.08262787647549778
Cyprus,CYP,2006,1.514,1.514,False,-1.272264285572995,0.08083939430070347
Cyprus,CYP,2007,1.503,1.503,False,-1.2776796133271877,0.07952784070585428
Cyprus,CYP,2008,1.493,1.493,False,-1.2826026385582718,0.07833551925599143
Cyprus,CYP,2009,1.485,1.485,False,-1.286541058743139,0.07738166209610112
Cyprus,CYP,2010,1.4780000000000002,1.4780000000000002,False,-1.289987176404898,0.07654703708119712
Cyprus,CYP,2011,1.47,1.47,False,-1.2939255965897656,0.07559317992130678
Czech Republic,CZE,1960,2.075,2.075,False,-0.996082570109174,0.14772862763801123
Czech Republic,CZE,1961,2.11,2.11,False,-0.9788519818003797,0.15190175271253128
Czech Republic,CZE,1962,2.12,2.12,False,-0.9739289565692953,0.1530940741623942
Czech Republic,CZE,1963,2.31,2.31,False,-0.8803914771786965,0.17574818170978898
Czech Republic,CZE,1964,2.34,2.34,False,-0.8656224014854441,0.1793251460593776
Czech Republic,CZE,1965,2.165,2.165,False,-0.9517753430294167,0.15845952068677716
Czech Republic,CZE,1966,2.02,2.02,False,-1.023159208880137,0.14117085966376536
Czech Republic,CZE,1967,1.9,1.9,False,-1.0822355116531468,0.12686300226541075
Czech Republic,CZE,1968,1.84,1.84,False,-1.1117736630396517,0.11970907356623345
Czech Republic,CZE,1969,1.87,1.87,False,-1.0970045873463992,0.12328603791582213
Czech Republic,CZE,1970,1.929,1.929,False,-1.0679587384830027,0.1303207344700131
Czech Republic,CZE,1971,1.99,1.99,False,-1.0379282845733893,0.13759389531417668
Czech Republic,CZE,1972,2.09,2.09,False,-0.9886980322625479,0.14951710981280553
Czech Republic,CZE,1973,2.31,2.31,False,-0.8803914771786965,0.17574818170978898
Czech Republic,CZE,1974,2.46,2.46,False,-0.8065460987124342,0.1936330034577322
Czech Republic,CZE,1975,2.43,2.43,False,-0.8213151744056866,0.1900560391081436
Czech Republic,CZE,1976,2.39,2.39,False,-0.8410072753300232,0.18528675330869204
Czech Republic,CZE,1977,2.34,2.34,False,-0.8656224014854441,0.1793251460593776
Czech Republic,CZE,1978,2.33,2.33,False,-0.8705454267165281,0.17813282460951474
Czech Republic,CZE,1979,2.27,2.27,False,-0.9000835781030331,0.17097889591033744
Czech Republic,CZE,1980,2.07,2.07,False,-0.9985440827247163,0.14713246691307977
Czech Republic,CZE,1981,2.0,2.0,False,-1.0330052593423054,0.1387862167640396
Czech Republic,CZE,1982,2.02,2.02,False,-1.023159208880137,0.14117085966376536
Czech Republic,CZE,1983,1.97,1.97,False,-1.047774335035558,0.13520925241445092
Czech Republic,CZE,1984,1.97,1.97,False,-1.047774335035558,0.13520925241445092
Czech Republic,CZE,1985,1.95,1.95,False,-1.057620385497726,0.13282460951472516
Czech Republic,CZE,1986,1.94,1.94,False,-1.0625434107288103,0.1316322880648623
Czech Republic,CZE,1987,1.91,1.91,False,-1.0773124864220627,0.12805532371527362
Czech Republic,CZE,1988,1.94,1.94,False,-1.0625434107288103,0.1316322880648623
Czech Republic,CZE,1989,1.874,1.874,False,-1.0950353772539656,0.12376296649576728
Czech Republic,CZE,1990,1.893,1.893,False,-1.0856816293149059,0.12602837725050672
Czech Republic,CZE,1991,1.86,1.86,False,-1.1019276125774833,0.12209371646595922
Czech Republic,CZE,1992,1.72,1.72,False,-1.1708499658126617,0.10540121616787886
Czech Republic,CZE,1993,1.67,1.67,False,-1.1954650919680825,0.09943960891856443
Czech Republic,CZE,1994,1.44,1.44,False,-1.308694672283018,0.07201621557171813
Czech Republic,CZE,1995,1.278,1.278,False,-1.3884476810265811,0.052700608083939435
Czech Republic,CZE,1996,1.185,1.185,False,-1.4342318156756637,0.04161201860021463
Czech Republic,CZE,1997,1.17,1.17,False,-1.4416163535222901,0.03982353642542029
Czech Republic,CZE,1998,1.16,1.16,False,-1.4465393787533742,0.0386312149755574
Czech Republic,CZE,1999,1.13,1.13,False,-1.4613084544466268,0.03505425062596875
Czech Republic,CZE,2000,1.14,1.14,False,-1.4563854292155427,0.03624657207583164
Czech Republic,CZE,2001,1.14,1.14,False,-1.4563854292155427,0.03624657207583164
Czech Republic,CZE,2002,1.17,1.17,False,-1.4416163535222901,0.03982353642542029
Czech Republic,CZE,2003,1.18,1.18,False,-1.436693328291206,0.04101585787528317
Czech Republic,CZE,2004,1.23,1.23,False,-1.4120782021357852,0.04697746512459759
Czech Republic,CZE,2005,1.28,1.28,False,-1.3874630759803643,0.05293907237391201
Czech Republic,CZE,2006,1.33,1.33,False,-1.3628479498249435,0.05890067962322643
Czech Republic,CZE,2007,1.44,1.44,False,-1.308694672283018,0.07201621557171813
Czech Republic,CZE,2008,1.5,1.5,False,-1.279156520896513,0.07917014427089543
Czech Republic,CZE,2009,1.49,1.49,False,-1.2840795461275971,0.07797782282103255
Czech Republic,CZE,2010,1.49,1.49,False,-1.2840795461275971,0.07797782282103255
Czech Republic,CZE,2011,1.43,1.43,False,-1.3136176975141023,0.07082389412185525
Denmark,DNK,1960,2.57,2.57,False,-0.7523928211705085,0.2067485394062239
Denmark,DNK,1961,2.547,2.547,False,-0.763715779202002,0.2040062000715393
Denmark,DNK,1962,2.544,2.544,False,-0.7651926867713272,0.20364850363658044
Denmark,DNK,1963,2.642,2.642,False,-0.7169470395067026,0.21533325384523666
Denmark,DNK,1964,2.602,2.602,False,-0.7366391404310393,0.21056396804578514
Denmark,DNK,1965,2.61,2.61,False,-0.7327007202461719,0.21151782520567544
Denmark,DNK,1966,2.615,2.615,False,-0.7302392076306297,0.21211398593060693
Denmark,DNK,1967,2.35,2.35,False,-0.8606993762543599,0.1805174675092405
Denmark,DNK,1968,2.117,2.117,False,-0.9754058641386206,0.1527363777274353
Denmark,DNK,1969,2.0,2.0,False,-1.0330052593423054,0.1387862167640396
Denmark,DNK,1970,1.95,1.95,False,-1.057620385497726,0.13282460951472516
Denmark,DNK,1971,2.043,2.043,False,-1.0118362508486434,0.14391319899845
Denmark,DNK,1972,2.029,2.029,False,-1.0187284861721613,0.14224394896864195
Denmark,DNK,1973,1.917,1.917,False,-1.0738663687603038,0.12888994873017764
Denmark,DNK,1974,1.897,1.897,False,-1.0837124192224719,0.1265053058304519
Denmark,DNK,1975,1.919,1.919,False,-1.0728817637140868,0.12912841302015024
Denmark,DNK,1976,1.747,1.747,False,-1.1575577976887343,0.10862048408250866
Denmark,DNK,1977,1.66,1.66,False,-1.2003881171991664,0.09824728746870155
Denmark,DNK,1978,1.668,1.668,False,-1.196449697014299,0.09920114462859186
Denmark,DNK,1979,1.602,1.602,False,-1.2289416635394546,0.09133182305949684
Denmark,DNK,1980,1.546,1.546,False,-1.2565106048335257,0.0846548229402647
Denmark,DNK,1981,1.4369999999999998,1.4369999999999998,False,-1.3101715798523432,0.07165851913675925
Denmark,DNK,1982,1.4269999999999998,1.4269999999999998,False,-1.3150946050834276,0.07046619768689637
Denmark,DNK,1983,1.3769999999999998,1.3769999999999998,False,-1.3397097312388482,0.06450459043758194
Denmark,DNK,1984,1.4,1.4,False,-1.3283867732073547,0.0672469297722666
Denmark,DNK,1985,1.4469999999999998,1.4469999999999998,False,-1.3052485546212589,0.07285084058662214
Denmark,DNK,1986,1.48,1.48,False,-1.2890025713586812,0.07678550137116967
Denmark,DNK,1987,1.5,1.5,False,-1.279156520896513,0.07917014427089543
Denmark,DNK,1988,1.56,1.56,False,-1.249618369510008,0.08632407297007273
Denmark,DNK,1989,1.62,1.62,False,-1.220080218123503,0.09347800166925004
Denmark,DNK,1990,1.67,1.67,False,-1.1954650919680825,0.09943960891856443
Denmark,DNK,1991,1.68,1.68,False,-1.1905420667369984,0.10063193036842732
Denmark,DNK,1992,1.76,1.76,False,-1.1511578648883252,0.11017050196733039
Denmark,DNK,1993,1.75,1.75,False,-1.156080890119409,0.10897818051746751
Denmark,DNK,1994,1.806,1.806,False,-1.128511948825338,0.11565518063669966
Denmark,DNK,1995,1.807,1.807,False,-1.1280196463022294,0.11577441278168593
Denmark,DNK,1996,1.747,1.747,False,-1.1575577976887343,0.10862048408250866
Denmark,DNK,1997,1.7519999999999998,1.7519999999999998,False,-1.1550962850731925,0.10921664480744006
Denmark,DNK,1998,1.72,1.72,False,-1.1708499658126617,0.10540121616787886
Denmark,DNK,1999,1.73,1.73,False,-1.1659269405815775,0.10659353761774173
Denmark,DNK,2000,1.77,1.77,False,-1.1462348396572408,0.11136282341719328
Denmark,DNK,2001,1.74,1.74,False,-1.1610039153504932,0.10778585906760463
Denmark,DNK,2002,1.72,1.72,False,-1.1708499658126617,0.10540121616787886
Denmark,DNK,2003,1.76,1.76,False,-1.1511578648883252,0.11017050196733039
Denmark,DNK,2004,1.78,1.78,False,-1.1413118144261565,0.11255514486705616
Denmark,DNK,2005,1.8,1.8,False,-1.1314657639639885,0.11493978776678193
Denmark,DNK,2006,1.85,1.85,False,-1.1068506378085676,0.12090139501609636
Denmark,DNK,2007,1.84,1.84,False,-1.1117736630396517,0.11970907356623345
Denmark,DNK,2008,1.89,1.89,False,-1.0871585368842311,0.12567068081554783
Denmark,DNK,2009,1.84,1.84,False,-1.1117736630396517,0.11970907356623345
Denmark,DNK,2010,1.87,1.87,False,-1.0970045873463992,0.12328603791582213
Denmark,DNK,2011,1.75,1.75,False,-1.156080890119409,0.10897818051746751
Djibouti,DJI,1960,6.461,6.461,False,1.163156296244336,0.6706808155478716
Djibouti,DJI,1961,6.492999999999999,6.492999999999999,False,1.178909976983805,0.6744962441874328
Djibouti,DJI,1962,6.527,6.527,False,1.1956482627694913,0.6785501371169667
Djibouti,DJI,1963,6.561,6.561,False,1.2123865485551775,0.6826040300465005
Djibouti,DJI,1964,6.595,6.595,False,1.2291248343408634,0.6866579229760342
Djibouti,DJI,1965,6.629,6.629,False,1.2458631201265495,0.690711815905568
Djibouti,DJI,1966,6.665,6.665,False,1.2635860109584527,0.6950041731250745
Djibouti,DJI,1967,6.702000000000001,6.702000000000001,False,1.2818012043134646,0.6994157624895672
Djibouti,DJI,1968,6.739,6.739,False,1.3000163976684753,0.7038273518540598
Djibouti,DJI,1969,6.774,6.774,False,1.31724698597727,0.7080004769285799
Djibouti,DJI,1970,6.803999999999999,6.803999999999999,False,1.3320160616705221,0.7115774412781685
Djibouti,DJI,1971,6.8260000000000005,6.8260000000000005,False,1.3428467171789078,0.714200548467867
Djibouti,DJI,1972,6.836,6.836,False,1.347769742409992,0.7153928699177298
Djibouti,DJI,1973,6.834,6.834,False,1.3467851373637747,0.7151544056277571
Djibouti,DJI,1974,6.817,6.817,False,1.338415994470932,0.7131274591629903
Djibouti,DJI,1975,6.784,6.784,False,1.322170011208354,0.7091927983784427
Djibouti,DJI,1976,6.734,6.734,False,1.2975548850529333,0.7032311911291284
Djibouti,DJI,1977,6.671,6.671,False,1.2665398260971032,0.6957195659949922
Djibouti,DJI,1978,6.598,6.598,False,1.2306017419101887,0.6870156194109931
Djibouti,DJI,1979,6.52,6.52,False,1.1922021451077323,0.6777155121020626
Djibouti,DJI,1980,6.443,6.443,False,1.1542948508283843,0.6685346369381184
Djibouti,DJI,1981,6.3729999999999976,6.3729999999999976,False,1.1198336742107942,0.660188386789078
Djibouti,DJI,1982,6.316,6.316,False,1.0917724303936156,0.6533921545248598
Djibouti,DJI,1983,6.271,6.271,False,1.069618816853737,0.6480267080004768
Djibouti,DJI,1984,6.239,6.239,False,1.0538651361142677,0.6442112793609156
Djibouti,DJI,1985,6.218,6.218,False,1.043526783128991,0.6417074043162035
Djibouti,DJI,1986,6.205,6.205,False,1.0371268503285815,0.6401573864313819
Djibouti,DJI,1987,6.193,6.193,False,1.0312192200512804,0.6387266006915463
Djibouti,DJI,1988,6.174,6.174,False,1.021865472112221,0.6364611899368069
Djibouti,DJI,1989,6.142,6.142,False,1.0061117913727515,0.6326457612972457
Djibouti,DJI,1990,6.0870000000000015,6.0870000000000015,False,0.9790351526017893,0.626087993323
Djibouti,DJI,1991,6.0,6.0,False,0.9362048330913564,0.6157147967091927
Djibouti,DJI,1992,5.879,5.879,False,0.876636227795238,0.6012877071658518
Djibouti,DJI,1993,5.727,5.727,False,0.8018062442827592,0.5831644211279361
Djibouti,DJI,1994,5.547999999999999,5.547999999999999,False,0.7136840926463522,0.5618218671753903
Djibouti,DJI,1995,5.352,5.352,False,0.6171927981171034,0.538452366758078
Djibouti,DJI,1996,5.148,5.148,False,0.5167630834029864,0.5141290091808751
Djibouti,DJI,1997,4.95,4.95,False,0.41928718382752034,0.49052104447359
Djibouti,DJI,1998,4.768,4.768,False,0.32968812462178854,0.46882079408608557
Djibouti,DJI,1999,4.607,4.607,False,0.2504274184013338,0.44962441874329323
Djibouti,DJI,2000,4.468999999999999,4.468999999999999,False,0.1824896702123721,0.4331703827351853
Djibouti,DJI,2001,4.353,4.353,False,0.1253825775317961,0.4193394539167759
Djibouti,DJI,2002,4.253,4.253,False,0.07615232522095473,0.40741623941814714
Djibouti,DJI,2003,4.16,4.16,False,0.030368190571872112,0.3963276499344223
Djibouti,DJI,2004,4.074,4.074,False,-0.011969826415451761,0.3860736854656015
Djibouti,DJI,2005,3.991,3.991,False,-0.05283093583345012,0.3761774174317396
Djibouti,DJI,2006,3.911,3.911,False,-0.09221513768212339,0.3666388458328365
Djibouti,DJI,2007,3.832,3.832,False,-0.1311070370076883,0.35721950637891975
Djibouti,DJI,2008,3.755,3.755,False,-0.16901433128703625,0.3480386312149755
Djibouti,DJI,2009,3.679,3.679,False,-0.20642932304327585,0.3389769881960176
Djibouti,DJI,2010,3.604,3.604,False,-0.24335201227640688,0.33003457732204605
Djibouti,DJI,2011,3.53,3.53,False,-0.27978239898642976,0.3212113985930607
Dominica,DMA,1960,,5.5,False,0.6900535715371487,0.5560987242160486
Dominica,DMA,1961,,5.5,False,0.6900535715371487,0.5560987242160486
Dominica,DMA,1962,,5.5,False,0.6900535715371487,0.5560987242160486
Dominica,DMA,1963,,5.5,False,0.6900535715371487,0.5560987242160486
Dominica,DMA,1964,,5.5,False,0.6900535715371487,0.5560987242160486
Dominica,DMA,1965,,5.5,False,0.6900535715371487,0.5560987242160486
Dominica,DMA,1966,,5.5,False,0.6900535715371487,0.5560987242160486
Dominica,DMA,1967,,5.5,False,0.6900535715371487,0.5560987242160486
Dominica,DMA,1968,,5.5,False,0.6900535715371487,0.5560987242160486
Dominica,DMA,1969,,5.5,False,0.6900535715371487,0.5560987242160486
Dominica,DMA,1970,,5.5,False,0.6900535715371487,0.5560987242160486
Dominica,DMA,1971,,5.5,False,0.6900535715371487,0.5560987242160486
Dominica,DMA,1972,5.5,5.5,False,0.6900535715371487,0.5560987242160486
Dominica,DMA,1973,,5.302,False,0.5925776719616822,0.5324907595087635
Dominica,DMA,1974,,5.104,False,0.4951017723862163,0.5088827948014785
Dominica,DMA,1975,,4.906,False,0.3976258728107498,0.4852748300941933
Dominica,DMA,1976,,4.708,False,0.3001499732352838,0.4616668653869083
Dominica,DMA,1977,,4.51,False,0.20267407365981732,0.4380589006796232
Dominica,DMA,1978,,4.311999999999999,False,0.10519817408435088,0.41445093597233806
Dominica,DMA,1979,,4.114,False,0.007722274508884873,0.390842971265053
Dominica,DMA,1980,,3.916,False,-0.08975362506658136,0.367235006557768
Dominica,DMA,1981,,3.718,False,-0.1872295246420476,0.3436270418504829
Dominica,DMA,1982,3.52,3.52,False,-0.2847054242175138,0.3200190771431978
Dominica,DMA,1983,,3.416,False,-0.33590488662078904,0.3076189340646238
Dominica,DMA,1984,,3.312,False,-0.3871043490240643,0.2952187909860498
Dominica,DMA,1985,,3.208,False,-0.4383038114273394,0.2828186479074759
Dominica,DMA,1986,,3.104,False,-0.4895032738306146,0.2704185048289019
Dominica,DMA,1987,3.0,3.0,False,-0.5407027362338899,0.2580183617503279
Dominica,DMA,1988,,2.9,False,-0.5899329885447314,0.24609514725169906
Dominica,DMA,1989,,2.8,False,-0.6391632408555731,0.23417193275307022
Dominica,DMA,1990,,2.7,False,-0.6883934931664144,0.22224871825444142
Dominica,DMA,1991,,2.6,False,-0.737623745477256,0.21032550375581258
Dominica,DMA,1992,2.5,2.5,False,-0.7868539977880976,0.19840228925718376
Dominica,DMA,1993,,2.38,False,-0.8459303005611075,0.18409443185882912
Dominica,DMA,1994,,2.26,False,-0.9050066033341174,0.16978657446047452
Dominica,DMA,1995,,2.1399999999999997,False,-0.9640829061071273,0.1554787170621199
Dominica,DMA,1996,,2.02,False,-1.023159208880137,0.14117085966376536
Dominica,DMA,1997,1.9,1.9,False,-1.0822355116531468,0.12686300226541075
Dominica,DMA,1998,,1.9,False,-1.0822355116531468,0.12686300226541075
Dominica,DMA,1999,,1.9,False,-1.0822355116531468,0.12686300226541075
Dominica,DMA,2000,,1.9,False,-1.0822355116531468,0.12686300226541075
Dominica,DMA,2001,,1.9,False,-1.0822355116531468,0.12686300226541075
Dominica,DMA,2002,1.9,1.9,False,-1.0822355116531468,0.12686300226541075
Dominica,DMA,2003,1.9,1.9,False,-1.0822355116531468,0.12686300226541075
Dominica,DMA,2004,,1.9,False,-1.0822355116531468,0.12686300226541075
Dominica,DMA,2005,,1.9,False,-1.0822355116531468,0.12686300226541075
Dominica,DMA,2006,,1.9,False,-1.0822355116531468,0.12686300226541075
Dominica,DMA,2007,,1.9,False,-1.0822355116531468,0.12686300226541075
Dominica,DMA,2008,,1.9,False,-1.0822355116531468,0.12686300226541075
Dominica,DMA,2009,,1.9,False,-1.0822355116531468,0.12686300226541075
Dominica,DMA,2010,,1.9,False,-1.0822355116531468,0.12686300226541075
Dominica,DMA,2011,,1.9,False,-1.0822355116531468,0.12686300226541075
Dominican Republic,DOM,1960,7.555,7.555,False,1.7017352565249422,0.801120782162871
Dominican Republic,DOM,1961,7.487999999999999,7.487999999999999,False,1.668750987476678,0.7931322284487895
Dominican Republic,DOM,1962,7.404,7.404,False,1.6273975755355716,0.7831167282699415
Dominican Republic,DOM,1963,7.3039999999999985,7.3039999999999985,False,1.5781673232247293,0.7711935137713125
Dominican Republic,DOM,1964,7.187,7.187,False,1.5205679280210456,0.757243352807917
Dominican Republic,DOM,1965,7.053999999999999,7.053999999999999,False,1.455091692447626,0.7413854775247405
Dominican Republic,DOM,1966,6.904,6.904,False,1.381246313981364,0.7235006557767973
Dominican Republic,DOM,1967,6.739,6.739,False,1.3000163976684753,0.7038273518540598
Dominican Republic,DOM,1968,6.562,6.562,False,1.212878851078286,0.6827232621914868
Dominican Republic,DOM,1969,6.376,6.376,False,1.1213105817801208,0.6605460832240372
Dominican Republic,DOM,1970,6.182,6.182,False,1.0258038922970882,0.6374150470966973
Dominican Republic,DOM,1971,5.983,5.983,False,0.9278356901985132,0.6136878502444257
Dominican Republic,DOM,1972,5.782,5.782,False,0.8288828830537219,0.5897221891021819
Dominican Republic,DOM,1973,5.58,5.58,False,0.7294377733858219,0.5656372958149517
Dominican Republic,DOM,1974,5.382999999999999,5.382999999999999,False,0.6324541763334637,0.5421485632526527
Dominican Republic,DOM,1975,5.193,5.193,False,0.538916696942865,0.519494455705258
Dominican Republic,DOM,1976,5.013999999999999,5.013999999999999,False,0.4507945453064585,0.4981519017527124
Dominican Republic,DOM,1977,4.848,4.848,False,0.3690723264704618,0.4783593656849886
Dominican Republic,DOM,1978,4.6930000000000005,4.6930000000000005,False,0.29276543538865774,0.45987838321211405
Dominican Republic,DOM,1979,4.552,4.552,False,0.2233507796303707,0.4430666507690473
Dominican Republic,DOM,1980,4.422,4.422,False,0.15935145162627673,0.4275664719208298
Dominican Republic,DOM,1981,4.302,4.302,False,0.10027514885326684,0.4132586145224752
Dominican Republic,DOM,1982,4.19,4.19,False,0.045137266265124695,0.39990461428401103
Dominican Republic,DOM,1983,4.082,4.082,False,-0.008031406230584435,0.3870275426254918
Dominican Republic,DOM,1984,3.978,3.978,False,-0.059230868633859464,0.37462739954691787
Dominican Republic,DOM,1985,3.878,3.878,False,-0.10846112094470105,0.36270418504828905
Dominican Republic,DOM,1986,3.783,3.783,False,-0.1552298606400006,0.35137713127459164
Dominican Republic,DOM,1987,3.695,3.695,False,-0.1985524826735412,0.3408847025157982
Dominican Republic,DOM,1988,3.613,3.613,False,-0.2389212895684312,0.3311076666269226
Dominican Republic,DOM,1989,3.537,3.537,False,-0.2763362813246708,0.3220460236079647
Dominican Republic,DOM,1990,3.466,3.466,False,-0.31128976046536816,0.31358054131393825
Dominican Republic,DOM,1991,3.397,3.397,False,-0.345258634559849,0.3053535233098843
Dominican Republic,DOM,1992,3.33,3.33,False,-0.37824290360811275,0.29736496959580305
Dominican Republic,DOM,1993,3.262,3.262,False,-0.411719475179485,0.2892571837367354
Dominican Republic,DOM,1994,3.195,3.195,False,-0.44470374422774894,0.28126863002265406
Dominican Republic,DOM,1995,3.13,3.13,False,-0.4767034082297959,0.27351854059854536
Dominican Republic,DOM,1996,3.069,3.069,False,-0.5067338621394092,0.2662453797543818
Dominican Republic,DOM,1997,3.014,3.014,False,-0.5338105009103722,0.2596876117801359
Dominican Republic,DOM,1998,2.966,2.966,False,-0.5574410220195759,0.2539644688207941
Dominican Republic,DOM,1999,2.926,2.926,False,-0.5771331229439125,0.24919518302134258
Dominican Republic,DOM,2000,2.892,2.892,False,-0.5938714087295988,0.24514129009180874
Dominican Republic,DOM,2001,2.863,2.863,False,-0.6081481818997427,0.24168355788720638
Dominican Republic,DOM,2002,2.8360000000000003,2.8360000000000003,False,-0.6214403500236698,0.23846428997257665
Dominican Republic,DOM,2003,2.809,2.809,False,-0.6347325181475971,0.23524502205794684
Dominican Republic,DOM,2004,2.781,2.781,False,-0.6485169887946327,0.23190652199833078
Dominican Republic,DOM,2005,2.7510000000000003,2.7510000000000003,False,-0.6632860644878851,0.22832955764874213
Dominican Republic,DOM,2006,2.719,2.719,False,-0.6790397452273547,0.22451412900918086
Dominican Republic,DOM,2007,2.6860000000000004,2.6860000000000004,False,-0.6952857284899321,0.22057946822463342
Dominican Republic,DOM,2008,2.652,2.652,False,-0.7120240142756183,0.21652557529509958
Dominican Republic,DOM,2009,2.6180000000000003,2.6180000000000003,False,-0.7287623000613044,0.2124716823655658
Dominican Republic,DOM,2010,2.584,2.584,False,-0.7455005858469906,0.20841778943603198
Dominican Republic,DOM,2011,2.551,2.551,False,-0.7617465691095683,0.20448312865148446
Ecuador,ECU,1960,6.689,6.689,False,1.2754012715130547,0.6978657446047454
Ecuador,ECU,1961,6.6720000000000015,6.6720000000000015,False,1.2670321286202124,0.6958387981399786
Ecuador,ECU,1962,6.651,6.651,False,1.2566937756349348,0.6933349230952663
Ecuador,ECU,1963,6.6229999999999976,6.6229999999999976,False,1.242909304987898,0.68999642303565
Ecuador,ECU,1964,6.589,6.589,False,1.2261710192022133,0.6859425301061166
Ecuador,ECU,1965,6.545,6.545,False,1.2045097081854428,0.6806963157267198
Ecuador,ECU,1966,6.488,6.488,False,1.1764484643682633,0.6739000834625015
Ecuador,ECU,1967,6.4179999999999975,6.4179999999999975,False,1.141987287750673,0.665553833313461
Ecuador,ECU,1968,6.335,6.335,False,1.1011261783326756,0.6556575652795993
Ecuador,ECU,1969,6.238,6.238,False,1.0533728335911594,0.6440920472159294
Ecuador,ECU,1970,6.127999999999999,6.127999999999999,False,0.9992195560492332,0.6309765112674376
Ecuador,ECU,1971,6.005,6.005,False,0.9386663457068984,0.6163109574341241
Ecuador,ECU,1972,5.874,5.874,False,0.8741747151796959,0.6006915464409204
Ecuador,ECU,1973,5.7360000000000015,5.7360000000000015,False,0.8062369669907355,0.5842375104328128
Ecuador,ECU,1974,5.593,5.593,False,0.7358377061862313,0.5671873136997734
Ecuador,ECU,1975,5.449,5.449,False,0.6649461428586194,0.5500178848217478
Ecuador,ECU,1976,5.303999999999999,5.303999999999999,False,0.593562277007899,0.532729223798736
Ecuador,ECU,1977,5.159,5.159,False,0.522178411157179,0.5154405627757243
Ecuador,ECU,1978,5.015,5.015,False,0.4512868478295671,0.4982711338976987
Ecuador,ECU,1979,4.875,4.875,False,0.3823644945943891,0.4815786335996184
Ecuador,ECU,1980,4.742,4.742,False,0.31688825902096984,0.4657207583164421
Ecuador,ECU,1981,4.618,4.618,False,0.2558427461555265,0.4509359723381424
Ecuador,ECU,1982,4.505,4.505,False,0.20021256104427532,0.43746273995469176
Ecuador,ECU,1983,4.401,4.401,False,0.14901309864100007,0.42506259687611775
Ecuador,ECU,1984,4.306,4.306,False,0.10224435894570072,0.4137355431024204
Ecuador,ECU,1985,4.217,4.217,False,0.05842943438905154,0.4031238821986407
Ecuador,ECU,1986,4.131,4.131,False,0.016091417401728106,0.39286991772982
Ecuador,ECU,1987,4.044,4.044,False,-0.026738902108704346,0.38249672111601285
Ecuador,ECU,1988,3.955,3.955,False,-0.07055382666535309,0.3718850602122332
Ecuador,ECU,1989,3.861,3.861,False,-0.11683026383754407,0.36067723858352213
Ecuador,ECU,1990,3.765,3.765,False,-0.16409130605595199,0.34923095266483845
Ecuador,ECU,1991,3.669,3.669,False,-0.21135234827435992,0.33778466674615476
Ecuador,ECU,1992,3.576,3.576,False,-0.25713648292344254,0.32669607726242994
Ecuador,ECU,1993,3.488,3.488,False,-0.30045910495698314,0.3162036485036366
Ecuador,ECU,1994,3.407,3.407,False,-0.3403356093287648,0.3065458447597472
Ecuador,ECU,1995,3.335,3.335,False,-0.3757813909925707,0.29796113032073446
Ecuador,ECU,1996,3.27,3.27,False,-0.4077810549946177,0.29021104089662575
Ecuador,ECU,1997,3.213,3.213,False,-0.4358422988117973,0.2834148086324073
Ecuador,ECU,1998,3.161,3.161,False,-0.461442030013435,0.27721473709312033
Ecuador,ECU,1999,3.113,3.113,False,-0.4850725511226389,0.2714915941337785
Ecuador,ECU,2000,3.068,3.068,False,-0.5072261646625176,0.2661261476093955
Ecuador,ECU,2001,3.025,3.025,False,-0.5283951731561796,0.2609991653749851
Ecuador,ECU,2002,2.983,2.983,False,-0.5490718791267328,0.255991415285561
Ecuador,ECU,2003,2.94,2.94,False,-0.5702408876203948,0.2508644330511506
Ecuador,ECU,2004,2.897,2.897,False,-0.5914098961140567,0.24573745081674017
Ecuador,ECU,2005,2.853,2.853,False,-0.6130712071308269,0.24049123643734355
Ecuador,ECU,2006,2.81,2.81,False,-0.6342402156244887,0.2353642542029331
Ecuador,ECU,2007,2.768,2.768,False,-0.6549169215950423,0.23035650411350897
Ecuador,ECU,2008,2.728,2.728,False,-0.6746090225193787,0.2255872183140575
Ecuador,ECU,2009,2.69,2.69,False,-0.6933165183974986,0.2210563968045785
Ecuador,ECU,2010,2.655,2.655,False,-0.7105471067062933,0.21688327173005842
Ecuador,ECU,2011,2.622,2.622,False,-0.7267930899688709,0.2129486109455109
"Egypt, Arab Rep.",EGY,1960,6.63,6.63,False,1.246355422649658,0.6908310480505544
"Egypt, Arab Rep.",EGY,1961,6.605,6.605,False,1.234047859571948,0.6878502444258972
"Egypt, Arab Rep.",EGY,1962,6.57,6.57,False,1.2168172712631533,0.6836771193513771
"Egypt, Arab Rep.",EGY,1963,6.526,6.526,False,1.1951559602463828,0.6784309049719803
"Egypt, Arab Rep.",EGY,1964,6.471,6.471,False,1.1680793214754202,0.6718731369977345
"Egypt, Arab Rep.",EGY,1965,6.405,6.405,False,1.1355873549502649,0.6640038154286395
"Egypt, Arab Rep.",EGY,1966,6.327000000000001,6.327000000000001,False,1.0971877581478087,0.6547037081197091
"Egypt, Arab Rep.",EGY,1967,6.238,6.238,False,1.0533728335911594,0.6440920472159294
"Egypt, Arab Rep.",EGY,1968,6.141,6.141,False,1.005619488849643,0.6325265291522594
"Egypt, Arab Rep.",EGY,1969,6.04,6.04,False,0.9558969340156931,0.6204840825086443
"Egypt, Arab Rep.",EGY,1970,5.94,5.94,False,0.9066666817048517,0.6085608680100155
"Egypt, Arab Rep.",EGY,1971,5.846,5.846,False,0.8603902445326604,0.5973530463813044
"Egypt, Arab Rep.",EGY,1972,5.763,5.763,False,0.819529135114662,0.5874567783474424
"Egypt, Arab Rep.",EGY,1973,5.692,5.692,False,0.7845756559739645,0.5789912960534159
"Egypt, Arab Rep.",EGY,1974,5.632999999999999,5.632999999999999,False,0.7555298071105675,0.5719565994992248
"Egypt, Arab Rep.",EGY,1975,5.585,5.585,False,0.731899286001364,0.5662334565398831
"Egypt, Arab Rep.",EGY,1976,5.545,5.545,False,0.7122071850770274,0.5614641707404315
"Egypt, Arab Rep.",EGY,1977,5.5070000000000014,5.5070000000000014,False,0.6934996891989084,0.5569333492309527
"Egypt, Arab Rep.",EGY,1978,5.465,5.465,False,0.6728229832283541,0.5519255991415285
"Egypt, Arab Rep.",EGY,1979,5.4179999999999975,5.4179999999999975,False,0.6496847646422574,0.5463216883271726
"Egypt, Arab Rep.",EGY,1980,5.3660000000000005,5.3660000000000005,False,0.6240850334406213,0.5401216167878861
"Egypt, Arab Rep.",EGY,1981,5.31,5.31,False,0.5965160921465495,0.5334446166686537
"Egypt, Arab Rep.",EGY,1982,5.251,5.251,False,0.5674702432831534,0.5264099201144629
"Egypt, Arab Rep.",EGY,1983,5.189,5.189,False,0.5369474868504316,0.5190175271253129
"Egypt, Arab Rep.",EGY,1984,5.122999999999998,5.122999999999998,False,0.5044555203252753,0.5111482055562178
"Egypt, Arab Rep.",EGY,1985,5.045,5.045,False,0.46605592352281966,0.5018480982472874
"Egypt, Arab Rep.",EGY,1986,4.947,4.947,False,0.417810276258195,0.49016334803863115
"Egypt, Arab Rep.",EGY,1987,4.827,4.827,False,0.3587339734851851,0.4758554906402766
"Egypt, Arab Rep.",EGY,1988,4.684,4.684,False,0.2883347126806818,0.4588052939072374
"Egypt, Arab Rep.",EGY,1989,4.522,4.522,False,0.20858170393711856,0.43948968641945874
"Egypt, Arab Rep.",EGY,1990,4.35,4.35,False,0.1239056699624708,0.41898175748181704
"Egypt, Arab Rep.",EGY,1991,4.178999999999999,4.178999999999999,False,0.03972193851093163,0.3985930606891617
"Egypt, Arab Rep.",EGY,1992,4.018,4.018,False,-0.03953876770952305,0.37939668534636933
"Egypt, Arab Rep.",EGY,1993,3.876,3.876,False,-0.109445725990918,0.3624657207583164
"Egypt, Arab Rep.",EGY,1994,3.757,3.757,False,-0.16802972624081933,0.3482770955049481
"Egypt, Arab Rep.",EGY,1995,3.659,3.659,False,-0.21627537350544418,0.33659234529629184
"Egypt, Arab Rep.",EGY,1996,3.579,3.579,False,-0.2556595753541172,0.32705377369738886
"Egypt, Arab Rep.",EGY,1997,3.508,3.508,False,-0.29061305449481484,0.31858829140336237
"Egypt, Arab Rep.",EGY,1998,3.44,3.44,False,-0.3240896260661871,0.31048050554429474
"Egypt, Arab Rep.",EGY,1999,3.372,3.372,False,-0.35756619763755937,0.3023727196852271
"Egypt, Arab Rep.",EGY,2000,3.306,3.306,False,-0.3900581641627147,0.29450339811613213
"Egypt, Arab Rep.",EGY,2001,3.242,3.242,False,-0.42156552564165334,0.28687254083700964
"Egypt, Arab Rep.",EGY,2002,3.184,3.184,False,-0.45011907198194134,0.279957076427805
"Egypt, Arab Rep.",EGY,2003,3.134,3.134,False,-0.47473419813736223,0.2739954691784905
"Egypt, Arab Rep.",EGY,2004,3.091,3.091,False,-0.49590320663102394,0.26886848694408017
"Egypt, Arab Rep.",EGY,2005,3.053,3.053,False,-0.5146107025091439,0.2643376654346012
"Egypt, Arab Rep.",EGY,2006,3.02,3.02,False,-0.5308566857717215,0.26040300465005367
"Egypt, Arab Rep.",EGY,2007,2.987,2.987,False,-0.5471026690342992,0.25646834386550615
"Egypt, Arab Rep.",EGY,2008,2.954,2.954,False,-0.5633486522968769,0.25253368308095864
"Egypt, Arab Rep.",EGY,2009,2.919,2.919,False,-0.5805792406056715,0.24836055800643855
"Egypt, Arab Rep.",EGY,2010,2.883,2.883,False,-0.5983021314375745,0.24406820078693217
"Egypt, Arab Rep.",EGY,2011,2.845,2.845,False,-0.6170096273156942,0.23953737927745322
El Salvador,SLV,1960,6.728,6.728,False,1.2946010699142827,0.7025157982592106
El Salvador,SLV,1961,6.749,6.749,False,1.3049394228995594,0.7050196733039227
El Salvador,SLV,1962,6.752000000000002,6.752000000000002,False,1.3064163304688856,0.7053773697388818
El Salvador,SLV,1963,6.7360000000000015,6.7360000000000015,False,1.298539490099151,0.7034696554191011
El Salvador,SLV,1964,6.699,6.699,False,1.2803242967441388,0.6990580660546082
El Salvador,SLV,1965,6.643,6.643,False,1.2527553554500674,0.6923810659353761
El Salvador,SLV,1966,6.5710000000000015,6.5710000000000015,False,1.2173095737862625,0.6837963514963635
El Salvador,SLV,1967,6.487,6.487,False,1.1759561618451548,0.6737808513175152
El Salvador,SLV,1968,6.396,6.396,False,1.1311566322422888,0.6629307261237629
El Salvador,SLV,1969,6.3,6.3,False,1.083895590023881,0.6514844402050792
El Salvador,SLV,1970,6.202999999999999,6.202999999999999,False,1.0361422452823645,0.6399189221414092
El Salvador,SLV,1971,6.106,6.106,False,0.9883889005408484,0.6283534040777393
El Salvador,SLV,1972,6.01,6.01,False,0.9411278583224405,0.6169071181590556
El Salvador,SLV,1973,5.914,5.914,False,0.8938668161040325,0.605460832240372
El Salvador,SLV,1974,5.817,5.817,False,0.8461134713625165,0.5938953141767019
El Salvador,SLV,1975,5.718,5.718,False,0.7973755215747833,0.5820913318230594
El Salvador,SLV,1976,5.615,5.615,False,0.7466683616946166,0.5698104208894718
El Salvador,SLV,1977,5.506,5.506,False,0.6930073866757993,0.5568141170859663
El Salvador,SLV,1978,5.388999999999999,5.388999999999999,False,0.6354079914721142,0.5428639561225705
El Salvador,SLV,1979,5.266,5.266,False,0.5748547811297795,0.5281984022892571
El Salvador,SLV,1980,5.1370000000000005,5.1370000000000005,False,0.5113477556487941,0.512817455586026
El Salvador,SLV,1981,5.004,5.004,False,0.44587152007537445,0.49695958030284954
El Salvador,SLV,1982,4.87,4.87,False,0.37990298197884703,0.480982472874687
El Salvador,SLV,1983,4.738,4.738,False,0.3149190489285364,0.465243829736497
El Salvador,SLV,1984,4.609,4.609,False,0.25141202344755054,0.44986288303326577
El Salvador,SLV,1985,4.485,4.485,False,0.1903665105821072,0.43507809705496603
El Salvador,SLV,1986,4.367,4.367,False,0.13227481285531403,0.421008703946584
El Salvador,SLV,1987,4.255,4.255,False,0.07713693026717146,0.4076547037081197
El Salvador,SLV,1988,4.148,4.148,False,0.0244605602945709,0.3948968641945868
El Salvador,SLV,1989,4.047,4.047,False,-0.025261994539379044,0.3828544175509717
El Salvador,SLV,1990,3.951,3.951,False,-0.07252303675778675,0.3714081316322881
El Salvador,SLV,1991,3.862,3.862,False,-0.1163379613144357,0.3607964707285084
El Salvador,SLV,1992,3.777,3.777,False,-0.158183675778651,0.3506617384046739
El Salvador,SLV,1993,3.695,3.695,False,-0.1985524826735412,0.3408847025157982
El Salvador,SLV,1994,3.614,3.614,False,-0.23842898704532284,0.3312268987719089
El Salvador,SLV,1995,3.529,3.529,False,-0.28027470150953815,0.32109216644807437
El Salvador,SLV,1996,3.432,3.432,False,-0.3280280462510544,0.3095266483844044
El Salvador,SLV,1997,3.323,3.323,False,-0.3816890212698717,0.296530344580899
El Salvador,SLV,1998,3.201,3.201,False,-0.4417499290890983,0.28198402289257185
El Salvador,SLV,1999,3.07,3.07,False,-0.5062415596163008,0.26636461189936805
El Salvador,SLV,2000,2.934,2.934,False,-0.5731947027590452,0.2501490401812329
El Salvador,SLV,2001,2.803,2.803,False,-0.6376863332862477,0.23452962918802908
El Salvador,SLV,2002,2.6830000000000003,2.6830000000000003,False,-0.6967626360592574,0.22022177178967453
El Salvador,SLV,2003,2.58,2.58,False,-0.7474697959394243,0.20794086085608682
El Salvador,SLV,2004,2.496,2.496,False,-0.7888232078805312,0.1979253606772386
El Salvador,SLV,2005,2.4330000000000003,2.4330000000000003,False,-0.8198382668363613,0.19041373554310245
El Salvador,SLV,2006,2.386,2.386,False,-0.8429764854224568,0.18480982472874688
El Salvador,SLV,2007,2.35,2.35,False,-0.8606993762543599,0.1805174675092405
El Salvador,SLV,2008,2.319,2.319,False,-0.8759607544707207,0.17682127101466555
El Salvador,SLV,2009,2.291,2.291,False,-0.8897452251177564,0.1734827709550495
El Salvador,SLV,2010,2.263,2.263,False,-0.903529695764792,0.1701442708954334
El Salvador,SLV,2011,2.236,2.236,False,-0.9168218638887191,0.16692500298080365
Equatorial Guinea,GNQ,1960,5.505,5.505,False,0.6925150841526907,0.55669488494098
Equatorial Guinea,GNQ,1961,5.515,5.515,False,0.6974381093837748,0.5578872063908429
Equatorial Guinea,GNQ,1962,5.529,5.529,False,0.7043303447072927,0.5595564564206509
Equatorial Guinea,GNQ,1963,5.547999999999999,5.547999999999999,False,0.7136840926463522,0.5618218671753903
Equatorial Guinea,GNQ,1964,5.57,5.57,False,0.7245147481547379,0.5644449743650888
Equatorial Guinea,GNQ,1965,5.595,5.595,False,0.736822311232448,0.5674257779897459
Equatorial Guinea,GNQ,1966,5.619,5.619,False,0.74863757178705,0.5702873494694168
Equatorial Guinea,GNQ,1967,5.64,5.64,False,0.7589759247723267,0.5727912245141289
Equatorial Guinea,GNQ,1968,5.658,5.658,False,0.7678373701882786,0.5749374031238822
Equatorial Guinea,GNQ,1969,5.671,5.671,False,0.7742373029886879,0.5764874210087039
Equatorial Guinea,GNQ,1970,5.678,5.678,False,0.7776834206504466,0.5773220460236079
Equatorial Guinea,GNQ,1971,5.681,5.681,False,0.7791603282197719,0.5776797424585668
Equatorial Guinea,GNQ,1972,5.68,5.68,False,0.7786680256966634,0.5775605103135805
Equatorial Guinea,GNQ,1973,5.6770000000000005,5.6770000000000005,False,0.7771911181273384,0.5772028138786217
Equatorial Guinea,GNQ,1974,5.675,5.675,False,0.7762065130811213,0.5769643495886491
Equatorial Guinea,GNQ,1975,5.674,5.674,False,0.7757142105580132,0.5768451174436627
Equatorial Guinea,GNQ,1976,5.676,5.676,False,0.7766988156042299,0.5770835817336354
Equatorial Guinea,GNQ,1977,5.682,5.682,False,0.7796526307428805,0.5777989746035531
Equatorial Guinea,GNQ,1978,5.693,5.693,False,0.7850679584970727,0.5791105281984021
Equatorial Guinea,GNQ,1979,5.7079999999999975,5.7079999999999975,False,0.7924524963436979,0.5808990103731962
Equatorial Guinea,GNQ,1980,5.728,5.728,False,0.8022985468058673,0.5832836532729223
Equatorial Guinea,GNQ,1981,5.751,5.751,False,0.8136215048373612,0.586025992607607
Equatorial Guinea,GNQ,1982,5.776,5.776,False,0.8259290679150713,0.5890067962322642
Equatorial Guinea,GNQ,1983,5.8020000000000005,5.8020000000000005,False,0.8387289335158904,0.5921068320019077
Equatorial Guinea,GNQ,1984,5.8260000000000005,5.8260000000000005,False,0.8505441940704924,0.5949684034815786
Equatorial Guinea,GNQ,1985,5.848,5.848,False,0.8613748495788772,0.5975915106712769
Equatorial Guinea,GNQ,1986,5.8660000000000005,5.8660000000000005,False,0.870236294994829,0.5997376892810302
Equatorial Guinea,GNQ,1987,5.881,5.881,False,0.8776208328414551,0.6015261714558244
Equatorial Guinea,GNQ,1988,5.891,5.891,False,0.8825438580725391,0.6027184929056874
Equatorial Guinea,GNQ,1989,5.897,5.897,False,0.8854976732111898,0.6034338857756051
Equatorial Guinea,GNQ,1990,5.9,5.9,False,0.886974580780515,0.603791582210564
Equatorial Guinea,GNQ,1991,5.901,5.901,False,0.8874668833036232,0.6039108143555502
Equatorial Guinea,GNQ,1992,5.902,5.902,False,0.8879591858267318,0.6040300465005365
Equatorial Guinea,GNQ,1993,5.902,5.902,False,0.8879591858267318,0.6040300465005365
Equatorial Guinea,GNQ,1994,5.901,5.901,False,0.8874668833036232,0.6039108143555502
Equatorial Guinea,GNQ,1995,5.897,5.897,False,0.8854976732111898,0.6034338857756051
Equatorial Guinea,GNQ,1996,5.888,5.888,False,0.8810669505032138,0.6023607964707284
Equatorial Guinea,GNQ,1997,5.872000000000001,5.872000000000001,False,0.8731901101334796,0.600453082150948
Equatorial Guinea,GNQ,1998,5.847,5.847,False,0.860882547055769,0.5974722785262907
Equatorial Guinea,GNQ,1999,5.814,5.814,False,0.8446365637931912,0.5935376177417431
Equatorial Guinea,GNQ,2000,5.773,5.773,False,0.824452160345746,0.5886490997973053
Equatorial Guinea,GNQ,2001,5.727,5.727,False,0.8018062442827592,0.5831644211279361
Equatorial Guinea,GNQ,2002,5.678,5.678,False,0.7776834206504466,0.5773220460236079
Equatorial Guinea,GNQ,2003,5.627000000000002,5.627000000000002,False,0.7525759919719183,0.5712412066293073
Equatorial Guinea,GNQ,2004,5.574,5.574,False,0.7264839582471714,0.5649219029450339
Equatorial Guinea,GNQ,2005,5.518,5.518,False,0.6989150169531001,0.5582449028258017
Equatorial Guinea,GNQ,2006,5.4570000000000025,5.4570000000000025,False,0.6688845630434881,0.5509717419816385
Equatorial Guinea,GNQ,2007,5.39,5.39,False,0.6359002939952229,0.5429831882675569
Equatorial Guinea,GNQ,2008,5.314,5.314,False,0.5984853022389834,0.5339215452485989
Equatorial Guinea,GNQ,2009,5.231,5.231,False,0.5576241928209849,0.524025277214737
Equatorial Guinea,GNQ,2010,5.14,5.14,False,0.512824663218119,0.5131751520209847
Equatorial Guinea,GNQ,2011,5.044,5.044,False,0.4655636209997111,0.501728866102301
Eritrea,ERI,1960,6.899,6.899,False,1.378784801365822,0.7229044950518659
Eritrea,ERI,1961,6.867999999999999,6.867999999999999,False,1.3635234231494608,0.719208298557291
Eritrea,ERI,1962,6.8370000000000015,6.8370000000000015,False,1.3482620449331009,0.7155121020627162
Eritrea,ERI,1963,6.806,6.806,False,1.3330006667167393,0.7118159055681411
Eritrea,ERI,1964,6.778,6.778,False,1.3192161960697035,0.708477405508525
Eritrea,ERI,1965,6.752000000000002,6.752000000000002,False,1.3064163304688856,0.7053773697388818
Eritrea,ERI,1966,6.728,6.728,False,1.2946010699142827,0.7025157982592106
Eritrea,ERI,1967,6.706,6.706,False,1.283770414405898,0.6998926910695124
Eritrea,ERI,1968,6.686,6.686,False,1.2739243639437294,0.6975080481697865
Eritrea,ERI,1969,6.6670000000000025,6.6670000000000025,False,1.2645706160046708,0.6952426374150473
Eritrea,ERI,1970,6.65,6.65,False,1.2562014731118267,0.6932156909502801
Eritrea,ERI,1971,6.6370000000000005,6.6370000000000005,False,1.2498015403114173,0.6916656730654585
Eritrea,ERI,1972,6.626,6.626,False,1.2443862125572247,0.6903541194706092
Eritrea,ERI,1973,6.619,6.619,False,1.2409400948954654,0.6895194944557052
Eritrea,ERI,1974,6.615,6.615,False,1.238970884803032,0.6890425658757601
Eritrea,ERI,1975,6.614,6.614,False,1.2384785822799234,0.6889233337307737
Eritrea,ERI,1976,6.6160000000000005,6.6160000000000005,False,1.2394631873261406,0.6891617980207464
Eritrea,ERI,1977,6.619,6.619,False,1.2409400948954654,0.6895194944557052
Eritrea,ERI,1978,6.6229999999999976,6.6229999999999976,False,1.242909304987898,0.68999642303565
Eritrea,ERI,1979,6.627000000000002,6.627000000000002,False,1.2448785150803336,0.6904733516155956
Eritrea,ERI,1980,6.627999999999999,6.627999999999999,False,1.245370817603441,0.6905925837605816
Eritrea,ERI,1981,6.625,6.625,False,1.243893910034116,0.6902348873256229
Eritrea,ERI,1982,6.617999999999999,6.617999999999999,False,1.240447792372357,0.6894002623107188
Eritrea,ERI,1983,6.607,6.607,False,1.2350324646181647,0.6880887087158698
Eritrea,ERI,1984,6.591,6.591,False,1.22715562424843,0.6861809943960892
Eritrea,ERI,1985,6.572,6.572,False,1.21780187630937,0.6839155836413496
Eritrea,ERI,1986,6.553,6.553,False,1.2084481283703101,0.6816501728866101
Eritrea,ERI,1987,6.535,6.535,False,1.1995866829543587,0.679503994276857
Eritrea,ERI,1988,6.519,6.519,False,1.1917098425846242,0.6775962799570764
Eritrea,ERI,1989,6.504,6.504,False,1.1843253047379976,0.675807797782282
Eritrea,ERI,1990,6.488,6.488,False,1.1764484643682633,0.6739000834625015
Eritrea,ERI,1991,6.4670000000000005,6.4670000000000005,False,1.1661101113829866,0.6713962084177895
Eritrea,ERI,1992,6.438,6.438,False,1.1518333382128423,0.6679384762131869
Eritrea,ERI,1993,6.4,6.4,False,1.1331258423347228,0.6634076547037081
Eritrea,ERI,1994,6.351,6.351,False,1.1090030187024102,0.6575652795993799
Eritrea,ERI,1995,6.2929999999999975,6.2929999999999975,False,1.080449472362121,0.650649815190175
Eritrea,ERI,1996,6.228,6.228,False,1.048449808360075,0.6428997257660665
Eritrea,ERI,1997,6.159,6.159,False,1.0144809342655945,0.6346727077620126
Eritrea,ERI,1998,6.087999999999999,6.087999999999999,False,0.9795274551248966,0.626207225467986
Eritrea,ERI,1999,6.015,6.015,False,0.9435893709379825,0.617503278883987
Eritrea,ERI,2000,5.94,5.94,False,0.9066666817048517,0.6085608680100155
Eritrea,ERI,2001,5.86,5.86,False,0.8672824798561785,0.5990222964111124
Eritrea,ERI,2002,5.774,5.774,False,0.8249444628688546,0.5887683319422916
Eritrea,ERI,2003,5.681,5.681,False,0.7791603282197719,0.5776797424585668
Eritrea,ERI,2004,5.5820000000000025,5.5820000000000025,False,0.73042237843204,0.5658757601049246
Eritrea,ERI,2005,5.478,5.478,False,0.6792229160287635,0.5534756170263502
Eritrea,ERI,2006,5.372000000000001,5.372000000000001,False,0.627038848579272,0.5408370096578038
Eritrea,ERI,2007,5.266,5.266,False,0.5748547811297795,0.5281984022892571
Eritrea,ERI,2008,5.162999999999999,5.162999999999999,False,0.5241476212496124,0.5159174913556693
Eritrea,ERI,2009,5.063,5.063,False,0.474917368938771,0.5039942768570406
Eritrea,ERI,2010,4.968,4.968,False,0.4281486292434717,0.4926672230833432
Eritrea,ERI,2011,4.875,4.875,False,0.3823644945943891,0.4815786335996184
Estonia,EST,1960,1.96,1.96,False,-1.0526973602666418,0.13401693096458805
Estonia,EST,1961,1.97,1.97,False,-1.047774335035558,0.13520925241445092
Estonia,EST,1962,1.96,1.96,False,-1.0526973602666418,0.13401693096458805
Estonia,EST,1963,1.94,1.94,False,-1.0625434107288103,0.1316322880648623
Estonia,EST,1964,1.94,1.94,False,-1.0625434107288103,0.1316322880648623
Estonia,EST,1965,1.93,1.93,False,-1.0674664359598944,0.13043996661499938
Estonia,EST,1966,1.92,1.92,False,-1.0723894611909786,0.1292476451651365
Estonia,EST,1967,1.95,1.95,False,-1.057620385497726,0.13282460951472516
Estonia,EST,1968,2.03,2.03,False,-1.018236183649053,0.14236318111362822
Estonia,EST,1969,2.11,2.11,False,-0.9788519818003797,0.15190175271253128
Estonia,EST,1970,2.16,2.16,False,-0.9542368556449587,0.15786335996184575
Estonia,EST,1971,2.18,2.18,False,-0.9443908051827904,0.1602480028615715
Estonia,EST,1972,2.16,2.16,False,-0.9542368556449587,0.15786335996184575
Estonia,EST,1973,2.13,2.13,False,-0.9690059313382113,0.15428639561225707
Estonia,EST,1974,2.1,2.1,False,-0.9837750070314637,0.15070943126266845
Estonia,EST,1975,2.08,2.08,False,-0.993621057493632,0.14832478836294266
Estonia,EST,1976,2.09,2.09,False,-0.9886980322625479,0.14951710981280553
Estonia,EST,1977,2.08,2.08,False,-0.993621057493632,0.14832478836294266
Estonia,EST,1978,2.04,2.04,False,-1.0133131584179687,0.14355550256349114
Estonia,EST,1979,2.009,2.009,False,-1.0285745366343295,0.13985930606891617
Estonia,EST,1980,2.02,2.02,False,-1.023159208880137,0.14117085966376536
Estonia,EST,1981,2.07,2.07,False,-0.9985440827247163,0.14713246691307977
Estonia,EST,1982,2.08,2.08,False,-0.993621057493632,0.14832478836294266
Estonia,EST,1983,2.16,2.16,False,-0.9542368556449587,0.15786335996184575
Estonia,EST,1984,2.17,2.17,False,-0.9493138304138747,0.1590556814117086
Estonia,EST,1985,2.12,2.12,False,-0.9739289565692953,0.1530940741623942
Estonia,EST,1986,2.17,2.17,False,-0.9493138304138747,0.1590556814117086
Estonia,EST,1987,2.26,2.26,False,-0.9050066033341174,0.16978657446047452
Estonia,EST,1988,2.26,2.26,False,-0.9050066033341174,0.16978657446047452
Estonia,EST,1989,2.21,2.21,False,-0.929621729489538,0.16382496721116013
Estonia,EST,1990,2.04,2.04,False,-1.0133131584179687,0.14355550256349114
Estonia,EST,1991,1.77,1.77,False,-1.1462348396572408,0.11136282341719328
Estonia,EST,1992,1.69,1.69,False,-1.185619041505914,0.1018242518182902
Estonia,EST,1993,1.45,1.45,False,-1.3037716470519336,0.07320853702158102
Estonia,EST,1994,1.37,1.37,False,-1.343155848900607,0.06366996542267797
Estonia,EST,1995,1.32,1.32,False,-1.3677709750560276,0.05770835817336355
Estonia,EST,1996,1.335,1.335,False,-1.3603864372094014,0.05949684034815786
Estonia,EST,1997,1.24,1.24,False,-1.4071551769047008,0.04816978657446048
Estonia,EST,1998,1.28,1.28,False,-1.3874630759803643,0.05293907237391201
Estonia,EST,1999,1.32,1.32,False,-1.3677709750560276,0.05770835817336355
Estonia,EST,2000,1.38,1.38,False,-1.338232823669523,0.06486228687254082
Estonia,EST,2001,1.34,1.34,False,-1.3579249245938596,0.06009300107308931
Estonia,EST,2002,1.37,1.37,False,-1.343155848900607,0.06366996542267797
Estonia,EST,2003,1.37,1.37,False,-1.343155848900607,0.06366996542267797
Estonia,EST,2004,1.47,1.47,False,-1.2939255965897656,0.07559317992130678
Estonia,EST,2005,1.5,1.5,False,-1.279156520896513,0.07917014427089543
Estonia,EST,2006,1.55,1.55,False,-1.2545413947410924,0.08513175152020985
Estonia,EST,2007,1.63,1.63,False,-1.215157192892419,0.0946703231191129
Estonia,EST,2008,1.65,1.65,False,-1.2053111424302507,0.09705496601883867
Estonia,EST,2009,1.62,1.62,False,-1.220080218123503,0.09347800166925004
Estonia,EST,2010,1.63,1.63,False,-1.215157192892419,0.0946703231191129
Estonia,EST,2011,1.52,1.52,False,-1.2693104704343448,0.0815547871706212
Ethiopia,ETH,1960,6.88,6.88,False,1.369431053426762,0.7206390842971264
Ethiopia,ETH,1961,6.877000000000002,6.877000000000002,False,1.3679541458574376,0.7202813878621678
Ethiopia,ETH,1962,6.875,6.875,False,1.36696954081122,0.720042923572195
Ethiopia,ETH,1963,6.872000000000001,6.872000000000001,False,1.365492633241895,0.7196852271372363
Ethiopia,ETH,1964,6.867000000000001,6.867000000000001,False,1.363031120626353,0.7190890664123047
Ethiopia,ETH,1965,6.864,6.864,False,1.3615542130570273,0.7187313699773458
Ethiopia,ETH,1966,6.867000000000001,6.867000000000001,False,1.363031120626353,0.7190890664123047
Ethiopia,ETH,1967,6.88,6.88,False,1.369431053426762,0.7206390842971264
Ethiopia,ETH,1968,6.903,6.903,False,1.3807540114582553,0.723381423631811
Ethiopia,ETH,1969,6.937,6.937,False,1.3974922972439419,0.7274353165613449
Ethiopia,ETH,1970,6.978,6.978,False,1.4176767006913866,0.7323238345057826
Ethiopia,ETH,1971,7.02,7.02,False,1.43835340666194,0.7373315845952068
Ethiopia,ETH,1972,7.06,7.06,False,1.4580455075862766,0.7421008703946583
Ethiopia,ETH,1973,7.093999999999999,7.093999999999999,False,1.4747837933719625,0.7461547633241921
Ethiopia,ETH,1974,7.121,7.121,False,1.4880759614958903,0.749374031238822
Ethiopia,ETH,1975,7.143,7.143,False,1.498906617004275,0.7519971384285202
Ethiopia,ETH,1976,7.1670000000000025,7.1670000000000025,False,1.5107218775588784,0.7548587099081915
Ethiopia,ETH,1977,7.195,7.195,False,1.524506348205913,0.7581972099678073
Ethiopia,ETH,1978,7.23,7.23,False,1.5417369365147076,0.7623703350423274
Ethiopia,ETH,1979,7.271,7.271,False,1.5619213399621523,0.7672588529867651
Ethiopia,ETH,1980,7.316,7.316,False,1.584074953502031,0.7726242995111481
Ethiopia,ETH,1981,7.36,7.36,False,1.6057362645188016,0.7778705138905448
Ethiopia,ETH,1982,7.397,7.397,False,1.6239514578738128,0.7822821032550376
Ethiopia,ETH,1983,7.423999999999999,7.423999999999999,False,1.6372436259977392,0.7855013711696671
Ethiopia,ETH,1984,7.437,7.437,False,1.6436435587981495,0.787051389054489
Ethiopia,ETH,1985,7.435,7.435,False,1.6426589537519323,0.7868129247645164
Ethiopia,ETH,1986,7.417999999999997,7.417999999999997,False,1.6342898108590878,0.7847859782997492
Ethiopia,ETH,1987,7.387,7.387,False,1.6190284326427284,0.7810897818051745
Ethiopia,ETH,1988,7.347,7.347,False,1.5993363317183922,0.7763204960057232
Ethiopia,ETH,1989,7.297999999999999,7.297999999999999,False,1.5752135080860792,0.7704781209013949
Ethiopia,ETH,1990,7.246,7.246,False,1.5496137768844422,0.764278049362108
Ethiopia,ETH,1991,7.193,7.193,False,1.523521743159696,0.7579587456778346
Ethiopia,ETH,1992,7.143,7.143,False,1.498906617004275,0.7519971384285202
Ethiopia,ETH,1993,7.093999999999999,7.093999999999999,False,1.4747837933719625,0.7461547633241921
Ethiopia,ETH,1994,7.046,7.046,False,1.4511532722627591,0.7404316203648503
Ethiopia,ETH,1995,6.995,6.995,False,1.4260458435842298,0.7343507809705496
Ethiopia,ETH,1996,6.935,6.935,False,1.3965076921977246,0.7271968522713722
Ethiopia,ETH,1997,6.8610000000000015,6.8610000000000015,False,1.360077305487703,0.7183736735423871
Ethiopia,ETH,1998,6.769,6.769,False,1.314785473361728,0.7074043162036484
Ethiopia,ETH,1999,6.659,6.659,False,1.2606321958198021,0.6942887802551567
Ethiopia,ETH,2000,6.529,6.529,False,1.196632867815708,0.6787886014069392
Ethiopia,ETH,2001,6.38,6.38,False,1.1232797918725543,0.6610230118039823
Ethiopia,ETH,2002,6.218,6.218,False,1.043526783128991,0.6417074043162035
Ethiopia,ETH,2003,6.046,6.046,False,0.9588507491543437,0.621199475378562
Ethiopia,ETH,2004,5.87,5.87,False,0.8722055050872625,0.6002146178609753
Ethiopia,ETH,2005,5.693,5.693,False,0.7850679584970727,0.5791105281984021
Ethiopia,ETH,2006,5.52,5.52,False,0.6998996219993168,0.5584833671157743
Ethiopia,ETH,2007,5.353,5.353,False,0.6176851006402115,0.5385715989030642
Ethiopia,ETH,2008,5.193,5.193,False,0.538916696942865,0.519494455705258
Ethiopia,ETH,2009,5.043,5.043,False,0.46507131847660294,0.5016096339573148
Ethiopia,ETH,2010,4.902,4.902,False,0.39565666271831634,0.4847979015142482
Ethiopia,ETH,2011,4.769,4.769,False,0.3301804271448971,0.4689400262310719
Fiji,FJI,1960,6.461,6.461,False,1.163156296244336,0.6706808155478716
Fiji,FJI,1961,6.2810000000000015,6.2810000000000015,False,1.0745418420848218,0.6492190294503399
Fiji,FJI,1962,6.085,6.085,False,0.9780505475555717,0.6258495290330273
Fiji,FJI,1963,5.881,5.881,False,0.8776208328414551,0.6015261714558244
Fiji,FJI,1964,5.676,5.676,False,0.7766988156042299,0.5770835817336354
Fiji,FJI,1965,5.475,5.475,False,0.6777460084594381,0.5531179205913913
Fiji,FJI,1966,5.278,5.278,False,0.5807624114070803,0.5296291880290925
Fiji,FJI,1967,5.083,5.083,False,0.4847634194009396,0.5063789197567664
Fiji,FJI,1968,4.892,4.892,False,0.3907336374872323,0.48360558006438537
Fiji,FJI,1969,4.71,4.71,False,0.30113457828150053,0.46190532967688086
Fiji,FJI,1970,4.543,4.543,False,0.21892005692239522,0.44199356146417074
Fiji,FJI,1971,4.397,4.397,False,0.14704388854856662,0.42458566829617267
Fiji,FJI,1972,4.275,4.275,False,0.08698298072933999,0.4100393466078455
Fiji,FJI,1973,4.178,4.178,False,0.03922963598782349,0.3984738285441755
Fiji,FJI,1974,4.106,4.106,False,0.003783854324017546,0.38988911410516275
Fiji,FJI,1975,4.053999999999999,4.053999999999999,False,-0.021815876877620297,0.38368904256587566
Fiji,FJI,1976,4.018,4.018,False,-0.03953876770952305,0.37939668534636933
Fiji,FJI,1977,3.992,3.992,False,-0.052338633310341755,0.3762966495767259
Fiji,FJI,1978,3.968,3.968,False,-0.06415389386494373,0.37343507809705495
Fiji,FJI,1979,3.941,3.941,False,-0.07744606198887102,0.37021581018242516
Fiji,FJI,1980,3.907,3.907,False,-0.09418434777455705,0.3661619172528914
Fiji,FJI,1981,3.864,3.864,False,-0.11535335626821898,0.36103493501848094
Fiji,FJI,1982,3.813,3.813,False,-0.14046078494674802,0.3549540956241803
Fiji,FJI,1983,3.755,3.755,False,-0.16901433128703625,0.3480386312149755
Fiji,FJI,1984,3.693,3.693,False,-0.19953708771975792,0.3406462382258257
Fiji,FJI,1985,3.629,3.629,False,-0.23104444919869654,0.33301538094670324
Fiji,FJI,1986,3.568,3.568,False,-0.2610749031083099,0.32574222010253967
Fiji,FJI,1987,3.512,3.512,False,-0.28864384440238117,0.3190652199833075
Fiji,FJI,1988,3.465,3.465,False,-0.31178206298847677,0.31346130916895193
Fiji,FJI,1989,3.427,3.427,False,-0.3304895588665964,0.308930487659473
Fiji,FJI,1990,3.398,3.398,False,-0.34476633203674045,0.3054727554548706
Fiji,FJI,1991,3.374,3.374,False,-0.3565815925913424,0.3026111839751997
Fiji,FJI,1992,3.352,3.352,False,-0.36741224809972767,0.2999880767855014
Fiji,FJI,1993,3.33,3.33,False,-0.37824290360811275,0.29736496959580305
Fiji,FJI,1994,3.305,3.305,False,-0.39055046668582305,0.29438416597114586
Fiji,FJI,1995,3.276,3.276,False,-0.4048272398559673,0.2909264337665434
Fiji,FJI,1996,3.244,3.244,False,-0.4205809205954364,0.2871110051269823
Fiji,FJI,1997,3.209,3.209,False,-0.437811508904231,0.2829378800524622
Fiji,FJI,1998,3.1710000000000003,3.1710000000000003,False,-0.4565190047823507,0.2784070585429832
Fiji,FJI,1999,3.132,3.132,False,-0.47571880318357895,0.27375700488851795
Fiji,FJI,2000,3.09,3.09,False,-0.49639550915413255,0.26874925479909384
Fiji,FJI,2001,3.0460000000000003,3.0460000000000003,False,-0.5180568201709026,0.2635030404196972
Fiji,FJI,2002,3.0010000000000003,3.0010000000000003,False,-0.5402104337107813,0.2581375938953142
Fiji,FJI,2003,2.954,2.954,False,-0.5633486522968769,0.25253368308095864
Fiji,FJI,2004,2.907,2.907,False,-0.5864868708829725,0.2469297722666031
Fiji,FJI,2005,2.86,2.86,False,-0.6096250894690681,0.24132586145224752
Fiji,FJI,2006,2.8160000000000003,2.8160000000000003,False,-0.6312864004858382,0.23607964707285087
Fiji,FJI,2007,2.774,2.774,False,-0.6519631064563918,0.23107189698342673
Fiji,FJI,2008,2.736,2.736,False,-0.6706706023345114,0.2265410754739478
Fiji,FJI,2009,2.701,2.701,False,-0.687901190643306,0.2223679503994277
Fiji,FJI,2010,2.67,2.67,False,-0.703162568859667,0.21867175390485274
Fiji,FJI,2011,2.641,2.641,False,-0.717439342029811,0.2152140217002504
Finland,FIN,1960,2.714,2.714,False,-0.6815012578428967,0.22391796828424942
Finland,FIN,1961,2.689,2.689,False,-0.693808820920607,0.22093716465959223
Finland,FIN,1962,2.637,2.637,False,-0.7194085521222446,0.21473709312030523
Finland,FIN,1963,2.637,2.637,False,-0.7194085521222446,0.21473709312030523
Finland,FIN,1964,2.533,2.533,False,-0.7706080145255199,0.20233695004173124
Finland,FIN,1965,2.398,2.398,False,-0.8370688551451558,0.18624061046858234
Finland,FIN,1966,2.324,2.324,False,-0.8734992418551788,0.17741743173959698
Finland,FIN,1967,2.24,2.24,False,-0.9148526537962854,0.1674019315607488
Finland,FIN,1968,2.068,2.068,False,-0.999528687770933,0.1468940026231072
Finland,FIN,1969,1.851,1.851,False,-1.1063583352854591,0.12102062716108264
Finland,FIN,1970,1.828,1.828,False,-1.1176812933169527,0.118278287826398
Finland,FIN,1971,1.703,1.703,False,-1.1792191087055046,0.10337426970311196
Finland,FIN,1972,1.5930000000000002,1.5930000000000002,False,-1.2333723862474304,0.09025873375462026
Finland,FIN,1973,1.504,1.504,False,-1.2771873108040794,0.07964707285084059
Finland,FIN,1974,1.625,1.625,False,-1.217618705507961,0.09407416239418147
Finland,FIN,1975,1.6880000000000002,1.6880000000000002,False,-1.1866036465521308,0.10158578752831765
Finland,FIN,1976,1.72,1.72,False,-1.1708499658126617,0.10540121616787886
Finland,FIN,1977,1.69,1.69,False,-1.185619041505914,0.1018242518182902
Finland,FIN,1978,1.652,1.652,False,-1.2043265373840337,0.09729343030881124
Finland,FIN,1979,1.642,1.642,False,-1.209249562615118,0.09610110885894836
Finland,FIN,1980,1.63,1.63,False,-1.215157192892419,0.0946703231191129
Finland,FIN,1981,1.65,1.65,False,-1.2053111424302507,0.09705496601883867
Finland,FIN,1982,1.72,1.72,False,-1.1708499658126617,0.10540121616787886
Finland,FIN,1983,1.74,1.74,False,-1.1610039153504932,0.10778585906760463
Finland,FIN,1984,1.7,1.7,False,-1.18069601627483,0.10301657326815308
Finland,FIN,1985,1.64,1.64,False,-1.210234167661335,0.09586264456897578
Finland,FIN,1986,1.6,1.6,False,-1.2299262685856713,0.09109335876952428
Finland,FIN,1987,1.59,1.59,False,-1.2348492938167557,0.08990103731966138
Finland,FIN,1988,1.7,1.7,False,-1.18069601627483,0.10301657326815308
Finland,FIN,1989,1.71,1.71,False,-1.1757729910437458,0.10420889471801598
Finland,FIN,1990,1.78,1.78,False,-1.1413118144261565,0.11255514486705616
Finland,FIN,1991,1.8,1.8,False,-1.1314657639639885,0.11493978776678193
Finland,FIN,1992,1.85,1.85,False,-1.1068506378085676,0.12090139501609636
Finland,FIN,1993,1.81,1.81,False,-1.1265427387329041,0.11613210921664481
Finland,FIN,1994,1.85,1.85,False,-1.1068506378085676,0.12090139501609636
Finland,FIN,1995,1.81,1.81,False,-1.1265427387329041,0.11613210921664481
Finland,FIN,1996,1.76,1.76,False,-1.1511578648883252,0.11017050196733039
Finland,FIN,1997,1.75,1.75,False,-1.156080890119409,0.10897818051746751
Finland,FIN,1998,1.7,1.7,False,-1.18069601627483,0.10301657326815308
Finland,FIN,1999,1.73,1.73,False,-1.1659269405815775,0.10659353761774173
Finland,FIN,2000,1.73,1.73,False,-1.1659269405815775,0.10659353761774173
Finland,FIN,2001,1.73,1.73,False,-1.1659269405815775,0.10659353761774173
Finland,FIN,2002,1.72,1.72,False,-1.1708499658126617,0.10540121616787886
Finland,FIN,2003,1.76,1.76,False,-1.1511578648883252,0.11017050196733039
Finland,FIN,2004,1.8,1.8,False,-1.1314657639639885,0.11493978776678193
Finland,FIN,2005,1.8,1.8,False,-1.1314657639639885,0.11493978776678193
Finland,FIN,2006,1.84,1.84,False,-1.1117736630396517,0.11970907356623345
Finland,FIN,2007,1.83,1.83,False,-1.1166966882707359,0.11851675211637058
Finland,FIN,2008,1.85,1.85,False,-1.1068506378085676,0.12090139501609636
Finland,FIN,2009,1.86,1.86,False,-1.1019276125774833,0.12209371646595922
Finland,FIN,2010,1.87,1.87,False,-1.0970045873463992,0.12328603791582213
Finland,FIN,2011,1.83,1.83,False,-1.1166966882707359,0.11851675211637058
France,FRA,1960,2.85,2.85,False,-0.6145481147001521,0.24013354000238465
France,FRA,1961,2.87,2.87,False,-0.6047020642379838,0.2425181829021104
France,FRA,1962,2.89,2.89,False,-0.5948560137758155,0.2449028258018362
France,FRA,1963,2.89,2.89,False,-0.5948560137758155,0.2449028258018362
France,FRA,1964,2.87,2.87,False,-0.6047020642379838,0.2425181829021104
France,FRA,1965,2.84,2.84,False,-0.6194711399312364,0.23894121855252173
France,FRA,1966,2.8,2.8,False,-0.6391632408555731,0.23417193275307022
France,FRA,1967,2.75,2.75,False,-0.6637783670109937,0.2282103255037558
France,FRA,1968,2.69,2.69,False,-0.6933165183974986,0.2210563968045785
France,FRA,1969,2.62,2.62,False,-0.7277776950150877,0.21271014665553836
France,FRA,1970,2.55,2.55,False,-0.7622388716326769,0.20436389650649814
France,FRA,1971,2.47,2.47,False,-0.80162307348135,0.1948253249075951
France,FRA,1972,2.38,2.38,False,-0.8459303005611075,0.18409443185882912
France,FRA,1973,2.28,2.28,False,-0.8951605528719491,0.1721712173602003
France,FRA,1974,2.18,2.18,False,-0.9443908051827904,0.1602480028615715
France,FRA,1975,2.09,2.09,False,-0.9886980322625479,0.14951710981280553
France,FRA,1976,2.01,2.01,False,-1.0280822341112212,0.13997853821390246
France,FRA,1977,1.94,1.94,False,-1.0625434107288103,0.1316322880648623
France,FRA,1978,1.89,1.89,False,-1.0871585368842311,0.12567068081554783
France,FRA,1979,1.87,1.87,False,-1.0970045873463992,0.12328603791582213
France,FRA,1980,1.85,1.85,False,-1.1068506378085676,0.12090139501609636
France,FRA,1981,1.85,1.85,False,-1.1068506378085676,0.12090139501609636
France,FRA,1982,1.86,1.86,False,-1.1019276125774833,0.12209371646595922
France,FRA,1983,1.86,1.86,False,-1.1019276125774833,0.12209371646595922
France,FRA,1984,1.86,1.86,False,-1.1019276125774833,0.12209371646595922
France,FRA,1985,1.86,1.86,False,-1.1019276125774833,0.12209371646595922
France,FRA,1986,1.85,1.85,False,-1.1068506378085676,0.12090139501609636
France,FRA,1987,1.83,1.83,False,-1.1166966882707359,0.11851675211637058
France,FRA,1988,1.81,1.81,False,-1.1265427387329041,0.11613210921664481
France,FRA,1989,1.79,1.79,False,-1.1363887891950726,0.11374746631691904
France,FRA,1990,1.77,1.77,False,-1.1462348396572408,0.11136282341719328
France,FRA,1991,1.75,1.75,False,-1.156080890119409,0.10897818051746751
France,FRA,1992,1.74,1.74,False,-1.1610039153504932,0.10778585906760463
France,FRA,1993,1.73,1.73,False,-1.1659269405815775,0.10659353761774173
France,FRA,1994,1.73,1.73,False,-1.1659269405815775,0.10659353761774173
France,FRA,1995,1.74,1.74,False,-1.1610039153504932,0.10778585906760463
France,FRA,1996,1.75,1.75,False,-1.156080890119409,0.10897818051746751
France,FRA,1997,1.77,1.77,False,-1.1462348396572408,0.11136282341719328
France,FRA,1998,1.78,1.78,False,-1.1413118144261565,0.11255514486705616
France,FRA,1999,1.81,1.81,False,-1.1265427387329041,0.11613210921664481
France,FRA,2000,1.89,1.89,False,-1.0871585368842311,0.12567068081554783
France,FRA,2001,1.9,1.9,False,-1.0822355116531468,0.12686300226541075
France,FRA,2002,1.88,1.88,False,-1.0920815621153153,0.12447835936568499
France,FRA,2003,1.89,1.89,False,-1.0871585368842311,0.12567068081554783
France,FRA,2004,1.92,1.92,False,-1.0723894611909786,0.1292476451651365
France,FRA,2005,1.94,1.94,False,-1.0625434107288103,0.1316322880648623
France,FRA,2006,2.0,2.0,False,-1.0330052593423054,0.1387862167640396
France,FRA,2007,1.98,1.98,False,-1.0428513098044736,0.1364015738643138
France,FRA,2008,2.01,2.01,False,-1.0280822341112212,0.13997853821390246
France,FRA,2009,2.0,2.0,False,-1.0330052593423054,0.1387862167640396
France,FRA,2010,2.03,2.03,False,-1.018236183649053,0.14236318111362822
France,FRA,2011,2.03,2.03,False,-1.018236183649053,0.14236318111362822
French Polynesia,PYF,1960,5.658,5.658,False,0.7678373701882786,0.5749374031238822
French Polynesia,PYF,1961,5.577000000000001,5.577000000000001,False,0.7279608658164971,0.5652795993799928
French Polynesia,PYF,1962,5.5,5.5,False,0.6900535715371487,0.5560987242160486
French Polynesia,PYF,1963,5.43,5.43,False,0.6555923949195595,0.5477524740670083
French Polynesia,PYF,1964,5.367999999999999,5.367999999999999,False,0.6250696384868376,0.5403600810778585
French Polynesia,PYF,1965,5.314,5.314,False,0.5984853022389834,0.5339215452485989
French Polynesia,PYF,1966,5.267,5.267,False,0.5753470836528881,0.5283176344342434
French Polynesia,PYF,1967,5.222,5.222,False,0.5531934701130095,0.5229521879098605
French Polynesia,PYF,1968,5.174,5.174,False,0.5295629490038055,0.5172290449505187
French Polynesia,PYF,1969,5.12,5.12,False,0.5029786127559509,0.510790509121259
French Polynesia,PYF,1970,5.057,5.057,False,0.4719635538001209,0.503278883987123
French Polynesia,PYF,1971,4.98,4.98,False,0.4340562595207729,0.4940980088231787
French Polynesia,PYF,1972,4.888999999999999,4.888999999999999,False,0.38925672991790655,0.48324788362942633
French Polynesia,PYF,1973,4.785,4.785,False,0.3380572675146318,0.47084774055085254
French Polynesia,PYF,1974,4.67,4.67,False,0.2814424773571639,0.45713604387742934
French Polynesia,PYF,1975,4.548,4.548,False,0.22138156953793725,0.4425897221891022
French Polynesia,PYF,1976,4.423,4.423,False,0.15984375414938531,0.42768570406581613
French Polynesia,PYF,1977,4.301,4.301,False,0.0997828463301587,0.413139382377489
French Polynesia,PYF,1978,4.185,4.185,False,0.04267575364958223,0.39930845355907946
French Polynesia,PYF,1979,4.08,4.08,False,-0.009016011276801158,0.3867890783355193
French Polynesia,PYF,1980,3.989,3.989,False,-0.053815540879667056,0.375938953141767
French Polynesia,PYF,1981,3.916,3.916,False,-0.08975362506658136,0.367235006557768
French Polynesia,PYF,1982,3.858,3.858,False,-0.11830717140686937,0.36031954214856327
French Polynesia,PYF,1983,3.812,3.812,False,-0.1409530874698566,0.35483486347919396
French Polynesia,PYF,1984,3.774,3.774,False,-0.1596605833479763,0.35030404196971504
French Polynesia,PYF,1985,3.738,3.738,False,-0.17738347417987926,0.34601168475020866
French Polynesia,PYF,1986,3.697,3.697,False,-0.19756787762732428,0.3411231668057708
French Polynesia,PYF,1987,3.645,3.645,False,-0.2231676088289619,0.33492309526648384
French Polynesia,PYF,1988,3.579,3.579,False,-0.2556595753541172,0.32705377369738886
French Polynesia,PYF,1989,3.497,3.497,False,-0.29602838224900746,0.3172767378085132
French Polynesia,PYF,1990,3.4,3.4,False,-0.34378172699052373,0.3057112197448432
French Polynesia,PYF,1991,3.2910000000000004,3.2910000000000004,False,-0.3974427020093408,0.2927149159413378
French Polynesia,PYF,1992,3.175,3.175,False,-0.45454979468991724,0.27888398712292833
French Polynesia,PYF,1993,3.059,3.059,False,-0.5116568873704933,0.2650530583045189
French Polynesia,PYF,1994,2.946,2.946,False,-0.5672870724817441,0.25157982592106837
French Polynesia,PYF,1995,2.841,2.841,False,-0.6189788374081278,0.2390604506975081
French Polynesia,PYF,1996,2.745,2.745,False,-0.6662398796265357,0.2276141647788244
French Polynesia,PYF,1997,2.66,2.66,False,-0.708085594090751,0.21747943245498988
French Polynesia,PYF,1998,2.585,2.585,False,-0.7450082833238822,0.20853702158101825
French Polynesia,PYF,1999,2.52,2.52,False,-0.7770079473259293,0.20078693215690951
French Polynesia,PYF,2000,2.463,2.463,False,-0.8050691911431089,0.19399069989269108
French Polynesia,PYF,2001,2.414,2.414,False,-0.8291920147754213,0.18814832478836296
French Polynesia,PYF,2002,2.37,2.37,False,-0.8508533257921915,0.18290211040896628
French Polynesia,PYF,2003,2.329,2.329,False,-0.8710377292396365,0.17801359246452847
French Polynesia,PYF,2004,2.289,2.289,False,-0.8907298301639731,0.17324430666507692
French Polynesia,PYF,2005,2.251,2.251,False,-0.909437326042093,0.16871348515559795
French Polynesia,PYF,2006,2.216,2.216,False,-0.9266679143508875,0.1645403600810779
French Polynesia,PYF,2007,2.184,2.184,False,-0.9424215950903567,0.16072493144151667
French Polynesia,PYF,2008,2.156,2.156,False,-0.9562060657373924,0.1573864313819006
French Polynesia,PYF,2009,2.132,2.132,False,-0.9680213262919943,0.15452485990222967
French Polynesia,PYF,2010,2.11,2.11,False,-0.9788519818003797,0.15190175271253128
French Polynesia,PYF,2011,2.092,2.092,False,-0.987713427216331,0.14975557410277812
Gabon,GAB,1960,4.384,4.384,False,0.14064395574815727,0.42303565041135094
Gabon,GAB,1961,4.462,4.462,False,0.17904355255061338,0.4323357577202814
Gabon,GAB,1962,4.541,4.541,False,0.2179354518761785,0.4417550971741982
Gabon,GAB,1963,4.619,4.619,False,0.2563350486786346,0.45105520448312864
Gabon,GAB,1964,4.694,4.694,False,0.29325773791176585,0.45999761535710026
Gabon,GAB,1965,4.766,4.766,False,0.3287035195755718,0.46858232979611303
Gabon,GAB,1966,4.834,4.834,False,0.3621800911469439,0.4766901156551806
Gabon,GAB,1967,4.899,4.899,False,0.39417975514899106,0.4844402050792893
Gabon,GAB,1968,4.961,4.961,False,0.42470251158171296,0.4918325980684392
Gabon,GAB,1969,5.021,5.021,False,0.4542406629682177,0.49898652676761646
Gabon,GAB,1970,5.081,5.081,False,0.48377881435472286,0.5061404554667939
Gabon,GAB,1971,5.143,5.143,False,0.5143015707874443,0.5135328484559436
Gabon,GAB,1972,5.207999999999998,5.207999999999998,False,0.5463012347894907,0.5212829378800522
Gabon,GAB,1973,5.275,5.275,False,0.5792855038377555,0.5292714915941338
Gabon,GAB,1974,5.343,5.343,False,0.6127620754091275,0.5373792774532014
Gabon,GAB,1975,5.412000000000001,5.412000000000001,False,0.6467309495036085,0.5456062954572553
Gabon,GAB,1976,5.48,5.48,False,0.6802075210749806,0.5537140813163228
Gabon,GAB,1977,5.5429999999999975,5.5429999999999975,False,0.7112225800308093,0.5612257064504587
Gabon,GAB,1978,5.6,5.6,False,0.7392838238479901,0.5680219387146773
Gabon,GAB,1979,5.648,5.648,False,0.762914344957194,0.5737450816740192
Gabon,GAB,1980,5.684,5.684,False,0.7806372357890973,0.5780374388935257
Gabon,GAB,1981,5.709,5.709,False,0.7929447988668074,0.5810182425181828
Gabon,GAB,1982,5.722,5.722,False,0.7993447316672171,0.5825682604030046
Gabon,GAB,1983,5.723,5.723,False,0.7998370341903253,0.5826874925479909
Gabon,GAB,1984,5.7120000000000015,5.7120000000000015,False,0.7944217064361335,0.5813759389531419
Gabon,GAB,1985,5.689,5.689,False,0.7830987484046392,0.5786335996184571
Gabon,GAB,1986,5.654,5.654,False,0.7658681600958447,0.574460474543937
Gabon,GAB,1987,5.609,5.609,False,0.743714546555966,0.569095028019554
Gabon,GAB,1988,5.553999999999999,5.553999999999999,False,0.7166379077850028,0.5625372600453081
Gabon,GAB,1989,5.4910000000000005,5.4910000000000005,False,0.6856228488291732,0.5550256349111721
Gabon,GAB,1990,5.421,5.421,False,0.651161672211584,0.5466793847621318
Gabon,GAB,1991,5.343,5.343,False,0.6127620754091275,0.5373792774532014
Gabon,GAB,1992,5.259,5.259,False,0.5714086634680208,0.5273637772743531
Gabon,GAB,1993,5.17,5.17,False,0.5275937389113716,0.5167521163705734
Gabon,GAB,1994,5.078,5.078,False,0.4823019067853975,0.505782759031835
Gabon,GAB,1995,4.987,4.987,False,0.43750237718253165,0.49493263383808267
Gabon,GAB,1996,4.898,4.898,False,0.39368745262588245,0.484320972934303
Gabon,GAB,1997,4.814,4.814,False,0.35233404068477575,0.47430547275545487
Gabon,GAB,1998,4.735,4.735,False,0.31344214135921106,0.4648861333015381
Gabon,GAB,1999,4.664,4.664,False,0.27848866221851326,0.45642065100751156
Gabon,GAB,2000,4.6,4.6,False,0.24698130073957467,0.4487897937283891
Gabon,GAB,2001,4.544,4.544,False,0.21941235944550336,0.44211279360915695
Gabon,GAB,2002,4.494,4.494,False,0.1947972332900827,0.43615118635984257
Gabon,GAB,2003,4.449,4.449,False,0.17264361975020404,0.4307857398354596
Gabon,GAB,2004,4.408,4.408,False,0.15245921630275924,0.42589722189102186
Gabon,GAB,2005,4.37,4.37,False,0.13375172042463934,0.4213664003815429
Gabon,GAB,2006,4.335,4.335,False,0.11652113211584472,0.41719327530702277
Gabon,GAB,2007,4.303999999999999,4.303999999999999,False,0.10125975389948356,0.41349707881244774
Gabon,GAB,2008,4.275,4.275,False,0.08698298072933999,0.4100393466078455
Gabon,GAB,2009,4.246,4.246,False,0.07270620755919599,0.40658161440324314
Gabon,GAB,2010,4.214,4.214,False,0.05695252681972668,0.40276618576368195
Gabon,GAB,2011,4.178,4.178,False,0.03922963598782349,0.3984738285441755
"Gambia, The",GMB,1960,5.573,5.573,False,0.7259916557240632,0.5648026708000476
"Gambia, The",GMB,1961,5.621,5.621,False,0.7496221768332672,0.5705258137593895
"Gambia, The",GMB,1962,5.6720000000000015,5.6720000000000015,False,0.7747296055117969,0.5766066531536903
"Gambia, The",GMB,1963,5.723,5.723,False,0.7998370341903253,0.5826874925479909
"Gambia, The",GMB,1964,5.776,5.776,False,0.8259290679150713,0.5890067962322642
"Gambia, The",GMB,1965,5.83,5.83,False,0.8525134041629259,0.5954453320615237
"Gambia, The",GMB,1966,5.884,5.884,False,0.8790977404107804,0.6018838678907833
"Gambia, The",GMB,1967,5.938,5.938,False,0.9056820766586345,0.6083224037200429
"Gambia, The",GMB,1968,5.9910000000000005,5.9910000000000005,False,0.931774110383381,0.6146417074043162
"Gambia, The",GMB,1969,6.0429999999999975,6.0429999999999975,False,0.957373841585017,0.6208417789436028
"Gambia, The",GMB,1970,6.093,6.093,False,0.9819889677404391,0.6268033861929175
"Gambia, The",GMB,1971,6.141,6.141,False,1.005619488849643,0.6325265291522594
"Gambia, The",GMB,1972,6.185,6.185,False,1.027280799866413,0.637772743531656
"Gambia, The",GMB,1973,6.226,6.226,False,1.0474652033138583,0.6426612614760939
"Gambia, The",GMB,1974,6.2620000000000005,6.2620000000000005,False,1.0651880941457614,0.6469536186956003
"Gambia, The",GMB,1975,6.2929999999999975,6.2929999999999975,False,1.080449472362121,0.650649815190175
"Gambia, The",GMB,1976,6.316,6.316,False,1.0917724303936156,0.6533921545248598
"Gambia, The",GMB,1977,6.3329999999999975,6.3329999999999975,False,1.1001415732864575,0.6554191009896264
"Gambia, The",GMB,1978,6.3420000000000005,6.3420000000000005,False,1.1045722959944348,0.6564921902945033
"Gambia, The",GMB,1979,6.343,6.343,False,1.105064598517543,0.6566114224394897
"Gambia, The",GMB,1980,6.3370000000000015,6.3370000000000015,False,1.1021107833788932,0.655896029569572
"Gambia, The",GMB,1981,6.323,6.323,False,1.0952185480553749,0.6542267795397639
"Gambia, The",GMB,1982,6.303,6.303,False,1.0853724975932062,0.6518421366400381
"Gambia, The",GMB,1983,6.277,6.277,False,1.0725726319923876,0.6487421008703946
"Gambia, The",GMB,1984,6.2479999999999976,6.2479999999999976,False,1.0582958588222422,0.645284368665792
"Gambia, The",GMB,1985,6.218999999999999,6.218999999999999,False,1.0440190856520992,0.6418266364611898
"Gambia, The",GMB,1986,6.19,6.19,False,1.0297423124819556,0.6383689042565875
"Gambia, The",GMB,1987,6.164,6.164,False,1.0169424468811363,0.635268868486944
"Gambia, The",GMB,1988,6.141,6.141,False,1.005619488849643,0.6325265291522594
"Gambia, The",GMB,1989,6.1229999999999976,6.1229999999999976,False,0.9967580434336903,0.6303803505425059
"Gambia, The",GMB,1990,6.107,6.107,False,0.988881203063957,0.6284726362227256
"Gambia, The",GMB,1991,6.095,6.095,False,0.9829735727866558,0.6270418504828901
"Gambia, The",GMB,1992,6.0829999999999975,6.0829999999999975,False,0.9770659425093536,0.6256110647430544
"Gambia, The",GMB,1993,6.07,6.07,False,0.9706660097089457,0.6240610468582329
"Gambia, The",GMB,1994,6.056,6.056,False,0.9637737743854277,0.6223917968284248
"Gambia, The",GMB,1995,6.039,6.039,False,0.9554046314925845,0.620364850363658
"Gambia, The",GMB,1996,6.018,6.018,False,0.9450662785073078,0.6178609753189459
"Gambia, The",GMB,1997,5.995,5.995,False,0.9337433204758144,0.6151186359842613
"Gambia, The",GMB,1998,5.97,5.97,False,0.9214357573981038,0.6121378323596041
"Gambia, The",GMB,1999,5.944,5.944,False,0.9086358917972851,0.6090377965899606
"Gambia, The",GMB,2000,5.9170000000000025,5.9170000000000025,False,0.8953437236733591,0.6058185286753311
"Gambia, The",GMB,2001,5.891,5.891,False,0.8825438580725391,0.6027184929056874
"Gambia, The",GMB,2002,5.867000000000001,5.867000000000001,False,0.8707285975179376,0.5998569214260165
"Gambia, The",GMB,2003,5.845,5.845,False,0.8598979420095519,0.597233814236318
"Gambia, The",GMB,2004,5.827000000000001,5.827000000000001,False,0.8510364965936009,0.595087635626565
"Gambia, The",GMB,2005,5.812,5.812,False,0.8436519587469744,0.5932991534517705
"Gambia, The",GMB,2006,5.803,5.803,False,0.8392212360389986,0.5922260641468939
"Gambia, The",GMB,2007,5.799,5.799,False,0.8372520259465651,0.5917491355669489
"Gambia, The",GMB,2008,5.797999999999999,5.797999999999999,False,0.8367597234234561,0.5916299034219624
"Gambia, The",GMB,2009,5.797999999999999,5.797999999999999,False,0.8367597234234561,0.5916299034219624
"Gambia, The",GMB,2010,5.796,5.796,False,0.8357751183772398,0.59139143913199
"Gambia, The",GMB,2011,5.789,5.789,False,0.8323290007154807,0.5905568141170858
Georgia,GEO,1960,2.964,2.964,False,-0.5584256270657928,0.2537260045308215
Georgia,GEO,1961,2.965,2.965,False,-0.5579333245426845,0.2538452366758078
Georgia,GEO,1962,2.95,2.95,False,-0.5653178623893106,0.2520567545010135
Georgia,GEO,1963,2.915,2.915,False,-0.5825484506981051,0.2478836294264934
Georgia,GEO,1964,2.864,2.864,False,-0.6076558793766345,0.24180279003219268
Georgia,GEO,1965,2.801,2.801,False,-0.6386709383324645,0.23429116489805654
Georgia,GEO,1966,2.737,2.737,False,-0.6701782998114031,0.22666030761893408
Georgia,GEO,1967,2.68,2.68,False,-0.6982395436285828,0.21986407535471567
Georgia,GEO,1968,2.637,2.637,False,-0.7194085521222446,0.21473709312030523
Georgia,GEO,1969,2.609,2.609,False,-0.7331930227692803,0.21139859306068917
Georgia,GEO,1970,2.595,2.595,False,-0.740085258092798,0.20972934303088114
Georgia,GEO,1971,2.588,2.588,False,-0.743531375754557,0.20889471801597712
Georgia,GEO,1972,2.579,2.579,False,-0.7479620984625327,0.20782162871110055
Georgia,GEO,1973,2.563,2.563,False,-0.7558389388322673,0.20591391439131992
Georgia,GEO,1974,2.537,2.537,False,-0.7686388044330862,0.2028138786216764
Georgia,GEO,1975,2.502,2.502,False,-0.7858693927418808,0.1986407535471563
Georgia,GEO,1976,2.461,2.461,False,-0.8060537961893258,0.19375223560271848
Georgia,GEO,1977,2.419,2.419,False,-0.8267305021598792,0.1887444855132944
Georgia,GEO,1978,2.379,2.379,False,-0.8464226030842158,0.18397519971384285
Georgia,GEO,1979,2.343,2.343,False,-0.8641454939161188,0.17968284249433647
Georgia,GEO,1980,2.315,2.315,False,-0.8779299645631544,0.1763443424347204
Georgia,GEO,1981,2.296,2.296,False,-0.8872837125022144,0.1740789316799809
Georgia,GEO,1982,2.2840000000000003,2.2840000000000003,False,-0.8931913427795152,0.1726481459401455
Georgia,GEO,1983,2.277,2.277,False,-0.8966374604412741,0.17181352092524146
Georgia,GEO,1984,2.275,2.275,False,-0.8976220654874911,0.17157505663526887
Georgia,GEO,1985,2.273,2.273,False,-0.8986066705337078,0.17133659234529633
Georgia,GEO,1986,2.269,2.269,False,-0.9005758806261415,0.17085966376535117
Georgia,GEO,1987,2.26,2.26,False,-0.9050066033341174,0.16978657446047452
Georgia,GEO,1988,2.2430000000000003,2.2430000000000003,False,-0.9133757462269602,0.16775962799570768
Georgia,GEO,1989,2.217,2.217,False,-0.9261756118277791,0.16465959222606416
Georgia,GEO,1990,2.18,2.18,False,-0.9443908051827904,0.1602480028615715
Georgia,GEO,1991,2.132,2.132,False,-0.9680213262919943,0.15452485990222967
Georgia,GEO,1992,2.076,2.076,False,-0.9955902675860657,0.14784785978299753
Georgia,GEO,1993,2.013,2.013,False,-1.026605326541896,0.14033623464886133
Georgia,GEO,1994,1.946,1.946,False,-1.0595895955901597,0.13234768093478
Georgia,GEO,1995,1.879,1.879,False,-1.0925738646384235,0.12435912722069871
Georgia,GEO,1996,1.812,1.812,False,-1.1255581336866873,0.11637057350661739
Georgia,GEO,1997,1.749,1.749,False,-1.1565731926425176,0.10885894837248124
Georgia,GEO,1998,1.692,1.692,False,-1.1846344364596972,0.10206271610826279
Georgia,GEO,1999,1.643,1.643,False,-1.2087572600920098,0.09622034100393466
Georgia,GEO,2000,1.609,1.609,False,-1.2254955458776957,0.09216644807440086
Georgia,GEO,2001,1.592,1.592,False,-1.2338646887705387,0.09013950160963397
Georgia,GEO,2002,1.5930000000000002,1.5930000000000002,False,-1.2333723862474304,0.09025873375462026
Georgia,GEO,2003,1.609,1.609,False,-1.2254955458776957,0.09216644807440086
Georgia,GEO,2004,1.639,1.639,False,-1.2107264701844431,0.09574341242398951
Georgia,GEO,2005,1.6780000000000002,1.6780000000000002,False,-1.1915266717832151,0.10039346607845477
Georgia,GEO,2006,1.719,1.719,False,-1.17134226833577,0.10528198402289259
Georgia,GEO,2007,1.758,1.758,False,-1.1521424699345417,0.10993203767735782
Georgia,GEO,2008,1.788,1.788,False,-1.1373733942412891,0.11350900202694647
Georgia,GEO,2009,1.809,1.809,False,-1.1270350412560126,0.11601287707165851
Georgia,GEO,2010,1.82,1.82,False,-1.12161971350182,0.11732443066650769
Georgia,GEO,2011,1.822,1.822,False,-1.1206351084556032,0.11756289495648027
Germany,DEU,1960,2.37,2.37,False,-0.8508533257921915,0.18290211040896628
Germany,DEU,1961,2.45,2.45,False,-0.8114691239435182,0.19244068200786935
Germany,DEU,1962,2.44,2.44,False,-0.8163921491746026,0.19124836055800645
Germany,DEU,1963,2.51,2.51,False,-0.7819309725570135,0.1995946107070466
Germany,DEU,1964,2.54,2.54,False,-0.7671618968637609,0.20317157505663527
Germany,DEU,1965,2.5,2.5,False,-0.7868539977880976,0.19840228925718376
Germany,DEU,1966,2.53,2.53,False,-0.7720849220948452,0.20197925360677238
Germany,DEU,1967,2.48,2.48,False,-0.7967000482502659,0.19601764635745797
Germany,DEU,1968,2.38,2.38,False,-0.8459303005611075,0.18409443185882912
Germany,DEU,1969,2.21,2.21,False,-0.929621729489538,0.16382496721116013
Germany,DEU,1970,2.03,2.03,False,-1.018236183649053,0.14236318111362822
Germany,DEU,1971,1.92,1.92,False,-1.0723894611909786,0.1292476451651365
Germany,DEU,1972,1.71,1.71,False,-1.1757729910437458,0.10420889471801598
Germany,DEU,1973,1.54,1.54,False,-1.2594644199721763,0.08393943007034697
Germany,DEU,1974,1.51,1.51,False,-1.2742334956654289,0.08036246572075832
Germany,DEU,1975,1.45,1.45,False,-1.3037716470519336,0.07320853702158102
Germany,DEU,1976,1.45,1.45,False,-1.3037716470519336,0.07320853702158102
Germany,DEU,1977,1.4,1.4,False,-1.3283867732073547,0.0672469297722666
Germany,DEU,1978,1.38,1.38,False,-1.338232823669523,0.06486228687254082
Germany,DEU,1979,1.38,1.38,False,-1.338232823669523,0.06486228687254082
Germany,DEU,1980,1.44,1.44,False,-1.308694672283018,0.07201621557171813
Germany,DEU,1981,1.43,1.43,False,-1.3136176975141023,0.07082389412185525
Germany,DEU,1982,1.41,1.41,False,-1.3234637479762703,0.06843925122212947
Germany,DEU,1983,1.33,1.33,False,-1.3628479498249435,0.05890067962322643
Germany,DEU,1984,1.29,1.29,False,-1.3825400507492802,0.054131393823774895
Germany,DEU,1985,1.37,1.37,False,-1.343155848900607,0.06366996542267797
Germany,DEU,1986,1.43,1.43,False,-1.3136176975141023,0.07082389412185525
Germany,DEU,1987,1.43,1.43,False,-1.3136176975141023,0.07082389412185525
Germany,DEU,1988,1.46,1.46,False,-1.2988486218208497,0.0744008584714439
Germany,DEU,1989,1.42,1.42,False,-1.3185407227451862,0.06963157267199237
Germany,DEU,1990,1.45,1.45,False,-1.3037716470519336,0.07320853702158102
Germany,DEU,1991,1.33,1.33,False,-1.3628479498249435,0.05890067962322643
Germany,DEU,1992,1.29,1.29,False,-1.3825400507492802,0.054131393823774895
Germany,DEU,1993,1.28,1.28,False,-1.3874630759803643,0.05293907237391201
Germany,DEU,1994,1.24,1.24,False,-1.4071551769047008,0.04816978657446048
Germany,DEU,1995,1.25,1.25,False,-1.402232151673617,0.04936210802432336
Germany,DEU,1996,1.3,1.3,False,-1.377617025518196,0.05532371527363778
Germany,DEU,1997,1.35,1.35,False,-1.3530018993627753,0.0612853225229522
Germany,DEU,1998,1.36,1.36,False,-1.348078874131691,0.062477643972815085
Germany,DEU,1999,1.36,1.36,False,-1.348078874131691,0.062477643972815085
Germany,DEU,2000,1.38,1.38,False,-1.338232823669523,0.06486228687254082
Germany,DEU,2001,1.35,1.35,False,-1.3530018993627753,0.0612853225229522
Germany,DEU,2002,1.34,1.34,False,-1.3579249245938596,0.06009300107308931
Germany,DEU,2003,1.34,1.34,False,-1.3579249245938596,0.06009300107308931
Germany,DEU,2004,1.36,1.36,False,-1.348078874131691,0.062477643972815085
Germany,DEU,2005,1.34,1.34,False,-1.3579249245938596,0.06009300107308931
Germany,DEU,2006,1.33,1.33,False,-1.3628479498249435,0.05890067962322643
Germany,DEU,2007,1.37,1.37,False,-1.343155848900607,0.06366996542267797
Germany,DEU,2008,1.38,1.38,False,-1.338232823669523,0.06486228687254082
Germany,DEU,2009,1.36,1.36,False,-1.348078874131691,0.062477643972815085
Germany,DEU,2010,1.39,1.39,False,-1.3333097984384388,0.06605460832240372
Germany,DEU,2011,1.36,1.36,False,-1.348078874131691,0.062477643972815085
Ghana,GHA,1960,6.749,6.749,False,1.3049394228995594,0.7050196733039227
Ghana,GHA,1961,6.789,6.789,False,1.3246315238238962,0.7097889591033741
Ghana,GHA,1962,6.827000000000001,6.827000000000001,False,1.3433390197020163,0.7143197806128533
Ghana,GHA,1963,6.862,6.862,False,1.3605696080108105,0.7184929056873732
Ghana,GHA,1964,6.893,6.893,False,1.3758309862271714,0.7221891021819482
Ghana,GHA,1965,6.9179999999999975,6.9179999999999975,False,1.3881385493048806,0.7251699058066051
Ghana,GHA,1966,6.937,6.937,False,1.3974922972439419,0.7274353165613449
Ghana,GHA,1967,6.95,6.95,False,1.4038922300443513,0.7289853344461666
Ghana,GHA,1968,6.9570000000000025,6.9570000000000025,False,1.4073383477061112,0.7298199594610709
Ghana,GHA,1969,6.9570000000000025,6.9570000000000025,False,1.4073383477061112,0.7298199594610709
Ghana,GHA,1970,6.95,6.95,False,1.4038922300443513,0.7289853344461666
Ghana,GHA,1971,6.936,6.936,False,1.3969999947208331,0.7273160844163585
Ghana,GHA,1972,6.915,6.915,False,1.3866616417355566,0.7248122093716465
Ghana,GHA,1973,6.888,6.888,False,1.3733694736116293,0.7215929414570167
Ghana,GHA,1974,6.855,6.855,False,1.3571234903490519,0.7176582806724693
Ghana,GHA,1975,6.815,6.815,False,1.3374313894247152,0.7128889948730177
Ghana,GHA,1976,6.771,6.771,False,1.3157700784079447,0.707642780493621
Ghana,GHA,1977,6.721,6.721,False,1.291154952252524,0.7016811732443066
Ghana,GHA,1978,6.665,6.665,False,1.2635860109584527,0.6950041731250745
Ghana,GHA,1979,6.605,6.605,False,1.234047859571948,0.6878502444258972
Ghana,GHA,1980,6.539,6.539,False,1.2015558930467922,0.6799809228568021
Ghana,GHA,1981,6.468,6.468,False,1.1666024139060949,0.6715154405627757
Ghana,GHA,1982,6.392,6.392,False,1.1291874221498555,0.6624537975438178
Ghana,GHA,1983,6.31,6.31,False,1.088818615254965,0.652676761654942
Ghana,GHA,1984,6.223,6.223,False,1.045988295744533,0.642303565041135
Ghana,GHA,1985,6.131,6.131,False,1.000696463618559,0.6313342077023966
Ghana,GHA,1986,6.035,6.035,False,0.953435421400151,0.6198879217837129
Ghana,GHA,1987,5.935,5.935,False,0.9042051690893093,0.6079647072850839
Ghana,GHA,1988,5.831,5.831,False,0.8530057066860344,0.59556456420651
Ghana,GHA,1989,5.725,5.725,False,0.800821639236542,0.5829259568379634
Ghana,GHA,1990,5.6160000000000005,5.6160000000000005,False,0.7471606642177252,0.5699296530344581
Ghana,GHA,1991,5.505,5.505,False,0.6925150841526907,0.55669488494098
Ghana,GHA,1992,5.392,5.392,False,0.63688489904144,0.5432216525575295
Ghana,GHA,1993,5.278,5.278,False,0.5807624114070803,0.5296291880290925
Ghana,GHA,1994,5.165,5.165,False,0.5251322262958296,0.516155955645642
Ghana,GHA,1995,5.058,5.058,False,0.472455856323229,0.5033981161321092
Ghana,GHA,1996,4.959,4.959,False,0.4237179065354958,0.49159413377846656
Ghana,GHA,1997,4.87,4.87,False,0.37990298197884703,0.480982472874687
Ghana,GHA,1998,4.793,4.793,False,0.34199568769949906,0.4718015977107428
Ghana,GHA,1999,4.727,4.727,False,0.3095037211743437,0.46393227614164784
Ghana,GHA,2000,4.669,4.669,False,0.2809501748340553,0.457016811732443
Ghana,GHA,2001,4.617,4.617,False,0.2553504436324179,0.45081674019315604
Ghana,GHA,2002,4.566,4.566,False,0.23024301495388863,0.44473590079885533
Ghana,GHA,2003,4.512,4.512,False,0.20365867870603405,0.43829736496959576
Ghana,GHA,2004,4.455,4.455,False,0.17559743488885463,0.4315011327053774
Ghana,GHA,2005,4.392,4.392,False,0.1445823759330246,0.42398950757124126
Ghana,GHA,2006,4.3260000000000005,4.3260000000000005,False,0.11209040940786925,0.41612018600214623
Ghana,GHA,2007,4.257,4.257,False,0.07812153531338818,0.4078931679980922
Ghana,GHA,2008,4.188,4.188,False,0.04415266121890754,0.3996661499940384
Ghana,GHA,2009,4.119,4.119,False,0.010183787124426897,0.3914391319899845
Ghana,GHA,2010,4.052,4.052,False,-0.02280048192383702,0.3834505782759031
Ghana,GHA,2011,3.985,3.985,False,-0.05578475097210072,0.37546202456182187
Greece,GRC,1960,2.277,2.277,False,-0.8966374604412741,0.17181352092524146
Greece,GRC,1961,2.189,2.189,False,-0.9399600824748148,0.16132109216644808
Greece,GRC,1962,2.234,2.234,False,-0.9178064689349361,0.16668653869083105
Greece,GRC,1963,2.215,2.215,False,-0.9271602168739961,0.16442112793609157
Greece,GRC,1964,2.312,2.312,False,-0.8794068721324797,0.17598664599976152
Greece,GRC,1965,2.297,2.297,False,-0.8867914099791058,0.17419816382496725
Greece,GRC,1966,2.376,2.376,False,-0.8478995106535411,0.183617503278884
Greece,GRC,1967,2.549,2.549,False,-0.7627311741557853,0.20424466436151187
Greece,GRC,1968,2.559,2.559,False,-0.7578081489247009,0.20543698581137476
Greece,GRC,1969,2.48,2.48,False,-0.7967000482502659,0.19601764635745797
Greece,GRC,1970,2.337,2.337,False,-0.8670993090547692,0.17896744962441877
Greece,GRC,1971,2.295,2.295,False,-0.8877760150253228,0.17395969953499463
Greece,GRC,1972,2.315,2.315,False,-0.8779299645631544,0.1763443424347204
Greece,GRC,1973,2.28,2.28,False,-0.8951605528719491,0.1721712173602003
Greece,GRC,1974,2.39,2.39,False,-0.8410072753300232,0.18528675330869204
Greece,GRC,1975,2.365,2.365,False,-0.8533148384077336,0.18230594968403485
Greece,GRC,1976,2.385,2.385,False,-0.8434687879455655,0.18469059258376055
Greece,GRC,1977,2.266,2.266,False,-0.9020527881954667,0.17050196733039227
Greece,GRC,1978,2.274,2.274,False,-0.8981143680105994,0.1714558244902826
Greece,GRC,1979,2.261,2.261,False,-0.9045143008110088,0.16990580660546087
Greece,GRC,1980,2.226,2.226,False,-0.9217448891198035,0.16573268153094076
Greece,GRC,1981,2.091,2.091,False,-0.9882057297394394,0.14963634195779185
Greece,GRC,1982,2.024,2.024,False,-1.0211899987877033,0.14164778824371052
Greece,GRC,1983,1.94,1.94,False,-1.0625434107288103,0.1316322880648623
Greece,GRC,1984,1.823,1.823,False,-1.120142805932495,0.11768212710146654
Greece,GRC,1985,1.6769999999999998,1.6769999999999998,False,-1.1920189743063236,0.10027423393346845
Greece,GRC,1986,1.615,1.615,False,-1.2225417307390452,0.09288184094431859
Greece,GRC,1987,1.5,1.5,False,-1.279156520896513,0.07917014427089543
Greece,GRC,1988,1.5,1.5,False,-1.279156520896513,0.07917014427089543
Greece,GRC,1989,1.41,1.41,False,-1.3234637479762703,0.06843925122212947
Greece,GRC,1990,1.4,1.4,False,-1.3283867732073547,0.0672469297722666
Greece,GRC,1991,1.38,1.38,False,-1.338232823669523,0.06486228687254082
Greece,GRC,1992,1.38,1.38,False,-1.338232823669523,0.06486228687254082
Greece,GRC,1993,1.34,1.34,False,-1.3579249245938596,0.06009300107308931
Greece,GRC,1994,1.36,1.36,False,-1.348078874131691,0.062477643972815085
Greece,GRC,1995,1.32,1.32,False,-1.3677709750560276,0.05770835817336355
Greece,GRC,1996,1.3,1.3,False,-1.377617025518196,0.05532371527363778
Greece,GRC,1997,1.31,1.31,False,-1.372694000287112,0.05651603672350066
Greece,GRC,1998,1.26,1.26,False,-1.3973091264425328,0.050554429474186244
Greece,GRC,1999,1.24,1.24,False,-1.4071551769047008,0.04816978657446048
Greece,GRC,2000,1.26,1.26,False,-1.3973091264425328,0.050554429474186244
Greece,GRC,2001,1.25,1.25,False,-1.402232151673617,0.04936210802432336
Greece,GRC,2002,1.27,1.27,False,-1.3923861012114485,0.05174675092404913
Greece,GRC,2003,1.28,1.28,False,-1.3874630759803643,0.05293907237391201
Greece,GRC,2004,1.3,1.3,False,-1.377617025518196,0.05532371527363778
Greece,GRC,2005,1.33,1.33,False,-1.3628479498249435,0.05890067962322643
Greece,GRC,2006,1.4,1.4,False,-1.3283867732073547,0.0672469297722666
Greece,GRC,2007,1.41,1.41,False,-1.3234637479762703,0.06843925122212947
Greece,GRC,2008,1.51,1.51,False,-1.2742334956654289,0.08036246572075832
Greece,GRC,2009,1.52,1.52,False,-1.2693104704343448,0.0815547871706212
Greece,GRC,2010,1.51,1.51,False,-1.2742334956654289,0.08036246572075832
Greece,GRC,2011,1.43,1.43,False,-1.3136176975141023,0.07082389412185525
Greenland,GRL,1960,,2.44,False,-0.8163921491746026,0.19124836055800645
Greenland,GRL,1961,,2.44,False,-0.8163921491746026,0.19124836055800645
Greenland,GRL,1962,,2.44,False,-0.8163921491746026,0.19124836055800645
Greenland,GRL,1963,,2.44,False,-0.8163921491746026,0.19124836055800645
Greenland,GRL,1964,,2.44,False,-0.8163921491746026,0.19124836055800645
Greenland,GRL,1965,,2.44,False,-0.8163921491746026,0.19124836055800645
Greenland,GRL,1966,,2.44,False,-0.8163921491746026,0.19124836055800645
Greenland,GRL,1967,,2.44,False,-0.8163921491746026,0.19124836055800645
Greenland,GRL,1968,,2.44,False,-0.8163921491746026,0.19124836055800645
Greenland,GRL,1969,,2.44,False,-0.8163921491746026,0.19124836055800645
Greenland,GRL,1970,,2.44,False,-0.8163921491746026,0.19124836055800645
Greenland,GRL,1971,,2.44,False,-0.8163921491746026,0.19124836055800645
Greenland,GRL,1972,,2.44,False,-0.8163921491746026,0.19124836055800645
Greenland,GRL,1973,,2.44,False,-0.8163921491746026,0.19124836055800645
Greenland,GRL,1974,,2.44,False,-0.8163921491746026,0.19124836055800645
Greenland,GRL,1975,,2.44,False,-0.8163921491746026,0.19124836055800645
Greenland,GRL,1976,,2.44,False,-0.8163921491746026,0.19124836055800645
Greenland,GRL,1977,,2.44,False,-0.8163921491746026,0.19124836055800645
Greenland,GRL,1978,,2.44,False,-0.8163921491746026,0.19124836055800645
Greenland,GRL,1979,,2.44,False,-0.8163921491746026,0.19124836055800645
Greenland,GRL,1980,,2.44,False,-0.8163921491746026,0.19124836055800645
Greenland,GRL,1981,,2.44,False,-0.8163921491746026,0.19124836055800645
Greenland,GRL,1982,,2.44,False,-0.8163921491746026,0.19124836055800645
Greenland,GRL,1983,,2.44,False,-0.8163921491746026,0.19124836055800645
Greenland,GRL,1984,,2.44,False,-0.8163921491746026,0.19124836055800645
Greenland,GRL,1985,,2.44,False,-0.8163921491746026,0.19124836055800645
Greenland,GRL,1986,,2.44,False,-0.8163921491746026,0.19124836055800645
Greenland,GRL,1987,,2.44,False,-0.8163921491746026,0.19124836055800645
Greenland,GRL,1988,,2.44,False,-0.8163921491746026,0.19124836055800645
Greenland,GRL,1989,,2.44,False,-0.8163921491746026,0.19124836055800645
Greenland,GRL,1990,2.44,2.44,False,-0.8163921491746026,0.19124836055800645
Greenland,GRL,1991,2.41,2.41,False,-0.8311612248678549,0.1876713962084178
Greenland,GRL,1992,2.53,2.53,False,-0.7720849220948452,0.20197925360677238
Greenland,GRL,1993,2.57,2.57,False,-0.7523928211705085,0.2067485394062239
Greenland,GRL,1994,2.47,2.47,False,-0.80162307348135,0.1948253249075951
Greenland,GRL,1995,2.53,2.53,False,-0.7720849220948452,0.20197925360677238
Greenland,GRL,1996,2.49,2.49,False,-0.7917770230191816,0.1972099678073209
Greenland,GRL,1997,2.6830000000000003,2.6830000000000003,False,-0.6967626360592574,0.22022177178967453
Greenland,GRL,1998,2.39,2.39,False,-0.8410072753300232,0.18528675330869204
Greenland,GRL,1999,2.34,2.34,False,-0.8656224014854441,0.1793251460593776
Greenland,GRL,2000,2.3080000000000003,2.3080000000000003,False,-0.8813760822249131,0.1755097174198164
Greenland,GRL,2001,2.451,2.451,False,-0.8109768214204098,0.19255991415285562
Greenland,GRL,2002,2.489,2.489,False,-0.7922693255422902,0.19709073566233457
Greenland,GRL,2003,2.361,2.361,False,-0.8552840485001673,0.1818290211040897
Greenland,GRL,2004,2.42,2.42,False,-0.8262381996367708,0.18886371765828067
Greenland,GRL,2005,2.3,2.3,False,-0.8853145024097807,0.17455586025992606
Greenland,GRL,2006,2.26,2.26,False,-0.9050066033341174,0.16978657446047452
Greenland,GRL,2007,2.23,2.23,False,-0.9197756790273698,0.1662096101108859
Greenland,GRL,2008,2.247,2.247,False,-0.9114065361345267,0.16823655657565278
Greenland,GRL,2009,2.359,2.359,False,-0.8562686535463842,0.1815905568141171
Greenland,GRL,2010,2.2,2.2,False,-0.9345447547206222,0.16263264576129727
Greenland,GRL,2011,2.1,2.1,False,-0.9837750070314637,0.15070943126266845
Grenada,GRD,1960,6.742999999999999,6.742999999999999,False,1.3019856077609089,0.7043042804340048
Grenada,GRD,1961,6.627000000000002,6.627000000000002,False,1.2448785150803336,0.6904733516155956
Grenada,GRD,1962,6.442,6.442,False,1.153802548305276,0.6684154047931322
Grenada,GRD,1963,6.1960000000000015,6.1960000000000015,False,1.0326961276206066,0.6390842971265054
Grenada,GRD,1964,5.9060000000000015,5.9060000000000015,False,0.8899283959191661,0.6045069750804818
Grenada,GRD,1965,5.597,5.597,False,0.7378069162786652,0.5676642422797186
Grenada,GRD,1966,5.3,5.3,False,0.5915930669154655,0.5322522952187909
Grenada,GRD,1967,5.04,5.04,False,0.46359441090727765,0.501251937522356
Grenada,GRD,1968,4.835,4.835,False,0.36267239367005244,0.4768093478001669
Grenada,GRD,1969,4.69,4.69,False,0.2912885278193324,0.4595206867771552
Grenada,GRD,1970,4.604,4.604,False,0.24895051083200853,0.4492667223083343
Grenada,GRD,1971,4.561,4.561,False,0.2277815023383466,0.4441397400739239
Grenada,GRD,1972,4.537,4.537,False,0.21596624178374463,0.441278168594253
Grenada,GRD,1973,4.512,4.512,False,0.20365867870603405,0.43829736496959576
Grenada,GRD,1974,4.479,4.479,False,0.1874126954434566,0.4343627041850483
Grenada,GRD,1975,4.436,4.436,False,0.16624368694979466,0.42923572195063786
Grenada,GRD,1976,4.385,4.385,False,0.1411362582712654,0.42315488255633715
Grenada,GRD,1977,4.337,4.337,False,0.11750573716206145,0.4174317395969953
Grenada,GRD,1978,4.299,4.299,False,0.09879824128394198,0.41290091808751644
Grenada,GRD,1979,4.269,4.269,False,0.08402916559068939,0.40932395373792774
Grenada,GRD,1980,4.251,4.251,False,0.07516772017473801,0.4071777751281746
Grenada,GRD,1981,4.244,4.244,False,0.07172160251297882,0.4063431501132705
Grenada,GRD,1982,4.243,4.243,False,0.07122929998987068,0.4062239179682843
Grenada,GRD,1983,4.245,4.245,False,0.0722139050360874,0.4064623822582568
Grenada,GRD,1984,4.243,4.243,False,0.07122929998987068,0.4062239179682843
Grenada,GRD,1985,4.231,4.231,False,0.06532166971256947,0.40479313222844876
Grenada,GRD,1986,4.2,4.2,False,0.05006029149620875,0.4010969357338739
Grenada,GRD,1987,4.146,4.146,False,0.02347595524835418,0.39465839990461427
Grenada,GRD,1988,4.0680000000000005,4.0680000000000005,False,-0.014923641554101929,0.3853582925956838
Grenada,GRD,1989,3.966,3.966,False,-0.06513849891116046,0.3731966138070824
Grenada,GRD,1990,3.842,3.842,False,-0.12618401177660402,0.35841182782878267
Grenada,GRD,1991,3.701,3.701,False,-0.1955986675348906,0.341600095385716
Grenada,GRD,1992,3.551,3.551,False,-0.26944404600115285,0.32371527363777275
Grenada,GRD,1993,3.401,3.401,False,-0.34328942446741534,0.3058304518898295
Grenada,GRD,1994,3.254,3.254,False,-0.4156578953643523,0.2883033265768451
Grenada,GRD,1995,3.116,3.116,False,-0.48359564355331364,0.27184929056873736
Grenada,GRD,1996,2.988,2.988,False,-0.5466103665111909,0.2565875760104924
Grenada,GRD,1997,2.87,2.87,False,-0.6047020642379838,0.2425181829021104
Grenada,GRD,1998,2.762,2.762,False,-0.6578707367336927,0.22964111124359127
Grenada,GRD,1999,2.6660000000000004,2.6660000000000004,False,-0.7051317789521004,0.21819482532490764
Grenada,GRD,2000,2.582,2.582,False,-0.7464851908932075,0.20817932514605936
Grenada,GRD,2001,2.512,2.512,False,-0.7809463675107966,0.19983307499701922
Grenada,GRD,2002,2.455,2.455,False,-0.8090076113279763,0.19303684273280078
Grenada,GRD,2003,2.4090000000000003,2.4090000000000003,False,-0.8316535273909632,0.18755216406343153
Grenada,GRD,2004,2.373,2.373,False,-0.8493764182228662,0.18325980684392515
Grenada,GRD,2005,2.344,2.344,False,-0.8636531913930104,0.17980207463932274
Grenada,GRD,2006,2.321,2.321,False,-0.8749761494245039,0.17705973530463817
Grenada,GRD,2007,2.301,2.301,False,-0.8848221998866722,0.17467509240491239
Grenada,GRD,2008,2.282,2.282,False,-0.8941759478257321,0.1724096816501729
Grenada,GRD,2009,2.262,2.262,False,-0.9040219982879004,0.17002503875044714
Grenada,GRD,2010,2.24,2.24,False,-0.9148526537962854,0.1674019315607488
Grenada,GRD,2011,2.217,2.217,False,-0.9261756118277791,0.16465959222606416
Guam,GUM,1960,6.0520000000000005,6.0520000000000005,False,0.9618045642929942,0.6219148682484797
Guam,GUM,1961,6.047999999999999,6.047999999999999,False,0.95983535420056,0.6214379396685344
Guam,GUM,1962,5.984,5.984,False,0.9283279927216218,0.6138070823894121
Guam,GUM,1963,5.857,5.857,False,0.8658055722868532,0.5986645999761535
Guam,GUM,1964,5.67,5.67,False,0.7737450004655793,0.5763681888637175
Guam,GUM,1965,5.439,5.439,False,0.6600231176275354,0.548825563371885
Guam,GUM,1966,5.187,5.187,False,0.5359628818042148,0.5187790628353404
Guam,GUM,1967,4.939,4.939,False,0.41387185607332766,0.4892094908787408
Guam,GUM,1968,4.716,4.716,False,0.3040883934201511,0.46262072254679865
Guam,GUM,1969,4.526,4.526,False,0.21055091402955198,0.4399666149994038
Guam,GUM,1970,4.372,4.372,False,0.13473632547085607,0.4216048646715154
Guam,GUM,1971,4.248,4.248,False,0.07369081260541271,0.40682007869321574
Guam,GUM,1972,4.137,4.137,False,0.019045232540378272,0.3935853105997376
Guam,GUM,1973,4.0280000000000005,4.0280000000000005,False,-0.034615742478438565,0.3805890067962323
Guam,GUM,1974,3.917,3.917,False,-0.08926132254347299,0.36735423870275424
Guam,GUM,1975,3.801,3.801,False,-0.14636841522404903,0.3535233098843448
Guam,GUM,1976,3.681,3.681,False,-0.20544471799705893,0.3392154524859902
Guam,GUM,1977,3.5610000000000004,3.5610000000000004,False,-0.2645210207700686,0.32490759508763567
Guam,GUM,1978,3.447,3.447,False,-0.3206435084044281,0.3113151305591988
Guam,GUM,1979,3.34,3.34,False,-0.3733198783770287,0.2985572910456659
Guam,GUM,1980,3.248,3.248,False,-0.4186117105030027,0.2875879337069274
Guam,GUM,1981,3.177,3.177,False,-0.4535651896437003,0.27912245141290093
Guam,GUM,1982,3.128,3.128,False,-0.4776880132760126,0.2732800763085728
Guam,GUM,1983,3.1,3.1,False,-0.49147248392304826,0.2699415762489567
Guam,GUM,1984,3.092,3.092,False,-0.4954109041079156,0.26898771908906643
Guam,GUM,1985,3.095,3.095,False,-0.49393399653859027,0.2693454155240253
Guam,GUM,1986,3.099,3.099,False,-0.49196478644615665,0.26982234410397044
Guam,GUM,1987,3.097,3.097,False,-0.49294939149237355,0.26958387981399784
Guam,GUM,1988,3.082,3.082,False,-0.5003339293389999,0.2677953976392035
Guam,GUM,1989,3.053,3.053,False,-0.5146107025091439,0.2643376654346012
Guam,GUM,1990,3.013,3.013,False,-0.5343028034334805,0.2595683796351496
Guam,GUM,1991,2.969,2.969,False,-0.5559641144502508,0.25432216525575296
Guam,GUM,1992,2.929,2.929,False,-0.5756562153745874,0.2495528794563014
Guam,GUM,1993,2.899,2.899,False,-0.5904252910678398,0.24597591510671277
Guam,GUM,1994,2.881,2.881,False,-0.5992867364837914,0.24382973649695955
Guam,GUM,1995,2.872,2.872,False,-0.6037174591917671,0.24275664719208298
Guam,GUM,1996,2.87,2.87,False,-0.6047020642379838,0.2425181829021104
Guam,GUM,1997,2.867,2.867,False,-0.6061789718073091,0.24216048646715155
Guam,GUM,1998,2.86,2.86,False,-0.6096250894690681,0.24132586145224752
Guam,GUM,1999,2.846,2.846,False,-0.6165173247925858,0.2396566114224395
Guam,GUM,2000,2.824,2.824,False,-0.627347980300971,0.23703350423274114
Guam,GUM,2001,2.794,2.794,False,-0.6421170559942234,0.23345653988315251
Guam,GUM,2002,2.759,2.759,False,-0.6593476443030181,0.2292834148086324
Guam,GUM,2003,2.72,2.72,False,-0.678547442704246,0.22463336115416718
Guam,GUM,2004,2.679,2.679,False,-0.6987318461516913,0.21974484320972934
Guam,GUM,2005,2.638,2.638,False,-0.7189162495991362,0.21485632526529153
Guam,GUM,2006,2.599,2.599,False,-0.7381160480003643,0.2102062716108263
Guam,GUM,2007,2.562,2.562,False,-0.7563312413553759,0.2057946822463336
Guam,GUM,2008,2.529,2.529,False,-0.7725772246179535,0.20186002146178608
Guam,GUM,2009,2.499,2.499,False,-0.7873463003112059,0.19828305711219746
Guam,GUM,2010,2.472,2.472,False,-0.8006384684351332,0.19506378919756767
Guam,GUM,2011,2.448,2.448,False,-0.8124537289897352,0.19220221771789675
Guatemala,GTM,1960,6.534,6.534,False,1.1990943804312502,0.6793847621318707
Guatemala,GTM,1961,6.5120000000000005,6.5120000000000005,False,1.1882637249228654,0.6767616549421724
Guatemala,GTM,1962,6.49,6.49,False,1.1774330694144801,0.6741385477524741
Guatemala,GTM,1963,6.464,6.464,False,1.1646332038136613,0.6710385119828306
Guatemala,GTM,1964,6.434,6.434,False,1.1498641281204087,0.6674615476332418
Guatemala,GTM,1965,6.399,6.399,False,1.1326335398116143,0.6632884225587218
Guatemala,GTM,1966,6.36,6.36,False,1.113433741410386,0.6586383689042565
Guatemala,GTM,1967,6.323,6.323,False,1.0952185480553749,0.6542267795397639
Guatemala,GTM,1968,6.287999999999999,6.287999999999999,False,1.0779879597465798,0.6500536544652437
Guatemala,GTM,1969,6.259,6.259,False,1.0637111865764362,0.6465959222606414
Guatemala,GTM,1970,6.235,6.235,False,1.0518959260218341,0.6437343507809705
Guatemala,GTM,1971,6.218999999999999,6.218999999999999,False,1.0440190856520992,0.6418266364611898
Guatemala,GTM,1972,6.2079999999999975,6.2079999999999975,False,1.0386037578979057,0.6405150828663404
Guatemala,GTM,1973,6.202999999999999,6.202999999999999,False,1.0361422452823645,0.6399189221414092
Guatemala,GTM,1974,6.2010000000000005,6.2010000000000005,False,1.0351576402361482,0.6396804578514368
Guatemala,GTM,1975,6.2010000000000005,6.2010000000000005,False,1.0351576402361482,0.6396804578514368
Guatemala,GTM,1976,6.202999999999999,6.202999999999999,False,1.0361422452823645,0.6399189221414092
Guatemala,GTM,1977,6.204,6.204,False,1.036634547805473,0.6400381542863955
Guatemala,GTM,1978,6.202999999999999,6.202999999999999,False,1.0361422452823645,0.6399189221414092
Guatemala,GTM,1979,6.1960000000000015,6.1960000000000015,False,1.0326961276206066,0.6390842971265054
Guatemala,GTM,1980,6.18,6.18,False,1.024819287250871,0.6371765828067246
Guatemala,GTM,1981,6.152,6.152,False,1.0110348166038357,0.6338380827471086
Guatemala,GTM,1982,6.109,6.109,False,0.9898658081101737,0.6287111005126982
Guatemala,GTM,1983,6.053999999999999,6.053999999999999,False,0.9627891693392105,0.6221533325384522
Guatemala,GTM,1984,5.987,5.987,False,0.9298049002909471,0.614164778824371
Guatemala,GTM,1985,5.912999999999999,5.912999999999999,False,0.893374513580924,0.6053416000953856
Guatemala,GTM,1986,5.8370000000000015,5.8370000000000015,False,0.8559595218246855,0.5962799570764279
Guatemala,GTM,1987,5.763999999999999,5.763999999999999,False,0.82002143763777,0.5875760104924286
Guatemala,GTM,1988,5.697,5.697,False,0.7870371685895066,0.5795874567783473
Guatemala,GTM,1989,5.636,5.636,False,0.7570067146798932,0.5723142959341838
Guatemala,GTM,1990,5.58,5.58,False,0.7294377733858219,0.5656372958149517
Guatemala,GTM,1991,5.525,5.525,False,0.7023611346148593,0.5590795278407058
Guatemala,GTM,1992,5.465,5.465,False,0.6728229832283541,0.5519255991415285
Guatemala,GTM,1993,5.397,5.397,False,0.639346411656982,0.5438178132824609
Guatemala,GTM,1994,5.32,5.32,False,0.6014391173776341,0.5346369381185168
Guatemala,GTM,1995,5.237,5.237,False,0.5605780079596355,0.5247406700846547
Guatemala,GTM,1996,5.148,5.148,False,0.5167630834029864,0.5141290091808751
Guatemala,GTM,1997,5.058,5.058,False,0.472455856323229,0.5033981161321092
Guatemala,GTM,1998,4.97,4.97,False,0.4291332342896884,0.49290568737331575
Guatemala,GTM,1999,4.884,4.884,False,0.386795217302365,0.48265172290449504
Guatemala,GTM,2000,4.801,4.801,False,0.3459341078843664,0.47275545487063314
Guatemala,GTM,2001,4.718,4.718,False,0.3050729984663678,0.4628591868367712
Guatemala,GTM,2002,4.634,4.634,False,0.2637195865252611,0.452843686657923
Guatemala,GTM,2003,4.547,4.547,False,0.22088926701482867,0.44247049004411587
Guatemala,GTM,2004,4.459,4.459,False,0.17756664498128807,0.43197806128532246
Guatemala,GTM,2005,4.371,4.371,False,0.13424402294774793,0.4214856325265292
Guatemala,GTM,2006,4.283,4.283,False,0.09092140091420732,0.4109932037677358
Guatemala,GTM,2007,4.199,4.199,False,0.04956798897310016,0.40097770358888757
Guatemala,GTM,2008,4.119,4.119,False,0.010183787124426897,0.3914391319899845
Guatemala,GTM,2009,4.044,4.044,False,-0.026738902108704346,0.38249672111601285
Guatemala,GTM,2010,3.974,3.974,False,-0.06120007872629313,0.37415047096697274
Guatemala,GTM,2011,3.908,3.908,False,-0.09369204525144868,0.36628114939787765
Guinea,GIN,1960,6.102,6.102,False,0.9864196904484149,0.6278764754977941
Guinea,GIN,1961,6.113,6.113,False,0.9918350182026076,0.6291880290926434
Guinea,GIN,1962,6.121,6.121,False,0.9957734383874749,0.6301418862525336
Guinea,GIN,1963,6.127000000000002,6.127000000000002,False,0.9987272535261259,0.6308572791224515
Guinea,GIN,1964,6.131,6.131,False,1.000696463618559,0.6313342077023966
Guinea,GIN,1965,6.135,6.135,False,1.0026656737109925,0.6318111362823416
Guinea,GIN,1966,6.14,6.14,False,1.0051271863265345,0.632407297007273
Guinea,GIN,1967,6.147,6.147,False,1.0085733039882936,0.6332419220221771
Guinea,GIN,1968,6.158,6.158,False,1.0139886317424862,0.6345534756170264
Guinea,GIN,1969,6.174,6.174,False,1.021865472112221,0.6364611899368069
Guinea,GIN,1970,6.195,6.195,False,1.0322038250974976,0.638965064981519
Guinea,GIN,1971,6.221,6.221,False,1.0450036906983162,0.6420651007511624
Guinea,GIN,1972,6.25,6.25,False,1.0592804638684603,0.6455228329557648
Guinea,GIN,1973,6.283,6.283,False,1.0755264471310382,0.6494574937403124
Guinea,GIN,1974,6.318,6.318,False,1.0927570354398324,0.6536306188148323
Guinea,GIN,1975,6.354,6.354,False,1.1104799262717355,0.6579229760343388
Guinea,GIN,1976,6.391,6.391,False,1.128695119626747,0.6623345653988315
Guinea,GIN,1977,6.428,6.428,False,1.1469103129817582,0.6667461547633241
Guinea,GIN,1978,6.465,6.465,False,1.1651255063367696,0.6711577441278168
Guinea,GIN,1979,6.5,6.5,False,1.1823560946455642,0.6753308692023369
Guinea,GIN,1980,6.533,6.533,False,1.198602077908142,0.6792655299868844
Guinea,GIN,1981,6.563,6.563,False,1.2133711536013942,0.682842494336473
Guinea,GIN,1982,6.59,6.59,False,1.2266633217253216,0.6860617622511028
Guinea,GIN,1983,6.613,6.613,False,1.2379862797568153,0.6888041015857875
Guinea,GIN,1984,6.63,6.63,False,1.246355422649658,0.6908310480505544
Guinea,GIN,1985,6.641,6.641,False,1.2517707504038507,0.6921426016454035
Guinea,GIN,1986,6.645,6.645,False,1.2537399604962842,0.6926195302253486
Guinea,GIN,1987,6.641,6.641,False,1.2517707504038507,0.6921426016454035
Guinea,GIN,1988,6.629,6.629,False,1.2458631201265495,0.690711815905568
Guinea,GIN,1989,6.608,6.608,False,1.2355247671412728,0.688207940860856
Guinea,GIN,1990,6.579,6.579,False,1.221247993971129,0.6847502086562536
Guinea,GIN,1991,6.539,6.539,False,1.2015558930467922,0.6799809228568021
Guinea,GIN,1992,6.492000000000001,6.492000000000001,False,1.1784176744606973,0.6743770120424467
Guinea,GIN,1993,6.436,6.436,False,1.1508487331666255,0.6677000119232144
Guinea,GIN,1994,6.375,6.375,False,1.1208182792570123,0.6604268510790509
Guinea,GIN,1995,6.308,6.308,False,1.0878340102087483,0.6524382973649695
Guinea,GIN,1996,6.237,6.237,False,1.052880531068051,0.6439728150709431
Guinea,GIN,1997,6.162999999999999,6.162999999999999,False,1.0164501443580278,0.6351496363419576
Guinea,GIN,1998,6.089,6.089,False,0.9800197576480056,0.6263264576129725
Guinea,GIN,1999,6.013999999999999,6.013999999999999,False,0.943097068414874,0.6173840467390007
Guinea,GIN,2000,5.939,5.939,False,0.9061743791817432,0.6084416358650292
Guinea,GIN,2001,5.8660000000000005,5.8660000000000005,False,0.870236294994829,0.5997376892810302
Guinea,GIN,2002,5.794,5.794,False,0.8347905133310226,0.5911529748420173
Guinea,GIN,2003,5.722,5.722,False,0.7993447316672171,0.5825682604030046
Guinea,GIN,2004,5.649,5.649,False,0.7634066474803026,0.5738643138190055
Guinea,GIN,2005,5.5760000000000005,5.5760000000000005,False,0.7274685632933885,0.5651603672350065
Guinea,GIN,2006,5.501,5.501,False,0.6905458740602572,0.5562179563610349
Guinea,GIN,2007,5.422999999999999,5.422999999999999,False,0.6521462772578003,0.5469178490521043
Guinea,GIN,2008,5.343,5.343,False,0.6127620754091275,0.5373792774532014
Guinea,GIN,2009,5.26,5.26,False,0.5719009659911289,0.5274830094193393
Guinea,GIN,2010,5.174,5.174,False,0.5295629490038055,0.5172290449505187
Guinea,GIN,2011,5.088,5.088,False,0.4872249320164816,0.5069750804816978
Guinea-Bissau,GNB,1960,5.827999999999999,5.827999999999999,False,0.8515287991167086,0.5952068677715511
Guinea-Bissau,GNB,1961,5.771,5.771,False,0.8234675552995292,0.5884106355073327
Guinea-Bissau,GNB,1962,5.67,5.67,False,0.7737450004655793,0.5763681888637175
Guinea-Bissau,GNB,1963,5.515,5.515,False,0.6974381093837748,0.5578872063908429
Guinea-Bissau,GNB,1964,5.32,5.32,False,0.6014391173776341,0.5346369381185168
Guinea-Bissau,GNB,1965,5.138999999999999,5.138999999999999,False,0.5123323606950104,0.5130559198759984
Guinea-Bissau,GNB,1966,5.045,5.045,False,0.46605592352281966,0.5018480982472874
Guinea-Bissau,GNB,1967,5.091,5.091,False,0.4887018395858069,0.5073327769166567
Guinea-Bissau,GNB,1968,5.296,5.296,False,0.5896238568230321,0.5317753666388458
Guinea-Bissau,GNB,1969,5.643,5.643,False,0.7604528323416521,0.5731489209490878
Guinea-Bissau,GNB,1970,6.0710000000000015,6.0710000000000015,False,0.9711583122320546,0.6241802790032194
Guinea-Bissau,GNB,1971,6.489,6.489,False,1.1769407668913716,0.6740193156074877
Guinea-Bissau,GNB,1972,6.812,6.812,False,1.33595448185539,0.7125312984380588
Guinea-Bissau,GNB,1973,6.984,6.984,False,1.4206305158300372,0.7330392273757004
Guinea-Bissau,GNB,1974,6.992999999999999,6.992999999999999,False,1.4250612385380126,0.734112316680577
Guinea-Bissau,GNB,1975,6.8660000000000005,6.8660000000000005,False,1.3625388181032445,0.7189698342673184
Guinea-Bissau,GNB,1976,6.662000000000001,6.662000000000001,False,1.2621091033891279,0.6946464766901157
Guinea-Bissau,GNB,1977,6.462999999999999,6.462999999999999,False,1.1641409012905524,0.6709192798378442
Guinea-Bissau,GNB,1978,6.33,6.33,False,1.0986646657171335,0.6550614045546679
Guinea-Bissau,GNB,1979,6.283,6.283,False,1.0755264471310382,0.6494574937403124
Guinea-Bissau,GNB,1980,6.322,6.322,False,1.0947262455322662,0.6541075473947776
Guinea-Bissau,GNB,1981,6.422999999999999,6.422999999999999,False,1.1444488003662157,0.6661499940383926
Guinea-Bissau,GNB,1982,6.5420000000000025,6.5420000000000025,False,1.2030328006161188,0.6803386192917613
Guinea-Bissau,GNB,1983,6.642,6.642,False,1.2522630529269594,0.6922618337903899
Guinea-Bissau,GNB,1984,6.71,6.71,False,1.2857396244983315,0.7003696196494574
Guinea-Bissau,GNB,1985,6.742999999999999,6.742999999999999,False,1.3019856077609089,0.7043042804340048
Guinea-Bissau,GNB,1986,6.742999999999999,6.742999999999999,False,1.3019856077609089,0.7043042804340048
Guinea-Bissau,GNB,1987,6.728,6.728,False,1.2946010699142827,0.7025157982592106
Guinea-Bissau,GNB,1988,6.706,6.706,False,1.283770414405898,0.6998926910695124
Guinea-Bissau,GNB,1989,6.68,6.68,False,1.2709705488050789,0.6967926552998688
Guinea-Bissau,GNB,1990,6.649,6.649,False,1.255709170588718,0.6930964588052938
Guinea-Bissau,GNB,1991,6.608,6.608,False,1.2355247671412728,0.688207940860856
Guinea-Bissau,GNB,1992,6.553999999999999,6.553999999999999,False,1.2089404308934182,0.6817694050315963
Guinea-Bissau,GNB,1993,6.4860000000000015,6.4860000000000015,False,1.175463859322047,0.673661619172529
Guinea-Bissau,GNB,1994,6.404,6.404,False,1.1350950524271561,0.6638845832836532
Guinea-Bissau,GNB,1995,6.311,6.311,False,1.0893109177780735,0.6527959937999284
Guinea-Bissau,GNB,1996,6.214,6.214,False,1.0415575730365576,0.6412304757362585
Guinea-Bissau,GNB,1997,6.115,6.115,False,0.9928196232488243,0.6294264933826159
Guinea-Bissau,GNB,1998,6.019,6.019,False,0.9455585810304163,0.6179802074639322
Guinea-Bissau,GNB,1999,5.928999999999999,5.928999999999999,False,0.9012513539506586,0.6072493144151662
Guinea-Bissau,GNB,2000,5.845,5.845,False,0.8598979420095519,0.597233814236318
Guinea-Bissau,GNB,2001,5.766,5.766,False,0.8210060426839872,0.5878144747824012
Guinea-Bissau,GNB,2002,5.69,5.69,False,0.7835910509277478,0.5787528317634434
Guinea-Bissau,GNB,2003,5.614,5.614,False,0.746176059171508,0.5696911887444854
Guinea-Bissau,GNB,2004,5.539,5.539,False,0.7092533699383767,0.5607487778705138
Guinea-Bissau,GNB,2005,5.462999999999999,5.462999999999999,False,0.671838378182137,0.5516871348515558
Guinea-Bissau,GNB,2006,5.388999999999999,5.388999999999999,False,0.6354079914721142,0.5428639561225705
Guinea-Bissau,GNB,2007,5.317,5.317,False,0.5999622098083087,0.5342792416835579
Guinea-Bissau,GNB,2008,5.247000000000001,5.247000000000001,False,0.56550103319072,0.5259329915345178
Guinea-Bissau,GNB,2009,5.18,5.18,False,0.5325167641424556,0.5179444378204363
Guinea-Bissau,GNB,2010,5.115,5.115,False,0.5005171001404088,0.5101943483963276
Guinea-Bissau,GNB,2011,5.052,5.052,False,0.4695020411845784,0.5026827232621913
Guyana,GUY,1960,5.671,5.671,False,0.7742373029886879,0.5764874210087039
Guyana,GUY,1961,5.577999999999999,5.577999999999999,False,0.7284531683396048,0.565398831524979
Guyana,GUY,1962,5.485,5.485,False,0.6826690336905227,0.5543102420412543
Guyana,GUY,1963,5.401,5.401,False,0.6413156217494155,0.544294741862406
Guyana,GUY,1964,5.329,5.329,False,0.6058698400856095,0.5357100274233932
Guyana,GUY,1965,5.272,5.272,False,0.5778085962684301,0.5289137951591749
Guyana,GUY,1966,5.228,5.228,False,0.5561472852516596,0.5236675807797782
Guyana,GUY,1967,5.19,5.19,False,0.5374397893735401,0.5191367592702992
Guyana,GUY,1968,5.152,5.152,False,0.5187322934954202,0.5146059377608203
Guyana,GUY,1969,5.112,5.112,False,0.49904019257108356,0.5098366519613687
Guyana,GUY,1970,5.0680000000000005,5.0680000000000005,False,0.4773788815543135,0.5045904375819721
Guyana,GUY,1971,5.022,5.022,False,0.45473296549132625,0.4991057589126028
Guyana,GUY,1972,4.974,4.974,False,0.4311024443821223,0.49338261595326094
Guyana,GUY,1973,4.919,4.919,False,0.40402580561115914,0.48682484797901504
Guyana,GUY,1974,4.852,4.852,False,0.3710415365628957,0.4788362942649338
Guyana,GUY,1975,4.758,4.758,False,0.32476509939070447,0.4676284726362227
Guyana,GUY,1976,4.621,4.621,False,0.25731965372485177,0.4512936687731013
Guyana,GUY,1977,4.435,4.435,False,0.1657513844266861,0.42911648980565154
Guyana,GUY,1978,4.204,4.204,False,0.05202950158864219,0.401573864313819
Guyana,GUY,1979,3.935,3.935,False,-0.0803998771275214,0.36950041731250743
Guyana,GUY,1980,3.646,3.646,False,-0.22267530630585353,0.3350423274114701
Guyana,GUY,1981,3.36,3.36,False,-0.3634738279148604,0.30094193394539165
Guyana,GUY,1982,3.099,3.099,False,-0.49196478644615665,0.26982234410397044
Guyana,GUY,1983,2.881,2.881,False,-0.5992867364837914,0.24382973649695955
Guyana,GUY,1984,2.714,2.714,False,-0.6815012578428967,0.22391796828424942
Guyana,GUY,1985,2.6,2.6,False,-0.737623745477256,0.21032550375581258
Guyana,GUY,1986,2.5340000000000003,2.5340000000000003,False,-0.7701157120024114,0.20245618218671757
Guyana,GUY,1987,2.499,2.499,False,-0.7873463003112059,0.19828305711219746
Guyana,GUY,1988,2.48,2.48,False,-0.7967000482502659,0.19601764635745797
Guyana,GUY,1989,2.471,2.471,False,-0.8011307709582416,0.1949445570525814
Guyana,GUY,1990,2.467,2.467,False,-0.8030999810506753,0.19446762847263624
Guyana,GUY,1991,2.465,2.465,False,-0.8040845860968922,0.19422916418266364
Guyana,GUY,1992,2.467,2.467,False,-0.8030999810506753,0.19446762847263624
Guyana,GUY,1993,2.4730000000000003,2.4730000000000003,False,-0.8001461659120246,0.195183021342554
Guyana,GUY,1994,2.482,2.482,False,-0.795715443204049,0.19625611064743056
Guyana,GUY,1995,2.4930000000000003,2.4930000000000003,False,-0.7903001154498563,0.19756766424227976
Guyana,GUY,1996,2.505,2.505,False,-0.7843924851725556,0.19899844998211516
Guyana,GUY,1997,2.521,2.521,False,-0.7765156448028209,0.20090616430189578
Guyana,GUY,1998,2.54,2.54,False,-0.7671618968637609,0.20317157505663527
Guyana,GUY,1999,2.5610000000000004,2.5610000000000004,False,-0.756823543878484,0.20567545010134738
Guyana,GUY,2000,2.585,2.585,False,-0.7450082833238822,0.20853702158101825
Guyana,GUY,2001,2.614,2.614,False,-0.7307315101537383,0.2119947537856206
Guyana,GUY,2002,2.645,2.645,False,-0.7154701319373773,0.21569095028019555
Guyana,GUY,2003,2.678,2.678,False,-0.6992241486747997,0.21962561106474304
Guyana,GUY,2004,2.709,2.709,False,-0.6839627704584387,0.22332180755931802
Guyana,GUY,2005,2.735,2.735,False,-0.67116290485762,0.22642184332896148
Guyana,GUY,2006,2.7510000000000003,2.7510000000000003,False,-0.6632860644878851,0.22832955764874213
Guyana,GUY,2007,2.754,2.754,False,-0.66180915691856,0.22868725408370097
Guyana,GUY,2008,2.7430000000000003,2.7430000000000003,False,-0.6672244846727524,0.22737570048885183
Guyana,GUY,2009,2.718,2.718,False,-0.679532047750463,0.2243948968641946
Guyana,GUY,2010,2.682,2.682,False,-0.697254938582366,0.2201025396446882
Guyana,GUY,2011,2.638,2.638,False,-0.7189162495991362,0.21485632526529153
Haiti,HTI,1960,6.324,6.324,False,1.095710850578483,0.6543460116847502
Haiti,HTI,1961,6.318,6.318,False,1.0927570354398324,0.6536306188148323
Haiti,HTI,1962,6.3020000000000005,6.3020000000000005,False,1.0848801950700981,0.6517229044950519
Haiti,HTI,1963,6.274,6.274,False,1.0710957244230623,0.6483844044354358
Haiti,HTI,1964,6.233,6.233,False,1.0509113209756171,0.6434958864909979
Haiti,HTI,1965,6.178999999999999,6.178999999999999,False,1.0243269847277625,0.6370573506617383
Haiti,HTI,1966,6.109,6.109,False,0.9898658081101737,0.6287111005126982
Haiti,HTI,1967,6.026,6.026,False,0.9490046986921751,0.6188148324788362
Haiti,HTI,1968,5.937,5.937,False,0.9051897741355264,0.6082031715750565
Haiti,HTI,1969,5.847,5.847,False,0.860882547055769,0.5974722785262907
Haiti,HTI,1970,5.7620000000000005,5.7620000000000005,False,0.8190368325915538,0.5873375462024562
Haiti,HTI,1971,5.693,5.693,False,0.7850679584970727,0.5791105281984021
Haiti,HTI,1972,5.643,5.643,False,0.7604528323416521,0.5731489209490878
Haiti,HTI,1973,5.6160000000000005,5.6160000000000005,False,0.7471606642177252,0.5699296530344581
Haiti,HTI,1974,5.615,5.615,False,0.7466683616946166,0.5698104208894718
Haiti,HTI,1975,5.642,5.642,False,0.7599605298185439,0.5730296888041015
Haiti,HTI,1976,5.699,5.699,False,0.7880217736357233,0.57982592106832
Haiti,HTI,1977,5.779,5.779,False,0.8274059754843965,0.589364492667223
Haiti,HTI,1978,5.872000000000001,5.872000000000001,False,0.8731901101334796,0.600453082150948
Haiti,HTI,1979,5.97,5.97,False,0.9214357573981038,0.6121378323596041
Haiti,HTI,1980,6.058,6.058,False,0.9647583794316444,0.6226302611183975
Haiti,HTI,1981,6.122000000000001,6.122000000000001,False,0.9962657409105835,0.63026111839752
Haiti,HTI,1982,6.154,6.154,False,1.0120194216500524,0.6340765470370812
Haiti,HTI,1983,6.149,6.149,False,1.0095579090345104,0.6334803863121496
Haiti,HTI,1984,6.106,6.106,False,0.9883889005408484,0.6283534040777393
Haiti,HTI,1985,6.028,6.028,False,0.9499893037383919,0.6190532967688087
Haiti,HTI,1986,5.921,5.921,False,0.8973129337657917,0.606295457255276
Haiti,HTI,1987,5.799,5.799,False,0.8372520259465651,0.5917491355669489
Haiti,HTI,1988,5.672999999999999,5.672999999999999,False,0.7752219080349042,0.5767258852986764
Haiti,HTI,1989,5.549,5.549,False,0.7141763951694613,0.5619410993203767
Haiti,HTI,1990,5.43,5.43,False,0.6555923949195595,0.5477524740670083
Haiti,HTI,1991,5.318,5.318,False,0.6004545123314169,0.5343984738285441
Haiti,HTI,1992,5.21,5.21,False,0.5472858398357082,0.521521402170025
Haiti,HTI,1993,5.103,5.103,False,0.49460946986310766,0.5087635626564921
Haiti,HTI,1994,4.997,4.997,False,0.4424254024136157,0.49612495528794553
Haiti,HTI,1995,4.888999999999999,4.888999999999999,False,0.38925672991790655,0.48324788362942633
Haiti,HTI,1996,4.779,4.779,False,0.33510345237598116,0.47013234768093476
Haiti,HTI,1997,4.665,4.665,False,0.2789809647416219,0.4565398831524979
Haiti,HTI,1998,4.547,4.547,False,0.22088926701482867,0.44247049004411587
Haiti,HTI,1999,4.426,4.426,False,0.16132066171871062,0.428043400500775
Haiti,HTI,2000,4.303,4.303,False,0.10076745137637541,0.4133778466674615
Haiti,HTI,2001,4.182,4.182,False,0.04119884608025737,0.3989507571241207
Haiti,HTI,2002,4.065,4.065,False,-0.01640054912342723,0.38500059616072496
Haiti,HTI,2003,3.953,3.953,False,-0.07153843171157002,0.3716465959222606
Haiti,HTI,2004,3.849,3.849,False,-0.12273789411484506,0.35924645284368667
Haiti,HTI,2005,3.753,3.753,False,-0.16999893633325297,0.347800166925003
Haiti,HTI,2006,3.664,3.664,False,-0.21381386088990192,0.33718850602122336
Haiti,HTI,2007,3.58,3.58,False,-0.2551672728310089,0.32717300584237513
Haiti,HTI,2008,3.5,3.5,False,-0.2945514746796821,0.31763443424347204
Haiti,HTI,2009,3.424,3.424,False,-0.33196646643592176,0.30857279122451414
Haiti,HTI,2010,3.35,3.35,False,-0.3683968531459444,0.2997496124955288
Haiti,HTI,2011,3.28,3.28,False,-0.40285802976353363,0.2914033623464886
Honduras,HND,1960,7.457999999999997,7.457999999999997,False,1.6539819117834245,0.7895552640992006
Honduras,HND,1961,7.447999999999999,7.447999999999999,False,1.6490588865523412,0.788362942649338
Honduras,HND,1962,7.443,7.443,False,1.6465973739367996,0.7877667819244067
Honduras,HND,1963,7.441,7.441,False,1.645612768890583,0.7875283176344341
Honduras,HND,1964,7.443,7.443,False,1.6465973739367996,0.7877667819244067
Honduras,HND,1965,7.442,7.442,False,1.6461050714136916,0.7876475497794204
Honduras,HND,1966,7.435,7.435,False,1.6426589537519323,0.7868129247645164
Honduras,HND,1967,7.417000000000002,7.417000000000002,False,1.633797508335982,0.7846667461547634
Honduras,HND,1968,7.382999999999999,7.382999999999999,False,1.6170592225502944,0.7806128532252293
Honduras,HND,1969,7.334,7.334,False,1.5929363989179823,0.7747704781209013
Honduras,HND,1970,7.27,7.27,False,1.5614290374390438,0.7671396208417788
Honduras,HND,1971,7.195,7.195,False,1.524506348205913,0.7581972099678073
Honduras,HND,1972,7.1110000000000015,7.1110000000000015,False,1.4831529362648068,0.7481817097889593
Honduras,HND,1973,7.025,7.025,False,1.4408149192774824,0.7379277453201383
Honduras,HND,1974,6.935,6.935,False,1.3965076921977246,0.7271968522713722
Honduras,HND,1975,6.843999999999999,6.843999999999999,False,1.3517081625948588,0.71634672707762
Honduras,HND,1976,6.749,6.749,False,1.3049394228995594,0.7050196733039227
Honduras,HND,1977,6.649,6.649,False,1.255709170588718,0.6930964588052938
Honduras,HND,1978,6.5429999999999975,6.5429999999999975,False,1.2035251031392247,0.680457851436747
Honduras,HND,1979,6.431,6.431,False,1.1483872205510834,0.667103851198283
Honduras,HND,1980,6.313,6.313,False,1.0902955228242903,0.6530344580899009
Honduras,HND,1981,6.19,6.19,False,1.0297423124819556,0.6383689042565875
Honduras,HND,1982,6.062,6.062,False,0.9667275895240783,0.6231071896983427
Honduras,HND,1983,5.932,5.932,False,0.9027282615199843,0.6076070108501251
Honduras,HND,1984,5.8020000000000005,5.8020000000000005,False,0.8387289335158904,0.5921068320019077
Honduras,HND,1985,5.675,5.675,False,0.7762065130811213,0.5769643495886491
Honduras,HND,1986,5.553999999999999,5.553999999999999,False,0.7166379077850028,0.5625372600453081
Honduras,HND,1987,5.441,5.441,False,0.6610077226737521,0.5490640276618576
Honduras,HND,1988,5.335,5.335,False,0.6088236552242602,0.536425420293311
Honduras,HND,1989,5.2360000000000015,5.2360000000000015,False,0.5600857054365278,0.5246214379396686
Honduras,HND,1990,5.142,5.142,False,0.5138092682643361,0.5134136163109574
Honduras,HND,1991,5.048,5.048,False,0.46753283109214494,0.5022057946822462
Honduras,HND,1992,4.95,4.95,False,0.41928718382752034,0.49052104447359
Honduras,HND,1993,4.846,4.846,False,0.36808772142424506,0.47812090139501606
Honduras,HND,1994,4.735,4.735,False,0.31344214135921106,0.4648861333015381
Honduras,HND,1995,4.617,4.617,False,0.2553504436324179,0.45081674019315604
Honduras,HND,1996,4.493,4.493,False,0.19430493076697453,0.43603195421485635
Honduras,HND,1997,4.3660000000000005,4.3660000000000005,False,0.1317825103322059,0.42088947180159775
Honduras,HND,1998,4.239,4.239,False,0.0692600898974368,0.4057469893883391
Honduras,HND,1999,4.1160000000000005,4.1160000000000005,False,0.008706879555102033,0.39108143555502567
Honduras,HND,2000,3.996,3.996,False,-0.05036942321790809,0.376773578156671
Honduras,HND,2001,3.883,3.883,False,-0.10599960832915903,0.36330034577322046
Honduras,HND,2002,3.775,3.775,False,-0.15916828082486795,0.3504232741147013
Honduras,HND,2003,3.674,3.674,False,-0.20889083565881789,0.3383808274710862
Honduras,HND,2004,3.579,3.579,False,-0.2556595753541172,0.32705377369738886
Honduras,HND,2005,3.492,3.492,False,-0.29848989486454947,0.3166805770835817
Honduras,HND,2006,3.4130000000000003,3.4130000000000003,False,-0.33738179419011416,0.307261237629665
Honduras,HND,2007,3.34,3.34,False,-0.3733198783770287,0.2985572910456659
Honduras,HND,2008,3.273,3.273,False,-0.40630414742529236,0.2905687373315846
Honduras,HND,2009,3.212,3.212,False,-0.4363346013349057,0.28329557648742104
Honduras,HND,2010,3.154,3.154,False,-0.46488814767519393,0.2763801120782163
Honduras,HND,2011,3.1010000000000004,3.1010000000000004,False,-0.4909801813999397,0.2700608083939431
"Hong Kong SAR, China",HKG,1960,5.162000000000001,5.162000000000001,False,0.5236553187265047,0.5157982592106832
"Hong Kong SAR, China",HKG,1961,5.212999999999999,5.212999999999999,False,0.5487627474050331,0.5218790986049837
"Hong Kong SAR, China",HKG,1962,5.18,5.18,False,0.5325167641424556,0.5179444378204363
"Hong Kong SAR, China",HKG,1963,5.051,5.051,False,0.4690097386614703,0.5025634911172051
"Hong Kong SAR, China",HKG,1964,4.833,4.833,False,0.3616877886238357,0.4765708835101944
"Hong Kong SAR, China",HKG,1965,4.551,4.551,False,0.22285847710726256,0.44294741862406106
"Hong Kong SAR, China",HKG,1966,4.246,4.246,False,0.07270620755919599,0.40658161440324314
"Hong Kong SAR, China",HKG,1967,3.959,3.959,False,-0.06858461657291942,0.37236198879217836
"Hong Kong SAR, China",HKG,1968,3.722,3.722,False,-0.18526031454961392,0.34410397043042806
"Hong Kong SAR, China",HKG,1969,3.545,3.545,False,-0.27239786113980347,0.322999880767855
"Hong Kong SAR, China",HKG,1970,3.4210000000000003,3.4210000000000003,False,-0.3334433740052468,0.3082150947895553
"Hong Kong SAR, China",HKG,1971,3.459,3.459,False,-0.3147358781271271,0.31274591629903425
"Hong Kong SAR, China",HKG,1972,3.315,3.315,False,-0.38562744145473904,0.29557648742100867
"Hong Kong SAR, China",HKG,1973,3.177,3.177,False,-0.4535651896437003,0.27912245141290093
"Hong Kong SAR, China",HKG,1974,2.967,2.967,False,-0.5569487194964675,0.25408370096578037
"Hong Kong SAR, China",HKG,1975,2.6660000000000004,2.6660000000000004,False,-0.7051317789521004,0.21819482532490764
"Hong Kong SAR, China",HKG,1976,2.48,2.48,False,-0.7967000482502659,0.19601764635745797
"Hong Kong SAR, China",HKG,1977,2.376,2.376,False,-0.8478995106535411,0.183617503278884
"Hong Kong SAR, China",HKG,1978,2.272,2.272,False,-0.8990989730568164,0.17121736020030998
"Hong Kong SAR, China",HKG,1979,2.12,2.12,False,-0.9739289565692953,0.1530940741623942
"Hong Kong SAR, China",HKG,1980,2.047,2.047,False,-1.0098670407562096,0.14439012757839517
"Hong Kong SAR, China",HKG,1981,1.933,1.933,False,-1.0659895283905692,0.13079766304995827
"Hong Kong SAR, China",HKG,1982,1.86,1.86,False,-1.1019276125774833,0.12209371646595922
"Hong Kong SAR, China",HKG,1983,1.722,1.722,False,-1.1698653607664449,0.10563968045785144
"Hong Kong SAR, China",HKG,1984,1.5590000000000002,1.5590000000000002,False,-1.2501106720331163,0.08620484082508646
"Hong Kong SAR, China",HKG,1985,1.491,1.491,False,-1.2835872436044886,0.07809705496601885
"Hong Kong SAR, China",HKG,1986,1.367,1.367,False,-1.3446327564699323,0.06331226898771909
"Hong Kong SAR, China",HKG,1987,1.311,1.311,False,-1.3722016977640035,0.05663526886848694
"Hong Kong SAR, China",HKG,1988,1.4,1.4,False,-1.3283867732073547,0.0672469297722666
"Hong Kong SAR, China",HKG,1989,1.296,1.296,False,-1.3795862356106297,0.054846786693692626
"Hong Kong SAR, China",HKG,1990,1.272,1.272,False,-1.3914014961652317,0.051985215214021704
"Hong Kong SAR, China",HKG,1991,1.281,1.281,False,-1.386970773457256,0.053058304518898286
"Hong Kong SAR, China",HKG,1992,1.347,1.347,False,-1.3544788069321005,0.06092762608799332
"Hong Kong SAR, China",HKG,1993,1.342,1.342,False,-1.3569403195476426,0.060331465363061894
"Hong Kong SAR, China",HKG,1994,1.355,1.355,False,-1.3505403867472332,0.06188148324788363
"Hong Kong SAR, China",HKG,1995,1.295,1.295,False,-1.3800785381337382,0.05472755454870632
"Hong Kong SAR, China",HKG,1996,1.1909999999999998,1.1909999999999998,False,-1.4312780005370134,0.04232741147013233
"Hong Kong SAR, China",HKG,1997,1.127,1.127,False,-1.462785362015952,0.0346965541910099
"Hong Kong SAR, China",HKG,1998,1.017,1.017,False,-1.5169386395578777,0.021581018242518176
"Hong Kong SAR, China",HKG,1999,0.982,0.982,False,-1.534169227866672,0.017407893167998095
"Hong Kong SAR, China",HKG,2000,1.035,1.035,False,-1.5080771941419262,0.023727196852271367
"Hong Kong SAR, China",HKG,2001,0.932,0.932,False,-1.558784354022093,0.011446285918683687
"Hong Kong SAR, China",HKG,2002,0.939,0.939,False,-1.555338236360334,0.012280910933587692
"Hong Kong SAR, China",HKG,2003,0.901,0.901,False,-1.574045732238454,0.007750089424108746
"Hong Kong SAR, China",HKG,2004,0.927,0.927,False,-1.561245866637635,0.010850125193752244
"Hong Kong SAR, China",HKG,2005,0.966,0.966,False,-1.5420460682364068,0.015500178848217479
"Hong Kong SAR, China",HKG,2006,0.984,0.984,False,-1.5331846228204553,0.01764635745797067
"Hong Kong SAR, China",HKG,2007,1.028,1.028,False,-1.511523311803685,0.02289257183736736
"Hong Kong SAR, China",HKG,2008,1.064,1.064,False,-1.4938004209717821,0.027184929056873742
"Hong Kong SAR, China",HKG,2009,1.055,1.055,False,-1.498231143679758,0.026111839751997133
"Hong Kong SAR, China",HKG,2010,1.127,1.127,False,-1.462785362015952,0.0346965541910099
"Hong Kong SAR, China",HKG,2011,1.204,1.204,False,-1.4248780677366042,0.04387742935495409
Hungary,HUN,1960,2.019,2.019,False,-1.0236515114032454,0.1410516275187791
Hungary,HUN,1961,1.941,1.941,False,-1.0620511082057018,0.13175152020984857
Hungary,HUN,1962,1.79,1.79,False,-1.1363887891950726,0.11374746631691904
Hungary,HUN,1963,1.81,1.81,False,-1.1265427387329041,0.11613210921664481
Hungary,HUN,1964,1.82,1.82,False,-1.12161971350182,0.11732443066650769
Hungary,HUN,1965,1.82,1.82,False,-1.12161971350182,0.11732443066650769
Hungary,HUN,1966,1.89,1.89,False,-1.0871585368842311,0.12567068081554783
Hungary,HUN,1967,2.01,2.01,False,-1.0280822341112212,0.13997853821390246
Hungary,HUN,1968,2.06,2.06,False,-1.0034671079558004,0.1459401454632169
Hungary,HUN,1969,2.029,2.029,False,-1.0187284861721613,0.14224394896864195
Hungary,HUN,1970,1.97,1.97,False,-1.047774335035558,0.13520925241445092
Hungary,HUN,1971,1.915,1.915,False,-1.0748509738065206,0.1286514844402051
Hungary,HUN,1972,1.931,1.931,False,-1.066974133436786,0.1305591987599857
Hungary,HUN,1973,1.93,1.93,False,-1.0674664359598944,0.13043996661499938
Hungary,HUN,1974,2.27,2.27,False,-0.9000835781030331,0.17097889591033744
Hungary,HUN,1975,2.35,2.35,False,-0.8606993762543599,0.1805174675092405
Hungary,HUN,1976,2.23,2.23,False,-0.9197756790273698,0.1662096101108859
Hungary,HUN,1977,2.15,2.15,False,-0.959159880876043,0.15667103851198283
Hungary,HUN,1978,2.07,2.07,False,-0.9985440827247163,0.14713246691307977
Hungary,HUN,1979,2.01,2.01,False,-1.0280822341112212,0.13997853821390246
Hungary,HUN,1980,1.91,1.91,False,-1.0773124864220627,0.12805532371527362
Hungary,HUN,1981,1.877,1.877,False,-1.0935584696846405,0.12412066293072611
Hungary,HUN,1982,1.92,1.92,False,-1.0723894611909786,0.1292476451651365
Hungary,HUN,1983,1.73,1.73,False,-1.1659269405815775,0.10659353761774173
Hungary,HUN,1984,1.73,1.73,False,-1.1659269405815775,0.10659353761774173
Hungary,HUN,1985,1.83,1.83,False,-1.1166966882707359,0.11851675211637058
Hungary,HUN,1986,1.83,1.83,False,-1.1166966882707359,0.11851675211637058
Hungary,HUN,1987,1.81,1.81,False,-1.1265427387329041,0.11613210921664481
Hungary,HUN,1988,1.79,1.79,False,-1.1363887891950726,0.11374746631691904
Hungary,HUN,1989,1.78,1.78,False,-1.1413118144261565,0.11255514486705616
Hungary,HUN,1990,1.84,1.84,False,-1.1117736630396517,0.11970907356623345
Hungary,HUN,1991,1.86,1.86,False,-1.1019276125774833,0.12209371646595922
Hungary,HUN,1992,1.77,1.77,False,-1.1462348396572408,0.11136282341719328
Hungary,HUN,1993,1.69,1.69,False,-1.185619041505914,0.1018242518182902
Hungary,HUN,1994,1.64,1.64,False,-1.210234167661335,0.09586264456897578
Hungary,HUN,1995,1.57,1.57,False,-1.2446953442789237,0.08751639441993563
Hungary,HUN,1996,1.46,1.46,False,-1.2988486218208497,0.0744008584714439
Hungary,HUN,1997,1.38,1.38,False,-1.338232823669523,0.06486228687254082
Hungary,HUN,1998,1.32,1.32,False,-1.3677709750560276,0.05770835817336355
Hungary,HUN,1999,1.28,1.28,False,-1.3874630759803643,0.05293907237391201
Hungary,HUN,2000,1.32,1.32,False,-1.3677709750560276,0.05770835817336355
Hungary,HUN,2001,1.31,1.31,False,-1.372694000287112,0.05651603672350066
Hungary,HUN,2002,1.3,1.3,False,-1.377617025518196,0.05532371527363778
Hungary,HUN,2003,1.27,1.27,False,-1.3923861012114485,0.05174675092404913
Hungary,HUN,2004,1.28,1.28,False,-1.3874630759803643,0.05293907237391201
Hungary,HUN,2005,1.31,1.31,False,-1.372694000287112,0.05651603672350066
Hungary,HUN,2006,1.34,1.34,False,-1.3579249245938596,0.06009300107308931
Hungary,HUN,2007,1.32,1.32,False,-1.3677709750560276,0.05770835817336355
Hungary,HUN,2008,1.35,1.35,False,-1.3530018993627753,0.0612853225229522
Hungary,HUN,2009,1.32,1.32,False,-1.3677709750560276,0.05770835817336355
Hungary,HUN,2010,1.25,1.25,False,-1.402232151673617,0.04936210802432336
Hungary,HUN,2011,1.23,1.23,False,-1.4120782021357852,0.04697746512459759
Iceland,ISL,1960,4.294,4.294,False,0.09633672866839951,0.4123047573625849
Iceland,ISL,1961,3.884,3.884,False,-0.10550730580605067,0.3634195779182067
Iceland,ISL,1962,3.983,3.983,False,-0.05676935601831744,0.3752235602718493
Iceland,ISL,1963,3.98,3.98,False,-0.058246263587642746,0.3748658638368904
Iceland,ISL,1964,3.858,3.858,False,-0.11830717140686937,0.36031954214856327
Iceland,ISL,1965,3.713,3.713,False,-0.18969103725758962,0.34303088112555147
Iceland,ISL,1966,3.5780000000000003,3.5780000000000003,False,-0.2561518778772256,0.32693454155240254
Iceland,ISL,1967,3.282,3.282,False,-0.4018734247173167,0.2916418266364612
Iceland,ISL,1968,3.0610000000000004,3.0610000000000004,False,-0.5106722823242763,0.2652915225944915
Iceland,ISL,1969,2.988,2.988,False,-0.5466103665111909,0.2565875760104924
Iceland,ISL,1970,2.793,2.793,False,-0.6426093585173318,0.23333730773816624
Iceland,ISL,1971,2.875,2.875,False,-0.6022405516224418,0.24311434362704185
Iceland,ISL,1972,3.088,3.088,False,-0.4973801142003493,0.26851079050912124
Iceland,ISL,1973,2.948,2.948,False,-0.5663024674355275,0.2518182902110409
Iceland,ISL,1974,2.66,2.66,False,-0.708085594090751,0.21747943245498988
Iceland,ISL,1975,2.613,2.613,False,-0.7312238126768467,0.2118755216406343
Iceland,ISL,1976,2.529,2.529,False,-0.7725772246179535,0.20186002146178608
Iceland,ISL,1977,2.319,2.319,False,-0.8759607544707207,0.17682127101466555
Iceland,ISL,1978,2.355,2.355,False,-0.8582378636388178,0.18111362823417193
Iceland,ISL,1979,2.49,2.49,False,-0.7917770230191816,0.1972099678073209
Iceland,ISL,1980,2.48,2.48,False,-0.7967000482502659,0.19601764635745797
Iceland,ISL,1981,2.33,2.33,False,-0.8705454267165281,0.17813282460951474
Iceland,ISL,1982,2.26,2.26,False,-0.9050066033341174,0.16978657446047452
Iceland,ISL,1983,2.24,2.24,False,-0.9148526537962854,0.1674019315607488
Iceland,ISL,1984,2.08,2.08,False,-0.993621057493632,0.14832478836294266
Iceland,ISL,1985,1.93,1.93,False,-1.0674664359598944,0.13043996661499938
Iceland,ISL,1986,1.93,1.93,False,-1.0674664359598944,0.13043996661499938
Iceland,ISL,1987,2.05,2.05,False,-1.0083901331868845,0.14474782401335398
Iceland,ISL,1988,2.2,2.2,False,-0.9345447547206222,0.16263264576129727
Iceland,ISL,1989,2.2,2.2,False,-0.9345447547206222,0.16263264576129727
Iceland,ISL,1990,2.31,2.31,False,-0.8803914771786965,0.17574818170978898
Iceland,ISL,1991,2.19,2.19,False,-0.9394677799517064,0.16144032431143437
Iceland,ISL,1992,2.21,2.21,False,-0.929621729489538,0.16382496721116013
Iceland,ISL,1993,2.22,2.22,False,-0.9246987042584538,0.16501728866102305
Iceland,ISL,1994,2.14,2.14,False,-0.9640829061071271,0.15547871706211996
Iceland,ISL,1995,2.08,2.08,False,-0.993621057493632,0.14832478836294266
Iceland,ISL,1996,2.12,2.12,False,-0.9739289565692953,0.1530940741623942
Iceland,ISL,1997,2.04,2.04,False,-1.0133131584179687,0.14355550256349114
Iceland,ISL,1998,2.05,2.05,False,-1.0083901331868845,0.14474782401335398
Iceland,ISL,1999,1.99,1.99,False,-1.0379282845733893,0.13759389531417668
Iceland,ISL,2000,2.08,2.08,False,-0.993621057493632,0.14832478836294266
Iceland,ISL,2001,1.95,1.95,False,-1.057620385497726,0.13282460951472516
Iceland,ISL,2002,1.93,1.93,False,-1.0674664359598944,0.13043996661499938
Iceland,ISL,2003,1.99,1.99,False,-1.0379282845733893,0.13759389531417668
Iceland,ISL,2004,2.04,2.04,False,-1.0133131584179687,0.14355550256349114
Iceland,ISL,2005,2.05,2.05,False,-1.0083901331868845,0.14474782401335398
Iceland,ISL,2006,2.08,2.08,False,-0.993621057493632,0.14832478836294266
Iceland,ISL,2007,2.09,2.09,False,-0.9886980322625479,0.14951710981280553
Iceland,ISL,2008,2.15,2.15,False,-0.959159880876043,0.15667103851198283
Iceland,ISL,2009,2.23,2.23,False,-0.9197756790273698,0.1662096101108859
Iceland,ISL,2010,2.2,2.2,False,-0.9345447547206222,0.16263264576129727
Iceland,ISL,2011,2.02,2.02,False,-1.023159208880137,0.14117085966376536
India,IND,1960,5.87,5.87,False,0.8722055050872625,0.6002146178609753
India,IND,1961,5.856,5.856,False,0.8653132697637446,0.5985453678311672
India,IND,1962,5.8420000000000005,5.8420000000000005,False,0.858421034440227,0.5968761178013593
India,IND,1963,5.8260000000000005,5.8260000000000005,False,0.8505441940704924,0.5949684034815786
India,IND,1964,5.807,5.807,False,0.8411904461314325,0.5927029927268391
India,IND,1965,5.7810000000000015,5.7810000000000015,False,0.8283905805306142,0.5896029569571958
India,IND,1966,5.747000000000001,5.747000000000001,False,0.8116522947449277,0.5855490640276619
India,IND,1967,5.7010000000000005,5.7010000000000005,False,0.7890063786819405,0.5800643853582926
India,IND,1968,5.642,5.642,False,0.7599605298185439,0.5730296888041015
India,IND,1969,5.573,5.573,False,0.7259916557240632,0.5648026708000476
India,IND,1970,5.494,5.494,False,0.6870997563984981,0.5553833313461308
India,IND,1971,5.41,5.41,False,0.6457463444573914,0.5453678311672826
India,IND,1972,5.323,5.323,False,0.6029160249469594,0.5349946345534756
India,IND,1973,5.238,5.238,False,0.5610703104827441,0.5248599022296411
India,IND,1974,5.1560000000000015,5.1560000000000015,False,0.5207015035878545,0.5150828663407656
India,IND,1975,5.077,5.077,False,0.48180960426228897,0.5056635268868487
India,IND,1976,5.0,5.0,False,0.443902309982941,0.49648265172290446
India,IND,1977,4.922,4.922,False,0.4055027131804845,0.4871825444139739
India,IND,1978,4.843,4.843,False,0.3666108138549198,0.47776320496005714
India,IND,1979,4.762,4.762,False,0.3267343094831379,0.46810540121616784
India,IND,1980,4.678999999999999,4.678999999999999,False,0.28587320006513933,0.4582091331823059
India,IND,1981,4.597,4.597,False,0.2455043931702498,0.44843209729343037
India,IND,1982,4.515,4.515,False,0.20513558627535936,0.4386550614045546
India,IND,1983,4.436,4.436,False,0.16624368694979466,0.42923572195063786
India,IND,1984,4.3580000000000005,4.3580000000000005,False,0.12784409014733855,0.4199356146417075
India,IND,1985,4.2810000000000015,4.2810000000000015,False,0.08993679586799103,0.41075473947776336
India,IND,1986,4.203,4.203,False,0.05153719906553405,0.40145463216883276
India,IND,1987,4.125,4.125,False,0.013137602263077502,0.3921545248599022
India,IND,1988,4.044,4.044,False,-0.026738902108704346,0.38249672111601285
India,IND,1989,3.961,3.961,False,-0.0676000115267027,0.37260045308215095
India,IND,1990,3.878,3.878,False,-0.10846112094470105,0.36270418504828905
India,IND,1991,3.793,3.793,False,-0.15030683540891634,0.3525694527244545
India,IND,1992,3.709,3.709,False,-0.19166024735002327,0.3425539525456063
India,IND,1993,3.628,3.628,False,-0.2315367517218049,0.332896148801717
India,IND,1994,3.549,3.549,False,-0.2704286510473698,0.32347680934780015
India,IND,1995,3.4730000000000003,3.4730000000000003,False,-0.3078436428036092,0.3144151663288423
India,IND,1996,3.402,3.402,False,-0.3427971219443068,0.3059496840348158
India,IND,1997,3.334,3.334,False,-0.3762736935156791,0.2978418981757482
India,IND,1998,3.269,3.269,False,-0.40827335751772603,0.2900918087516395
India,IND,1999,3.207,3.207,False,-0.43879611395044793,0.2826994157624895
India,IND,2000,3.145,3.145,False,-0.4693188703831696,0.2753070227733397
India,IND,2001,3.083,3.083,False,-0.4998416268158913,0.26791462978418984
India,IND,2002,3.018,3.018,False,-0.5318412908179385,0.2601645403600811
India,IND,2003,2.952,2.952,False,-0.5643332573430938,0.25229521879098604
India,IND,2004,2.884,2.884,False,-0.5978098289144661,0.24418743293191844
India,IND,2005,2.817,2.817,False,-0.6307940979627298,0.23619887921783717
India,IND,2006,2.753,2.753,False,-0.6623014594416684,0.2285680219387147
India,IND,2007,2.694,2.694,False,-0.691347308305065,0.22153332538452367
India,IND,2008,2.643,2.643,False,-0.7164547369835943,0.21545248599022296
India,IND,2009,2.6,2.6,False,-0.737623745477256,0.21032550375581258
India,IND,2010,2.563,2.563,False,-0.7558389388322673,0.20591391439131992
India,IND,2011,2.532,2.532,False,-0.7711003170486282,0.20221771789674498
Indonesia,IDN,1960,5.666,5.666,False,0.7717757903731458,0.5758912602837725
Indonesia,IDN,1961,5.6560000000000015,5.6560000000000015,False,0.7668527651420622,0.5746989388339098
Indonesia,IDN,1962,5.645,5.645,False,0.7614374373878687,0.5733873852390603
Indonesia,IDN,1963,5.634,5.634,False,0.7560221096336766,0.5720758316442113
Indonesia,IDN,1964,5.6229999999999976,5.6229999999999976,False,0.7506067818794826,0.5707642780493617
Indonesia,IDN,1965,5.612,5.612,False,0.7451914541252913,0.5694527244545129
Indonesia,IDN,1966,5.599,5.599,False,0.7387915213248819,0.5679027065696911
Indonesia,IDN,1967,5.5820000000000025,5.5820000000000025,False,0.73042237843204,0.5658757601049246
Indonesia,IDN,1968,5.556,5.556,False,0.71762251283122,0.5627757243352808
Indonesia,IDN,1969,5.521,5.521,False,0.7003919245224254,0.5586025992607606
Indonesia,IDN,1970,5.474,5.474,False,0.67725370593633,0.5529986884464051
Indonesia,IDN,1971,5.412999999999999,5.412999999999999,False,0.6472232520267163,0.5457255276022415
Indonesia,IDN,1972,5.337999999999999,5.337999999999999,False,0.610300562793585,0.5367831167282697
Indonesia,IDN,1973,5.251,5.251,False,0.5674702432831534,0.5264099201144629
Indonesia,IDN,1974,5.152,5.152,False,0.5187322934954202,0.5146059377608203
Indonesia,IDN,1975,5.043,5.043,False,0.46507131847660294,0.5016096339573148
Indonesia,IDN,1976,4.927,4.927,False,0.4079642257960265,0.48777870513890537
Indonesia,IDN,1977,4.806,4.806,False,0.3483956204999084,0.47335161559556455
Indonesia,IDN,1978,4.682,4.682,False,0.28735010763446506,0.45856682961726486
Indonesia,IDN,1979,4.557,4.557,False,0.22581229224591315,0.4436628114939788
Indonesia,IDN,1980,4.43,4.43,False,0.16328987181114407,0.42852032908072013
Indonesia,IDN,1981,4.301,4.301,False,0.0997828463301587,0.413139382377489
Indonesia,IDN,1982,4.167,4.167,False,0.03381430823363086,0.3971622749493263
Indonesia,IDN,1983,4.0280000000000005,4.0280000000000005,False,-0.034615742478438565,0.3805890067962323
Indonesia,IDN,1984,3.887,3.887,False,-0.10403039823672536,0.3637772743531656
Indonesia,IDN,1985,3.745,3.745,False,-0.1739373565181203,0.34684630976511266
Indonesia,IDN,1986,3.606,3.606,False,-0.24236740723019018,0.3302730416120186
Indonesia,IDN,1987,3.472,3.472,False,-0.30833594532671776,0.314295934183856
Indonesia,IDN,1988,3.346,3.346,False,-0.37036606323837806,0.29927268391558365
Indonesia,IDN,1989,3.229,3.229,False,-0.4279654584420627,0.2853225229521879
Indonesia,IDN,1990,3.122,3.122,False,-0.48064182841466324,0.27256468343865503
Indonesia,IDN,1991,3.023,3.023,False,-0.5293797782023962,0.26076070108501254
Indonesia,IDN,1992,2.931,2.931,False,-0.5746716103283704,0.249791343746274
Indonesia,IDN,1993,2.844,2.844,False,-0.6175019298388027,0.2394181471324669
Indonesia,IDN,1994,2.764,2.764,False,-0.656886131687476,0.22987957553356383
Indonesia,IDN,1995,2.6910000000000003,2.6910000000000003,False,-0.69282421587439,0.22117562894956483
Indonesia,IDN,1996,2.628,2.628,False,-0.7238392748302204,0.21366400381542866
Indonesia,IDN,1997,2.575,2.575,False,-0.7499313085549664,0.20734470013115539
Indonesia,IDN,1998,2.5340000000000003,2.5340000000000003,False,-0.7701157120024114,0.20245618218671757
Indonesia,IDN,1999,2.503,2.503,False,-0.7853770902187722,0.19875998569214262
Indonesia,IDN,2000,2.484,2.484,False,-0.7947308381578322,0.19649457493740313
Indonesia,IDN,2001,2.475,2.475,False,-0.7991615608658079,0.19542148563252654
Indonesia,IDN,2002,2.474,2.474,False,-0.7996538633889163,0.19530225348754027
Indonesia,IDN,2003,2.479,2.479,False,-0.7971923507733742,0.1958984142124717
Indonesia,IDN,2004,2.486,2.486,False,-0.7937462331116153,0.19673303922737573
Indonesia,IDN,2005,2.4930000000000003,2.4930000000000003,False,-0.7903001154498563,0.19756766424227976
Indonesia,IDN,2006,2.495,2.495,False,-0.7893155104036396,0.19780612853225232
Indonesia,IDN,2007,2.49,2.49,False,-0.7917770230191816,0.1972099678073209
Indonesia,IDN,2008,2.479,2.479,False,-0.7971923507733742,0.1958984142124717
Indonesia,IDN,2009,2.46,2.46,False,-0.8065460987124342,0.1936330034577322
Indonesia,IDN,2010,2.434,2.434,False,-0.8193459643132529,0.19053296768808872
Indonesia,IDN,2011,2.403,2.403,False,-0.8346073425296139,0.18683677119351377
"Iran, Islamic Rep.",IRN,1960,6.9270000000000005,6.9270000000000005,False,1.3925692720128577,0.726242995111482
"Iran, Islamic Rep.",IRN,1961,6.924,6.924,False,1.3910923644435325,0.7258852986765232
"Iran, Islamic Rep.",IRN,1962,6.914,6.914,False,1.386169339212448,0.7246929772266602
"Iran, Islamic Rep.",IRN,1963,6.896,6.896,False,1.3773078937964967,0.7225467986169071
"Iran, Islamic Rep.",IRN,1964,6.867999999999999,6.867999999999999,False,1.3635234231494608,0.719208298557291
"Iran, Islamic Rep.",IRN,1965,6.827000000000001,6.827000000000001,False,1.3433390197020163,0.7143197806128533
"Iran, Islamic Rep.",IRN,1966,6.77,6.77,False,1.3152777758848362,0.7075235483486346
"Iran, Islamic Rep.",IRN,1967,6.699,6.699,False,1.2803242967441388,0.6990580660546082
"Iran, Islamic Rep.",IRN,1968,6.617000000000001,6.617000000000001,False,1.239955489849249,0.6892810301657327
"Iran, Islamic Rep.",IRN,1969,6.528,6.528,False,1.1961405652925996,0.6786693692619529
"Iran, Islamic Rep.",IRN,1970,6.44,6.44,False,1.1528179432590595,0.6681769405031597
"Iran, Islamic Rep.",IRN,1971,6.359,6.359,False,1.1129414388872776,0.6585191367592702
"Iran, Islamic Rep.",IRN,1972,6.2920000000000025,6.2920000000000025,False,1.079957169839015,0.6505305830451892
"Iran, Islamic Rep.",IRN,1973,6.242999999999999,6.242999999999999,False,1.055834346206701,0.6446882079408607
"Iran, Islamic Rep.",IRN,1974,6.214,6.214,False,1.0415575730365576,0.6412304757362585
"Iran, Islamic Rep.",IRN,1975,6.2120000000000015,6.2120000000000015,False,1.0405729679903413,0.640992011446286
"Iran, Islamic Rep.",IRN,1976,6.238,6.238,False,1.0533728335911594,0.6440920472159294
"Iran, Islamic Rep.",IRN,1977,6.289,6.289,False,1.0784802622696883,0.65017288661023
"Iran, Islamic Rep.",IRN,1978,6.354,6.354,False,1.1104799262717355,0.6579229760343388
"Iran, Islamic Rep.",IRN,1979,6.4220000000000015,6.4220000000000015,False,1.1439564978431085,0.6660307618934066
"Iran, Islamic Rep.",IRN,1980,6.481,6.481,False,1.1730023467065043,0.6730654584475974
"Iran, Islamic Rep.",IRN,1981,6.516,6.516,False,1.1902329350152987,0.6772385835221175
"Iran, Islamic Rep.",IRN,1982,6.515,6.515,False,1.1897406324921902,0.6771193513771312
"Iran, Islamic Rep.",IRN,1983,6.47,6.47,False,1.1675870189523117,0.6717539048527482
"Iran, Islamic Rep.",IRN,1984,6.374,6.374,False,1.1203259767339036,0.6603076189340645
"Iran, Islamic Rep.",IRN,1985,6.223,6.223,False,1.045988295744533,0.642303565041135
"Iran, Islamic Rep.",IRN,1986,6.015,6.015,False,0.9435893709379825,0.617503278883987
"Iran, Islamic Rep.",IRN,1987,5.759,5.759,False,0.8175599250222285,0.5869798497674973
"Iran, Islamic Rep.",IRN,1988,5.468,5.468,False,0.6742998907976794,0.5522832955764874
"Iran, Islamic Rep.",IRN,1989,5.152,5.152,False,0.5187322934954202,0.5146059377608203
"Iran, Islamic Rep.",IRN,1990,4.819,4.819,False,0.35479555330031776,0.4749016334803863
"Iran, Islamic Rep.",IRN,1991,4.478,4.478,False,0.18692039292034804,0.434243472040062
"Iran, Islamic Rep.",IRN,1992,4.137,4.137,False,0.019045232540378272,0.3935853105997376
"Iran, Islamic Rep.",IRN,1993,3.806,3.806,False,-0.143906902608507,0.3541194706092763
"Iran, Islamic Rep.",IRN,1994,3.492,3.492,False,-0.29848989486454947,0.3166805770835817
"Iran, Islamic Rep.",IRN,1995,3.204,3.204,False,-0.440273021519773,0.2823417193275307
"Iran, Islamic Rep.",IRN,1996,2.946,2.946,False,-0.5672870724817441,0.25157982592106837
"Iran, Islamic Rep.",IRN,1997,2.716,2.716,False,-0.6805166527966797,0.22415643257422205
"Iran, Islamic Rep.",IRN,1998,2.512,2.512,False,-0.7809463675107966,0.19983307499701922
"Iran, Islamic Rep.",IRN,1999,2.337,2.337,False,-0.8670993090547692,0.17896744962441877
"Iran, Islamic Rep.",IRN,2000,2.193,2.193,False,-0.9379908723823811,0.16179802074639324
"Iran, Islamic Rep.",IRN,2001,2.079,2.079,False,-0.9941133600167403,0.1482055562179564
"Iran, Islamic Rep.",IRN,2002,1.994,1.994,False,-1.035959074480956,0.13807082389412184
"Iran, Islamic Rep.",IRN,2003,1.934,1.934,False,-1.0654972258674607,0.13091689519494454
"Iran, Islamic Rep.",IRN,2004,1.895,1.895,False,-1.0846970242686889,0.12626684154047932
"Iran, Islamic Rep.",IRN,2005,1.873,1.873,False,-1.0955276797770739,0.12364373435078095
"Iran, Islamic Rep.",IRN,2006,1.866,1.866,False,-1.098973797438833,0.12280910933587698
"Iran, Islamic Rep.",IRN,2007,1.87,1.87,False,-1.0970045873463992,0.12328603791582213
"Iran, Islamic Rep.",IRN,2008,1.88,1.88,False,-1.0920815621153153,0.12447835936568499
"Iran, Islamic Rep.",IRN,2009,1.893,1.893,False,-1.0856816293149059,0.12602837725050672
"Iran, Islamic Rep.",IRN,2010,1.904,1.904,False,-1.0802663015607132,0.12733993084535591
"Iran, Islamic Rep.",IRN,2011,1.912,1.912,False,-1.076327881375846,0.1282937880052462
Iraq,IRQ,1960,6.252000000000002,6.252000000000002,False,1.060265068914678,0.6457612972457376
Iraq,IRQ,1961,6.364,6.364,False,1.1154029515028197,0.6591152974842016
Iraq,IRQ,1962,6.513999999999999,6.513999999999999,False,1.1892483299690817,0.6770001192321449
Iraq,IRQ,1963,6.689,6.689,False,1.2754012715130547,0.6978657446047454
Iraq,IRQ,1964,6.872000000000001,6.872000000000001,False,1.365492633241895,0.7196852271372363
Iraq,IRQ,1965,7.044,7.044,False,1.450168667216542,0.7401931560748777
Iraq,IRQ,1966,7.188,7.188,False,1.5210602305441538,0.7573625849529032
Iraq,IRQ,1967,7.295,7.295,False,1.5737366005167543,0.770120424466436
Iraq,IRQ,1968,7.362,7.362,False,1.6067208695650184,0.7781089781805174
Iraq,IRQ,1969,7.382999999999999,7.382999999999999,False,1.6170592225502944,0.7806128532252293
Iraq,IRQ,1970,7.362,7.362,False,1.6067208695650184,0.7781089781805174
Iraq,IRQ,1971,7.308,7.308,False,1.5801365333171637,0.7716704423512578
Iraq,IRQ,1972,7.234,7.234,False,1.5437061466071411,0.7628472636222725
Iraq,IRQ,1973,7.153,7.153,False,1.5038296422353592,0.753189459878383
Iraq,IRQ,1974,7.072,7.072,False,1.4639531378635777,0.7435316561344938
Iraq,IRQ,1975,6.992999999999999,6.992999999999999,False,1.4250612385380126,0.734112316680577
Iraq,IRQ,1976,6.915,6.915,False,1.3866616417355566,0.7248122093716465
Iraq,IRQ,1977,6.834,6.834,False,1.3467851373637747,0.7151544056277571
Iraq,IRQ,1978,6.7479999999999976,6.7479999999999976,False,1.30444712037645,0.7049004411589361
Iraq,IRQ,1979,6.658,6.658,False,1.2601398932966938,0.6941695481101705
Iraq,IRQ,1980,6.569,6.569,False,1.2163249687400448,0.6835578872063908
Iraq,IRQ,1981,6.485,6.485,False,1.174971556798938,0.6735423870275425
Iraq,IRQ,1982,6.407,6.407,False,1.1365719599964814,0.664242279718612
Iraq,IRQ,1983,6.337999999999999,6.337999999999999,False,1.1026030859020004,0.656015261714558
Iraq,IRQ,1984,6.276,6.276,False,1.072080329469279,0.6486228687254083
Iraq,IRQ,1985,6.22,6.22,False,1.0445113881752077,0.6419458686061761
Iraq,IRQ,1986,6.164,6.164,False,1.0169424468811363,0.635268868486944
Iraq,IRQ,1987,6.105,6.105,False,0.9878965980177402,0.6282341719327531
Iraq,IRQ,1988,6.039,6.039,False,0.9554046314925845,0.620364850363658
Iraq,IRQ,1989,5.965,5.965,False,0.9189742447825618,0.6115416716346727
Iraq,IRQ,1990,5.8820000000000014,5.8820000000000014,False,0.8781131353645641,0.6016454036008109
Iraq,IRQ,1991,5.7920000000000025,5.7920000000000025,False,0.8338059082848073,0.590914510552045
Iraq,IRQ,1992,5.699,5.699,False,0.7880217736357233,0.57982592106832
Iraq,IRQ,1993,5.605,5.605,False,0.7417453364635326,0.568618099439609
Iraq,IRQ,1994,5.51,5.51,False,0.6949765967682328,0.5572910456659115
Iraq,IRQ,1995,5.4170000000000025,5.4170000000000025,False,0.6491924621191515,0.546202456182187
Iraq,IRQ,1996,5.324,5.324,False,0.6034083274700676,0.5351138666984618
Iraq,IRQ,1997,5.233,5.233,False,0.5586087978672016,0.5242637415047096
Iraq,IRQ,1998,5.142,5.142,False,0.5138092682643361,0.5134136163109574
Iraq,IRQ,1999,5.053,5.053,False,0.469994343707687,0.5028019554071778
Iraq,IRQ,2000,4.965,4.965,False,0.4266717216741464,0.49230952664838434
Iraq,IRQ,2001,4.879,4.879,False,0.38433370468682254,0.4820555621795635
Iraq,IRQ,2002,4.795,4.795,False,0.3429802927457158,0.47204006200071535
Iraq,IRQ,2003,4.713,4.713,False,0.3026114858508258,0.4622630261118398
Iraq,IRQ,2004,4.634,4.634,False,0.2637195865252611,0.452843686657923
Iraq,IRQ,2005,4.557,4.557,False,0.22581229224591315,0.4436628114939788
Iraq,IRQ,2006,4.4830000000000005,4.4830000000000005,False,0.1893819055358905,0.4348396327649935
Iraq,IRQ,2007,4.412,4.412,False,0.1544284263951927,0.42637415047096694
Iraq,IRQ,2008,4.343,4.343,False,0.12045955230071205,0.4181471324669131
Iraq,IRQ,2009,4.276,4.276,False,0.08747528325244813,0.41015857875283174
Iraq,IRQ,2010,4.211,4.211,False,0.05547561925040138,0.40240848932872303
Iraq,IRQ,2011,4.147,4.147,False,0.02396825777146276,0.3947776320496006
Ireland,IRL,1960,3.76,3.76,False,-0.16655281867149424,0.348634791939907
Ireland,IRL,1961,3.791,3.791,False,-0.1512914404551333,0.3523309884344819
Ireland,IRL,1962,3.921,3.921,False,-0.08729211245103934,0.3678311672826994
Ireland,IRL,1963,4.01,4.01,False,-0.043477187894390375,0.37844282818647906
Ireland,IRL,1964,4.065,4.065,False,-0.01640054912342723,0.38500059616072496
Ireland,IRL,1965,4.0310000000000015,4.0310000000000015,False,-0.033138834909112826,0.3809467032311913
Ireland,IRL,1966,3.954,3.954,False,-0.07104612918846144,0.37176582806724695
Ireland,IRL,1967,3.842,3.842,False,-0.12618401177660402,0.35841182782878267
Ireland,IRL,1968,3.778,3.778,False,-0.15769137325554264,0.3507809705496602
Ireland,IRL,1969,3.845,3.845,False,-0.12470710420727872,0.35876952426374153
Ireland,IRL,1970,3.93,3.93,False,-0.08286138974306342,0.36890425658757603
Ireland,IRL,1971,3.975,3.975,False,-0.060707776203184766,0.374269703111959
Ireland,IRL,1972,3.874,3.874,False,-0.11043033103713472,0.36222725646834386
Ireland,IRL,1973,3.74,3.74,False,-0.17639886913366234,0.34625014904018125
Ireland,IRL,1974,3.617,3.617,False,-0.23695207947599753,0.3315845952068678
Ireland,IRL,1975,3.3960000000000004,3.3960000000000004,False,-0.3457509370829572,0.3052342911648981
Ireland,IRL,1976,3.312,3.312,False,-0.3871043490240643,0.2952187909860498
Ireland,IRL,1977,3.269,3.269,False,-0.40827335751772603,0.2900918087516395
Ireland,IRL,1978,3.24,3.24,False,-0.42255013068787006,0.2866340765470371
Ireland,IRL,1979,3.229,3.229,False,-0.4279654584420627,0.2853225229521879
Ireland,IRL,1980,3.229,3.229,False,-0.4279654584420627,0.2853225229521879
Ireland,IRL,1981,3.07,3.07,False,-0.5062415596163008,0.26636461189936805
Ireland,IRL,1982,2.957,2.957,False,-0.5618717447275517,0.2528913795159175
Ireland,IRL,1983,2.759,2.759,False,-0.6593476443030181,0.2292834148086324
Ireland,IRL,1984,2.589,2.589,False,-0.7430390732314486,0.20901395016096339
Ireland,IRL,1985,2.5,2.5,False,-0.7868539977880976,0.19840228925718376
Ireland,IRL,1986,2.45,2.45,False,-0.8114691239435182,0.19244068200786935
Ireland,IRL,1987,2.31,2.31,False,-0.8803914771786965,0.17574818170978898
Ireland,IRL,1988,2.17,2.17,False,-0.9493138304138747,0.1590556814117086
Ireland,IRL,1989,2.08,2.08,False,-0.993621057493632,0.14832478836294266
Ireland,IRL,1990,2.12,2.12,False,-0.9739289565692953,0.1530940741623942
Ireland,IRL,1991,2.09,2.09,False,-0.9886980322625479,0.14951710981280553
Ireland,IRL,1992,2.02,2.02,False,-1.023159208880137,0.14117085966376536
Ireland,IRL,1993,1.93,1.93,False,-1.0674664359598944,0.13043996661499938
Ireland,IRL,1994,1.86,1.86,False,-1.1019276125774833,0.12209371646595922
Ireland,IRL,1995,1.87,1.87,False,-1.0970045873463992,0.12328603791582213
Ireland,IRL,1996,1.91,1.91,False,-1.0773124864220627,0.12805532371527362
Ireland,IRL,1997,1.92,1.92,False,-1.0723894611909786,0.1292476451651365
Ireland,IRL,1998,1.94,1.94,False,-1.0625434107288103,0.1316322880648623
Ireland,IRL,1999,1.9,1.9,False,-1.0822355116531468,0.12686300226541075
Ireland,IRL,2000,1.89,1.89,False,-1.0871585368842311,0.12567068081554783
Ireland,IRL,2001,1.94,1.94,False,-1.0625434107288103,0.1316322880648623
Ireland,IRL,2002,1.97,1.97,False,-1.047774335035558,0.13520925241445092
Ireland,IRL,2003,1.96,1.96,False,-1.0526973602666418,0.13401693096458805
Ireland,IRL,2004,1.94,1.94,False,-1.0625434107288103,0.1316322880648623
Ireland,IRL,2005,1.87,1.87,False,-1.0970045873463992,0.12328603791582213
Ireland,IRL,2006,1.93,1.93,False,-1.0674664359598944,0.13043996661499938
Ireland,IRL,2007,2.01,2.01,False,-1.0280822341112212,0.13997853821390246
Ireland,IRL,2008,2.1,2.1,False,-0.9837750070314637,0.15070943126266845
Ireland,IRL,2009,2.07,2.07,False,-0.9985440827247163,0.14713246691307977
Ireland,IRL,2010,2.07,2.07,False,-0.9985440827247163,0.14713246691307977
Ireland,IRL,2011,2.05,2.05,False,-1.0083901331868845,0.14474782401335398
Isle of Man,IMN,1960,,2.707,False,-0.6849473755046557,0.2230833432693454
Isle of Man,IMN,1961,2.707,2.707,False,-0.6849473755046557,0.2230833432693454
Isle of Man,IMN,1962,,2.6795151515151514,False,-0.698478235760999,0.21980626582987378
Isle of Man,IMN,1963,,2.652030303030303,False,-0.7120090960173424,0.21652918839040217
Isle of Man,IMN,1964,,2.6245454545454545,False,-0.7255399562736858,0.21325211095093055
Isle of Man,IMN,1965,,2.597060606060606,False,-0.7390708165300293,0.20997503351145894
Isle of Man,IMN,1966,,2.5695757575757576,False,-0.7526016767863727,0.20669795607198732
Isle of Man,IMN,1967,,2.542090909090909,False,-0.766132537042716,0.2034208786325157
Isle of Man,IMN,1968,,2.5146060606060603,False,-0.7796633972990596,0.20014380119304404
Isle of Man,IMN,1969,,2.487121212121212,False,-0.7931942575554031,0.19686672375357242
Isle of Man,IMN,1970,,2.4596363636363634,False,-0.8067251178117465,0.1935896463141008
Isle of Man,IMN,1971,,2.432151515151515,False,-0.8202559780680898,0.1903125688746292
Isle of Man,IMN,1972,,2.4046666666666665,False,-0.8337868383244332,0.18703549143515757
Isle of Man,IMN,1973,,2.377181818181818,False,-0.8473176985807767,0.18375841399568596
Isle of Man,IMN,1974,,2.3496969696969696,False,-0.8608485588371201,0.18048133655621434
Isle of Man,IMN,1975,,2.322212121212121,False,-0.8743794190934634,0.17720425911674273
Isle of Man,IMN,1976,,2.2947272727272727,False,-0.8879102793498068,0.17392718167727111
Isle of Man,IMN,1977,,2.2672424242424243,False,-0.9014411396061502,0.1706501042377995
Isle of Man,IMN,1978,,2.239757575757576,False,-0.9149719998624937,0.16737302679832788
Isle of Man,IMN,1979,,2.2122727272727274,False,-0.928502860118837,0.16409594935885627
Isle of Man,IMN,1980,,2.184787878787879,False,-0.9420337203751804,0.16081887191938465
Isle of Man,IMN,1981,,2.15730303030303,False,-0.955564580631524,0.15754179447991298
Isle of Man,IMN,1982,,2.1298181818181816,False,-0.9690954408878675,0.15426471704044137
Isle of Man,IMN,1983,,2.102333333333333,False,-0.9826263011442109,0.15098763960096975
Isle of Man,IMN,1984,,2.0748484848484847,False,-0.9961571614005542,0.14771056216149814
Isle of Man,IMN,1985,,2.0473636363636363,False,-1.0096880216568977,0.14443348472202652
Isle of Man,IMN,1986,,2.019878787878788,False,-1.023218881913241,0.1411564072825549
Isle of Man,IMN,1987,,1.9923939393939394,False,-1.0367497421695844,0.1378793298430833
Isle of Man,IMN,1988,,1.964909090909091,False,-1.050280602425928,0.13460225240361168
Isle of Man,IMN,1989,,1.9374242424242425,False,-1.0638114626822712,0.13132517496414003
Isle of Man,IMN,1990,,1.909939393939394,False,-1.0773423229386145,0.12804809752466842
Isle of Man,IMN,1991,,1.8824545454545456,False,-1.090873183194958,0.12477102008519682
Isle of Man,IMN,1992,,1.854969696969697,False,-1.1044040434513016,0.12149394264572515
Isle of Man,IMN,1993,,1.8274848484848485,False,-1.117934903707645,0.11821686520625355
Isle of Man,IMN,1994,1.8,1.8,False,-1.1314657639639885,0.11493978776678193
Isle of Man,IMN,1995,,1.78125,False,-1.1406964362722711,0.11270418504828901
Isle of Man,IMN,1996,,1.7625,False,-1.1499271085805538,0.1104685823297961
Isle of Man,IMN,1997,,1.74375,False,-1.1591577808888367,0.1082329796113032
Isle of Man,IMN,1998,,1.725,False,-1.1683884531971194,0.10599737689281032
Isle of Man,IMN,1999,,1.70625,False,-1.1776191255054025,0.1037617741743174
Isle of Man,IMN,2000,,1.6875,False,-1.1868497978136852,0.10152617145582449
Isle of Man,IMN,2001,,1.66875,False,-1.1960804701219678,0.09929056873733158
Isle of Man,IMN,2002,1.65,1.65,False,-1.2053111424302507,0.09705496601883867
Isle of Man,IMN,2003,,1.65,False,-1.2053111424302507,0.09705496601883867
Isle of Man,IMN,2004,,1.65,False,-1.2053111424302507,0.09705496601883867
Isle of Man,IMN,2005,,1.65,False,-1.2053111424302507,0.09705496601883867
Isle of Man,IMN,2006,,1.65,False,-1.2053111424302507,0.09705496601883867
Isle of Man,IMN,2007,,1.65,False,-1.2053111424302507,0.09705496601883867
Isle of Man,IMN,2008,,1.65,False,-1.2053111424302507,0.09705496601883867
Isle of Man,IMN,2009,,1.65,False,-1.2053111424302507,0.09705496601883867
Isle of Man,IMN,2010,,1.65,False,-1.2053111424302507,0.09705496601883867
Isle of Man,IMN,2011,,1.65,False,-1.2053111424302507,0.09705496601883867
Israel,ISR,1960,3.866,3.866,False,-0.11436875122200205,0.3612733993084536
Israel,ISR,1961,3.858,3.858,False,-0.11830717140686937,0.36031954214856327
Israel,ISR,1962,3.85,3.85,False,-0.1222455915917367,0.35936568498867294
Israel,ISR,1963,3.838,3.838,False,-0.1281532218690377,0.3579348992488375
Israel,ISR,1964,3.826,3.826,False,-0.13406085214633867,0.356504113509002
Israel,ISR,1965,3.814,3.814,False,-0.13996848242363966,0.35507332776916656
Israel,ISR,1966,3.802,3.802,False,-0.14587611270094067,0.3536425420293311
Israel,ISR,1967,3.79,3.79,False,-0.15178374297824165,0.35221175628949564
Israel,ISR,1968,3.786,3.786,False,-0.15375295307067532,0.3517348277095505
Israel,ISR,1969,3.782,3.782,False,-0.15572216316310897,0.35125789912960537
Israel,ISR,1970,3.778,3.778,False,-0.15769137325554264,0.3507809705496602
Israel,ISR,1971,3.774,3.774,False,-0.1596605833479763,0.35030404196971504
Israel,ISR,1972,3.77,3.77,False,-0.16162979344040995,0.3498271133897699
Israel,ISR,1973,3.698,3.698,False,-0.19707557510421592,0.34124239895075714
Israel,ISR,1974,3.626,3.626,False,-0.23252135676802185,0.3326576845117444
Israel,ISR,1975,3.554,3.554,False,-0.2679671384318278,0.3240729700727316
Israel,ISR,1976,3.482,3.482,False,-0.30341292009563353,0.31548825563371885
Israel,ISR,1977,3.41,3.41,False,-0.33885870175943944,0.3069035411947061
Israel,ISR,1978,3.354,3.354,False,-0.3664276430535107,0.300226541075474
Israel,ISR,1979,3.298,3.298,False,-0.39399658434758206,0.2935495409562418
Israel,ISR,1980,3.242,3.242,False,-0.42156552564165334,0.28687254083700964
Israel,ISR,1981,3.1860000000000004,3.1860000000000004,False,-0.4491344669357244,0.2801955407177776
Israel,ISR,1982,3.13,3.13,False,-0.4767034082297959,0.27351854059854536
Israel,ISR,1983,3.1060000000000003,3.1060000000000003,False,-0.48851866878439765,0.2706569691188745
Israel,ISR,1984,3.082,3.082,False,-0.5003339293389999,0.2677953976392035
Israel,ISR,1985,3.0580000000000003,3.0580000000000003,False,-0.5121491898936016,0.26493382615953265
Israel,ISR,1986,3.034,3.034,False,-0.5239644504482038,0.26207225467986167
Israel,ISR,1987,3.01,3.01,False,-0.5357797110028057,0.25921068320019075
Israel,ISR,1988,2.948,2.948,False,-0.5663024674355275,0.2518182902110409
Israel,ISR,1989,2.886,2.886,False,-0.5968252238682491,0.24442589722189104
Israel,ISR,1990,2.824,2.824,False,-0.627347980300971,0.23703350423274114
Israel,ISR,1991,2.762,2.762,False,-0.6578707367336927,0.22964111124359127
Israel,ISR,1992,2.7,2.7,False,-0.6883934931664144,0.22224871825444142
Israel,ISR,1993,2.8,2.8,False,-0.6391632408555731,0.23417193275307022
Israel,ISR,1994,2.9,2.9,False,-0.5899329885447314,0.24609514725169906
Israel,ISR,1995,2.9,2.9,False,-0.5899329885447314,0.24609514725169906
Israel,ISR,1996,2.9,2.9,False,-0.5899329885447314,0.24609514725169906
Israel,ISR,1997,2.94,2.94,False,-0.5702408876203948,0.2508644330511506
Israel,ISR,1998,2.98,2.98,False,-0.5505487866960582,0.2556337188506021
Israel,ISR,1999,2.965,2.965,False,-0.5579333245426845,0.2538452366758078
Israel,ISR,2000,2.95,2.95,False,-0.5653178623893106,0.2520567545010135
Israel,ISR,2001,2.92,2.92,False,-0.5800869380825632,0.24847979015142482
Israel,ISR,2002,2.89,2.89,False,-0.5948560137758155,0.2449028258018362
Israel,ISR,2003,2.95,2.95,False,-0.5653178623893106,0.2520567545010135
Israel,ISR,2004,2.9,2.9,False,-0.5899329885447314,0.24609514725169906
Israel,ISR,2005,2.84,2.84,False,-0.6194711399312364,0.23894121855252173
Israel,ISR,2006,2.88,2.88,False,-0.5997790390068998,0.24371050435197328
Israel,ISR,2007,2.9,2.9,False,-0.5899329885447314,0.24609514725169906
Israel,ISR,2008,2.96,2.96,False,-0.5603948371582265,0.25324907595087637
Israel,ISR,2009,2.96,2.96,False,-0.5603948371582265,0.25324907595087637
Israel,ISR,2010,3.03,3.03,False,-0.5259336605406375,0.26159532609991654
Israel,ISR,2011,3.0,3.0,False,-0.5407027362338899,0.2580183617503279
Italy,ITA,1960,2.406,2.406,False,-0.8331304349602886,0.18719446762847267
Italy,ITA,1961,2.407,2.407,False,-0.8326381324371802,0.18731369977345894
Italy,ITA,1962,2.463,2.463,False,-0.8050691911431089,0.19399069989269108
Italy,ITA,1963,2.547,2.547,False,-0.763715779202002,0.2040062000715393
Italy,ITA,1964,2.701,2.701,False,-0.687901190643306,0.2223679503994277
Italy,ITA,1965,2.665,2.665,False,-0.705624081475209,0.2180755931799213
Italy,ITA,1966,2.625,2.625,False,-0.7253161823995457,0.21330630738046977
Italy,ITA,1967,2.535,2.535,False,-0.769623409479303,0.20257541433170384
Italy,ITA,1968,2.4930000000000003,2.4930000000000003,False,-0.7903001154498563,0.19756766424227976
Italy,ITA,1969,2.508,2.508,False,-0.7829155776032303,0.19935614641707405
Italy,ITA,1970,2.425,2.425,False,-0.8237766870212289,0.1894598783832121
Italy,ITA,1971,2.411,2.411,False,-0.8306689223447465,0.1877906283534041
Italy,ITA,1972,2.359,2.359,False,-0.8562686535463842,0.1815905568141171
Italy,ITA,1973,2.339,2.339,False,-0.8661147040085525,0.17920591391439133
Italy,ITA,1974,2.331,2.331,False,-0.8700531241934197,0.178252056754501
Italy,ITA,1975,2.208,2.208,False,-0.9306063345357548,0.1635865029211876
Italy,ITA,1976,2.108,2.108,False,-0.9798365868465964,0.15166328842255875
Italy,ITA,1977,1.975,1.975,False,-1.0453128224200157,0.1358054131393824
Italy,ITA,1978,1.87,1.87,False,-1.0970045873463992,0.12328603791582213
Italy,ITA,1979,1.7619999999999998,1.7619999999999998,False,-1.1501732598421084,0.11040896625730294
Italy,ITA,1980,1.64,1.64,False,-1.210234167661335,0.09586264456897578
Italy,ITA,1981,1.617,1.617,False,-1.2215571256928284,0.09312030523429116
Italy,ITA,1982,1.592,1.592,False,-1.2338646887705387,0.09013950160963397
Italy,ITA,1983,1.52,1.52,False,-1.2693104704343448,0.0815547871706212
Italy,ITA,1984,1.462,1.462,False,-1.297864016774633,0.07463932276141648
Italy,ITA,1985,1.39,1.39,False,-1.3333097984384388,0.06605460832240372
Italy,ITA,1986,1.34,1.34,False,-1.3579249245938596,0.06009300107308931
Italy,ITA,1987,1.28,1.28,False,-1.3874630759803643,0.05293907237391201
Italy,ITA,1988,1.32,1.32,False,-1.3677709750560276,0.05770835817336355
Italy,ITA,1989,1.28,1.28,False,-1.3874630759803643,0.05293907237391201
Italy,ITA,1990,1.26,1.26,False,-1.3973091264425328,0.050554429474186244
Italy,ITA,1991,1.27,1.27,False,-1.3923861012114485,0.05174675092404913
Italy,ITA,1992,1.3,1.3,False,-1.377617025518196,0.05532371527363778
Italy,ITA,1993,1.25,1.25,False,-1.402232151673617,0.04936210802432336
Italy,ITA,1994,1.22,1.22,False,-1.4170012273668695,0.045785143674734706
Italy,ITA,1995,1.18,1.18,False,-1.436693328291206,0.04101585787528317
Italy,ITA,1996,1.21,1.21,False,-1.4219242525979534,0.04459282222487182
Italy,ITA,1997,1.22,1.22,False,-1.4170012273668695,0.045785143674734706
Italy,ITA,1998,1.21,1.21,False,-1.4219242525979534,0.04459282222487182
Italy,ITA,1999,1.23,1.23,False,-1.4120782021357852,0.04697746512459759
Italy,ITA,2000,1.26,1.26,False,-1.3973091264425328,0.050554429474186244
Italy,ITA,2001,1.25,1.25,False,-1.402232151673617,0.04936210802432336
Italy,ITA,2002,1.27,1.27,False,-1.3923861012114485,0.05174675092404913
Italy,ITA,2003,1.29,1.29,False,-1.3825400507492802,0.054131393823774895
Italy,ITA,2004,1.33,1.33,False,-1.3628479498249435,0.05890067962322643
Italy,ITA,2005,1.32,1.32,False,-1.3677709750560276,0.05770835817336355
Italy,ITA,2006,1.35,1.35,False,-1.3530018993627753,0.0612853225229522
Italy,ITA,2007,1.37,1.37,False,-1.343155848900607,0.06366996542267797
Italy,ITA,2008,1.42,1.42,False,-1.3185407227451862,0.06963157267199237
Italy,ITA,2009,1.41,1.41,False,-1.3234637479762703,0.06843925122212947
Italy,ITA,2010,1.41,1.41,False,-1.3234637479762703,0.06843925122212947
Italy,ITA,2011,1.41,1.41,False,-1.3234637479762703,0.06843925122212947
Jamaica,JAM,1960,5.419,5.419,False,0.6501770671653668,0.5464409204721592
Jamaica,JAM,1961,5.529,5.529,False,0.7043303447072927,0.5595564564206509
Jamaica,JAM,1962,5.627000000000002,5.627000000000002,False,0.7525759919719183,0.5712412066293073
Jamaica,JAM,1963,5.711,5.711,False,0.7939294039130245,0.5812567068081554
Jamaica,JAM,1964,5.775,5.775,False,0.8254367653919631,0.5888875640872779
Jamaica,JAM,1965,5.815,5.815,False,0.8451288663162998,0.5936568498867294
Jamaica,JAM,1966,5.8210000000000015,5.8210000000000015,False,0.8480826814549508,0.5943722427566474
Jamaica,JAM,1967,5.79,5.79,False,0.8328213032385892,0.5906760462620722
Jamaica,JAM,1968,5.722,5.722,False,0.7993447316672171,0.5825682604030046
Jamaica,JAM,1969,5.617000000000001,5.617000000000001,False,0.7476529667408337,0.5700488851794444
Jamaica,JAM,1970,5.477,5.477,False,0.6787306135056553,0.553356384881364
Jamaica,JAM,1971,5.305,5.305,False,0.5940545795310076,0.5328484559437223
Jamaica,JAM,1972,5.1080000000000005,5.1080000000000005,False,0.4970709824786501,0.5093597233814237
Jamaica,JAM,1973,4.899,4.899,False,0.39417975514899106,0.4844402050792893
Jamaica,JAM,1974,4.685,4.685,False,0.28882701520378995,0.4589245260522236
Jamaica,JAM,1975,4.478,4.478,False,0.18692039292034804,0.434243472040062
Jamaica,JAM,1976,4.2860000000000005,4.2860000000000005,False,0.09239830848353262,0.4113509002026947
Jamaica,JAM,1977,4.115,4.115,False,0.008214577031993452,0.39096220341003934
Jamaica,JAM,1978,3.965,3.965,False,-0.06563080143426904,0.3730773816620961
Jamaica,JAM,1979,3.839,3.839,False,-0.12766091934592932,0.35805413139382375
Jamaica,JAM,1980,3.733,3.733,False,-0.1798449867954213,0.3454155240252772
Jamaica,JAM,1981,3.643,3.643,False,-0.22415221387517884,0.33468463097651124
Jamaica,JAM,1982,3.559,3.559,False,-0.26550562581628556,0.3246691307976631
Jamaica,JAM,1983,3.477,3.477,False,-0.30587443271117576,0.3148920949087874
Jamaica,JAM,1984,3.394,3.394,False,-0.3467355421291741,0.3049958268749255
Jamaica,JAM,1985,3.3080000000000003,3.3080000000000003,False,-0.38907355911649777,0.2947418624061047
Jamaica,JAM,1986,3.224,3.224,False,-0.4304269710576047,0.2847263622272565
Jamaica,JAM,1987,3.143,3.143,False,-0.47030347542938655,0.2750685584833671
Jamaica,JAM,1988,3.07,3.07,False,-0.5062415596163008,0.26636461189936805
Jamaica,JAM,1989,3.005,3.005,False,-0.5382412236183478,0.25861452247525935
Jamaica,JAM,1990,2.948,2.948,False,-0.5663024674355275,0.2518182902110409
Jamaica,JAM,1991,2.899,2.899,False,-0.5904252910678398,0.24597591510671277
Jamaica,JAM,1992,2.855,2.855,False,-0.6120866020846101,0.2407297007273161
Jamaica,JAM,1993,2.815,2.815,False,-0.6317787030089468,0.23596041492786454
Jamaica,JAM,1994,2.778,2.778,False,-0.6499938963639581,0.2315488255633719
Jamaica,JAM,1995,2.744,2.744,False,-0.6667321821496441,0.2274949326338381
Jamaica,JAM,1996,2.712,2.712,False,-0.6824858628891134,0.22367950399427688
Jamaica,JAM,1997,2.6830000000000003,2.6830000000000003,False,-0.6967626360592574,0.22022177178967453
Jamaica,JAM,1998,2.655,2.655,False,-0.7105471067062933,0.21688327173005842
Jamaica,JAM,1999,2.629,2.629,False,-0.723346972307112,0.21378323596041493
Jamaica,JAM,2000,2.603,2.603,False,-0.7361468379079307,0.21068320019077147
Jamaica,JAM,2001,2.5780000000000003,2.5780000000000003,False,-0.748454400985641,0.20770239656611428
Jamaica,JAM,2002,2.552,2.552,False,-0.7612542665864599,0.20460236079647073
Jamaica,JAM,2003,2.525,2.525,False,-0.7745464347103872,0.20138309288184095
Jamaica,JAM,2004,2.498,2.498,False,-0.7878386028343143,0.1981638249672112
Jamaica,JAM,2005,2.47,2.47,False,-0.80162307348135,0.1948253249075951
Jamaica,JAM,2006,2.442,2.442,False,-0.8154075441283856,0.19148682484797905
Jamaica,JAM,2007,2.414,2.414,False,-0.8291920147754213,0.18814832478836296
Jamaica,JAM,2008,2.387,2.387,False,-0.8424841828993485,0.18492905687373318
Jamaica,JAM,2009,2.36,2.36,False,-0.8557763510232758,0.18170978895910336
Jamaica,JAM,2010,2.334,2.334,False,-0.8685762166240945,0.1786097531894599
Jamaica,JAM,2011,2.309,2.309,False,-0.8808837797018049,0.1756289495648027
Japan,JPN,1960,2.001,2.001,False,-1.0325129568191969,0.13890544890902587
Japan,JPN,1961,2.05,2.05,False,-1.0083901331868845,0.14474782401335398
Japan,JPN,1962,2.01,2.01,False,-1.0280822341112212,0.13997853821390246
Japan,JPN,1963,2.02,2.02,False,-1.023159208880137,0.14117085966376536
Japan,JPN,1964,2.05,2.05,False,-1.0083901331868845,0.14474782401335398
Japan,JPN,1965,2.139,2.139,False,-0.9645752086302356,0.15535948491713364
Japan,JPN,1966,1.58,1.58,False,-1.2397723190478398,0.0887087158697985
Japan,JPN,1967,2.02,2.02,False,-1.023159208880137,0.14117085966376536
Japan,JPN,1968,2.13,2.13,False,-0.9690059313382113,0.15428639561225707
Japan,JPN,1969,2.13,2.13,False,-0.9690059313382113,0.15428639561225707
Japan,JPN,1970,2.135,2.135,False,-0.9665444187226693,0.15488255633718848
Japan,JPN,1971,2.16,2.16,False,-0.9542368556449587,0.15786335996184575
Japan,JPN,1972,2.14,2.14,False,-0.9640829061071271,0.15547871706211996
Japan,JPN,1973,2.14,2.14,False,-0.9640829061071271,0.15547871706211996
Japan,JPN,1974,2.05,2.05,False,-1.0083901331868845,0.14474782401335398
Japan,JPN,1975,1.909,1.909,False,-1.0778047889451712,0.12793609157028735
Japan,JPN,1976,1.85,1.85,False,-1.1068506378085676,0.12090139501609636
Japan,JPN,1977,1.8,1.8,False,-1.1314657639639885,0.11493978776678193
Japan,JPN,1978,1.79,1.79,False,-1.1363887891950726,0.11374746631691904
Japan,JPN,1979,1.77,1.77,False,-1.1462348396572408,0.11136282341719328
Japan,JPN,1980,1.75,1.75,False,-1.156080890119409,0.10897818051746751
Japan,JPN,1981,1.74,1.74,False,-1.1610039153504932,0.10778585906760463
Japan,JPN,1982,1.77,1.77,False,-1.1462348396572408,0.11136282341719328
Japan,JPN,1983,1.8,1.8,False,-1.1314657639639885,0.11493978776678193
Japan,JPN,1984,1.81,1.81,False,-1.1265427387329041,0.11613210921664481
Japan,JPN,1985,1.76,1.76,False,-1.1511578648883252,0.11017050196733039
Japan,JPN,1986,1.72,1.72,False,-1.1708499658126617,0.10540121616787886
Japan,JPN,1987,1.69,1.69,False,-1.185619041505914,0.1018242518182902
Japan,JPN,1988,1.66,1.66,False,-1.2003881171991664,0.09824728746870155
Japan,JPN,1989,1.57,1.57,False,-1.2446953442789237,0.08751639441993563
Japan,JPN,1990,1.54,1.54,False,-1.2594644199721763,0.08393943007034697
Japan,JPN,1991,1.53,1.53,False,-1.2643874452032604,0.08274710862048408
Japan,JPN,1992,1.5019999999999998,1.5019999999999998,False,-1.2781719158502962,0.07940860856086798
Japan,JPN,1993,1.4580000000000002,1.4580000000000002,False,-1.2998332268670663,0.07416239418147134
Japan,JPN,1994,1.5,1.5,False,-1.279156520896513,0.07917014427089543
Japan,JPN,1995,1.422,1.422,False,-1.3175561176989696,0.06987003696196493
Japan,JPN,1996,1.425,1.425,False,-1.3160792101296441,0.07022773339692381
Japan,JPN,1997,1.388,1.388,False,-1.3342944034846556,0.06581614403243113
Japan,JPN,1998,1.384,1.384,False,-1.3362636135770893,0.06533921545248599
Japan,JPN,1999,1.342,1.342,False,-1.3569403195476426,0.060331465363061894
Japan,JPN,2000,1.359,1.359,False,-1.3485711766547996,0.06235841182782878
Japan,JPN,2001,1.33,1.33,False,-1.3628479498249435,0.05890067962322643
Japan,JPN,2002,1.32,1.32,False,-1.3677709750560276,0.05770835817336355
Japan,JPN,2003,1.29,1.29,False,-1.3825400507492802,0.054131393823774895
Japan,JPN,2004,1.29,1.29,False,-1.3825400507492802,0.054131393823774895
Japan,JPN,2005,1.26,1.26,False,-1.3973091264425328,0.050554429474186244
Japan,JPN,2006,1.32,1.32,False,-1.3677709750560276,0.05770835817336355
Japan,JPN,2007,1.34,1.34,False,-1.3579249245938596,0.06009300107308931
Japan,JPN,2008,1.37,1.37,False,-1.343155848900607,0.06366996542267797
Japan,JPN,2009,1.37,1.37,False,-1.343155848900607,0.06366996542267797
Japan,JPN,2010,1.39,1.39,False,-1.3333097984384388,0.06605460832240372
Japan,JPN,2011,1.39,1.39,False,-1.3333097984384388,0.06605460832240372
Jordan,JOR,1960,7.687,7.687,False,1.7667191895752534,0.8168594253010611
Jordan,JOR,1961,7.802,7.802,False,1.8233339797327208,0.8305711219744842
Jordan,JOR,1962,7.904,7.904,False,1.8735488370897793,0.8427328007630857
Jordan,JOR,1963,7.983,7.983,False,1.912440736415344,0.8521521402170024
Jordan,JOR,1964,8.033999999999999,8.033999999999999,False,1.9375481650938728,0.858232979611303
Jordan,JOR,1965,8.057,8.057,False,1.948871123125367,0.8609753189459878
Jordan,JOR,1966,8.052999999999999,8.052999999999999,False,1.9469019130329328,0.8604983903660425
Jordan,JOR,1967,8.033,8.033,False,1.9370558625707648,0.8581137474663167
Jordan,JOR,1968,8.004,8.004,False,1.9227790894006207,0.8546560152617144
Jordan,JOR,1969,7.968,7.968,False,1.905056198568718,0.8503636580422081
Jordan,JOR,1970,7.926,7.926,False,1.8843794925981645,0.845355907952784
Jordan,JOR,1971,7.876,7.876,False,1.859764366442744,0.8393943007034697
Jordan,JOR,1972,7.818,7.818,False,1.8312108201024555,0.8324788362942648
Jordan,JOR,1973,7.75,7.75,False,1.7977342485310834,0.8243710504351972
Jordan,JOR,1974,7.675,7.675,False,1.760811559297952,0.8154286395612256
Jordan,JOR,1975,7.598,7.598,False,1.7229042650186042,0.8062477643972814
Jordan,JOR,1976,7.523,7.523,False,1.685981575785473,0.7973053535233098
Jordan,JOR,1977,7.455,7.455,False,1.652505004214101,0.7891975676642422
Jordan,JOR,1978,7.391,7.391,False,1.6209976427351622,0.7815667103851197
Jordan,JOR,1979,7.329,7.329,False,1.5904748863024405,0.7741743173959699
Jordan,JOR,1980,7.262,7.262,False,1.5574906172541765,0.7661857636818885
Jordan,JOR,1981,7.178,7.178,False,1.5161372053130697,0.7561702635030403
Jordan,JOR,1982,7.0710000000000015,7.0710000000000015,False,1.4634608353404701,0.7434124239895077
Jordan,JOR,1983,6.935,6.935,False,1.3965076921977246,0.7271968522713722
Jordan,JOR,1984,6.771,6.771,False,1.3157700784079447,0.707642780493621
Jordan,JOR,1985,6.581,6.581,False,1.222232599017346,0.6849886729462262
Jordan,JOR,1986,6.3729999999999976,6.3729999999999976,False,1.1198336742107942,0.660188386789078
Jordan,JOR,1987,6.157,6.157,False,1.0134963292193777,0.63443424347204
Jordan,JOR,1988,5.943,5.943,False,0.9081435892741766,0.6089185644449743
Jordan,JOR,1989,5.734,5.734,False,0.8052523619445179,0.58399904614284
Jordan,JOR,1990,5.5360000000000005,5.5360000000000005,False,0.7077764623690519,0.560391081435555
Jordan,JOR,1991,5.349,5.349,False,0.6157158905477781,0.5380946703231191
Jordan,JOR,1992,5.169,5.169,False,0.527101436388263,0.5166328842255871
Jordan,JOR,1993,4.997,4.997,False,0.4424254024136157,0.49612495528794553
Jordan,JOR,1994,4.832,4.832,False,0.36119548610072716,0.476451651365208
Jordan,JOR,1995,4.677,4.677,False,0.2848885950189226,0.45797066889233334
Jordan,JOR,1996,4.5310000000000015,4.5310000000000015,False,0.2130124266450949,0.44056277572433544
Jordan,JOR,1997,4.395,4.395,False,0.14605928350234945,0.4243472040062
Jordan,JOR,1998,4.269,4.269,False,0.08402916559068939,0.40932395373792774
Jordan,JOR,1999,4.155,4.155,False,0.027906677956330086,0.3957314892094909
Jordan,JOR,2000,4.053,4.053,False,-0.02230817940072844,0.38356981042088945
Jordan,JOR,2001,3.966,3.966,False,-0.06513849891116046,0.3731966138070824
Jordan,JOR,2002,3.893,3.893,False,-0.10107658309807498,0.3644926672230833
Jordan,JOR,2003,3.832,3.832,False,-0.1311070370076883,0.35721950637891975
Jordan,JOR,2004,3.78,3.78,False,-0.15670676820932591,0.3510194348396327
Jordan,JOR,2005,3.734,3.734,False,-0.17935268427231293,0.3455347561702635
Jordan,JOR,2006,3.689,3.689,False,-0.2015062978121916,0.34016930964588055
Jordan,JOR,2007,3.641,3.641,False,-0.22513681892139556,0.3344461666865387
Jordan,JOR,2008,3.5860000000000003,3.5860000000000003,False,-0.25221345769235826,0.32788839871229286
Jordan,JOR,2009,3.526,3.526,False,-0.28175160907886343,0.3207344700131155
Jordan,JOR,2010,3.458,3.458,False,-0.3152281806502355,0.31262668415404793
Jordan,JOR,2011,3.386,3.386,False,-0.35067396231404147,0.30404196971503517
Kazakhstan,KAZ,1960,4.563,4.563,False,0.22876610738456332,0.44437820436389647
Kazakhstan,KAZ,1961,4.513999999999999,4.513999999999999,False,0.20464328375225077,0.4385358292595683
Kazakhstan,KAZ,1962,4.437,4.437,False,0.16673598947290325,0.4293549540956242
Kazakhstan,KAZ,1963,4.331,4.331,False,0.11455192202341127,0.41671634672707764
Kazakhstan,KAZ,1964,4.2010000000000005,4.2010000000000005,False,0.050552594019317325,0.4012161678788602
Kazakhstan,KAZ,1965,4.059,4.059,False,-0.019354364262077834,0.38428520329080723
Kazakhstan,KAZ,1966,3.918,3.918,False,-0.08876902002036442,0.36747347084774057
Kazakhstan,KAZ,1967,3.79,3.79,False,-0.15178374297824165,0.35221175628949564
Kazakhstan,KAZ,1968,3.683,3.683,False,-0.2044601129508422,0.33945391677596276
Kazakhstan,KAZ,1969,3.6,3.6,False,-0.24532122236884055,0.32955764874210086
Kazakhstan,KAZ,1970,3.5380000000000003,3.5380000000000003,False,-0.27584397880156225,0.322165255752951
Kazakhstan,KAZ,1971,3.489,3.489,False,-0.29996680243387475,0.31632288064862285
Kazakhstan,KAZ,1972,3.44,3.44,False,-0.3240896260661871,0.31048050554429474
Kazakhstan,KAZ,1973,3.385,3.385,False,-0.35116626483715,0.30392273757004884
Kazakhstan,KAZ,1974,3.32,3.32,False,-0.383165928839197,0.29617264814594013
Kazakhstan,KAZ,1975,3.249,3.249,False,-0.41811940797989433,0.2877071658519137
Kazakhstan,KAZ,1976,3.175,3.175,False,-0.45454979468991724,0.27888398712292833
Kazakhstan,KAZ,1977,3.1060000000000003,3.1060000000000003,False,-0.48851866878439765,0.2706569691188745
Kazakhstan,KAZ,1978,3.048,3.048,False,-0.5170722151246859,0.2637415047096697
Kazakhstan,KAZ,1979,3.019,3.019,False,-0.5313489882948299,0.2602837725050674
Kazakhstan,KAZ,1980,2.9,2.9,False,-0.5899329885447314,0.24609514725169906
Kazakhstan,KAZ,1981,2.95,2.95,False,-0.5653178623893106,0.2520567545010135
Kazakhstan,KAZ,1982,3.0,3.0,False,-0.5407027362338899,0.2580183617503279
Kazakhstan,KAZ,1983,3.04,3.04,False,-0.5210106353095533,0.2627876475497794
Kazakhstan,KAZ,1984,3.08,3.08,False,-0.5013185343852166,0.267556933349231
Kazakhstan,KAZ,1985,3.08,3.08,False,-0.5013185343852166,0.267556933349231
Kazakhstan,KAZ,1986,3.135,3.135,False,-0.4742418956142539,0.27411470132347676
Kazakhstan,KAZ,1987,3.19,3.19,False,-0.44716525684329095,0.28067246929772266
Kazakhstan,KAZ,1988,3.13,3.13,False,-0.4767034082297959,0.27351854059854536
Kazakhstan,KAZ,1989,2.82,2.82,False,-0.6293171903934047,0.23655657565279598
Kazakhstan,KAZ,1990,2.72,2.72,False,-0.678547442704246,0.22463336115416718
Kazakhstan,KAZ,1991,2.61,2.61,False,-0.7327007202461719,0.21151782520567544
Kazakhstan,KAZ,1992,2.5,2.5,False,-0.7868539977880976,0.19840228925718376
Kazakhstan,KAZ,1993,2.3,2.3,False,-0.8853145024097807,0.17455586025992606
Kazakhstan,KAZ,1994,2.28,2.28,False,-0.8951605528719491,0.1721712173602003
Kazakhstan,KAZ,1995,2.26,2.26,False,-0.9050066033341174,0.16978657446047452
Kazakhstan,KAZ,1996,2.13,2.13,False,-0.9690059313382113,0.15428639561225707
Kazakhstan,KAZ,1997,2.0,2.0,False,-1.0330052593423054,0.1387862167640396
Kazakhstan,KAZ,1998,1.8,1.8,False,-1.1314657639639885,0.11493978776678193
Kazakhstan,KAZ,1999,1.7,1.7,False,-1.18069601627483,0.10301657326815308
Kazakhstan,KAZ,2000,1.8,1.8,False,-1.1314657639639885,0.11493978776678193
Kazakhstan,KAZ,2001,1.9,1.9,False,-1.0822355116531468,0.12686300226541075
Kazakhstan,KAZ,2002,2.0,2.0,False,-1.0330052593423054,0.1387862167640396
Kazakhstan,KAZ,2003,2.03,2.03,False,-1.018236183649053,0.14236318111362822
Kazakhstan,KAZ,2004,2.21,2.21,False,-0.929621729489538,0.16382496721116013
Kazakhstan,KAZ,2005,2.22,2.22,False,-0.9246987042584538,0.16501728866102305
Kazakhstan,KAZ,2006,2.36,2.36,False,-0.8557763510232758,0.18170978895910336
Kazakhstan,KAZ,2007,2.5,2.5,False,-0.7868539977880976,0.19840228925718376
Kazakhstan,KAZ,2008,2.7,2.7,False,-0.6883934931664144,0.22224871825444142
Kazakhstan,KAZ,2009,2.6,2.6,False,-0.737623745477256,0.21032550375581258
Kazakhstan,KAZ,2010,2.59,2.59,False,-0.7425467707083403,0.20913318230594968
Kazakhstan,KAZ,2011,2.59,2.59,False,-0.7425467707083403,0.20913318230594968
Kenya,KEN,1960,7.9460000000000015,7.9460000000000015,False,1.8942255430603336,0.84774055085251
Kenya,KEN,1961,7.997999999999997,7.997999999999997,False,1.9198252742619688,0.8539406223917964
Kenya,KEN,1962,8.042,8.042,False,1.9414865852787406,0.8591868367711935
Kenya,KEN,1963,8.078,8.078,False,1.9592094761106433,0.8634791939906997
Kenya,KEN,1964,8.103,8.103,False,1.9715170391883539,0.866459997615357
Kenya,KEN,1965,8.119,8.119,False,1.9793938795580885,0.8683677119351376
Kenya,KEN,1966,8.126,8.126,False,1.9828399972198474,0.8692023369500416
Kenya,KEN,1967,8.125,8.125,False,1.982347694696739,0.8690831048050554
Kenya,KEN,1968,8.117,8.117,False,1.9784092745118722,0.8681292476451652
Kenya,KEN,1969,8.103,8.103,False,1.9715170391883539,0.866459997615357
Kenya,KEN,1970,8.081,8.081,False,1.9606863836799686,0.8638368904256586
Kenya,KEN,1971,8.051,8.051,False,1.9459173079867165,0.86025992607607
Kenya,KEN,1972,8.012,8.012,False,1.9267175095854885,0.8556098724216048
Kenya,KEN,1973,7.962999999999999,7.962999999999999,False,1.9025946859531755,0.8497674973172765
Kenya,KEN,1974,7.905,7.905,False,1.874041139612888,0.842852032908072
Kenya,KEN,1975,7.84,7.84,False,1.8420414756108408,0.8351019434839632
Kenya,KEN,1976,7.769,7.769,False,1.8070879964701434,0.8266364611899367
Kenya,KEN,1977,7.695,7.695,False,1.7706576097601208,0.8178132824609514
Kenya,KEN,1978,7.6179999999999986,7.6179999999999986,False,1.732750315480772,0.808632407297007
Kenya,KEN,1979,7.5379999999999985,7.5379999999999985,False,1.6933661136320985,0.799093835698104
Kenya,KEN,1980,7.455,7.455,False,1.652505004214101,0.7891975676642422
Kenya,KEN,1981,7.366,7.366,False,1.6086900796574517,0.7785859067604625
Kenya,KEN,1982,7.27,7.27,False,1.5614290374390438,0.7671396208417788
Kenya,KEN,1983,7.165,7.165,False,1.5097372725126603,0.7546202456182186
Kenya,KEN,1984,7.049,7.049,False,1.4526301798320844,0.7407893167998092
Kenya,KEN,1985,6.9179999999999975,6.9179999999999975,False,1.3881385493048806,0.7251699058066051
Kenya,KEN,1986,6.769,6.769,False,1.314785473361728,0.7074043162036484
Kenya,KEN,1987,6.602,6.602,False,1.2325709520026227,0.6874925479909383
Kenya,KEN,1988,6.4220000000000015,6.4220000000000015,False,1.1439564978431085,0.6660307618934066
Kenya,KEN,1989,6.231,6.231,False,1.0499267159294003,0.6432574222010253
Kenya,KEN,1990,6.037000000000001,6.037000000000001,False,0.9544200264463681,0.6201263860736855
Kenya,KEN,1991,5.847,5.847,False,0.860882547055769,0.5974722785262907
Kenya,KEN,1992,5.6679999999999975,5.6679999999999975,False,0.7727603954193613,0.5761297245737447
Kenya,KEN,1993,5.506,5.506,False,0.6930073866757993,0.5568141170859663
Kenya,KEN,1994,5.3660000000000005,5.3660000000000005,False,0.6240850334406213,0.5401216167878861
Kenya,KEN,1995,5.251,5.251,False,0.5674702432831534,0.5264099201144629
Kenya,KEN,1996,5.165,5.165,False,0.5251322262958296,0.516155955645642
Kenya,KEN,1997,5.102,5.102,False,0.49411716733999955,0.5086443305115059
Kenya,KEN,1998,5.059,5.059,False,0.47294815884633756,0.5035173482770955
Kenya,KEN,1999,5.03,5.03,False,0.4586713856761936,0.5000596160724932
Kenya,KEN,2000,5.012,5.012,False,0.4498099402602418,0.49791343746273986
Kenya,KEN,2001,5.001,5.001,False,0.44439461250604956,0.4966018838678908
Kenya,KEN,2002,4.99,4.99,False,0.43897928475185694,0.4952903302730416
Kenya,KEN,2003,4.976,4.976,False,0.43208704942833903,0.49362108024323353
Kenya,KEN,2004,4.955,4.955,False,0.42174869644306234,0.4911172051985215
Kenya,KEN,2005,4.923,4.923,False,0.40599501570359303,0.48730177655896023
Kenya,KEN,2006,4.879,4.879,False,0.38433370468682254,0.4820555621795635
Kenya,KEN,2007,4.824,4.824,False,0.3572570659158598,0.47549779420531774
Kenya,KEN,2008,4.761,4.761,False,0.32624200696002975,0.4679861690711816
Kenya,KEN,2009,4.691,4.691,False,0.29178083034244057,0.4596399189221414
Kenya,KEN,2010,4.6160000000000005,4.6160000000000005,False,0.25485814110930977,0.4506975080481698
Kenya,KEN,2011,4.538,4.538,False,0.2164585443068532,0.44139740073923933
Kiribati,KIR,1960,6.952999999999999,6.952999999999999,False,1.405369137613676,0.7293430308811254
Kiribati,KIR,1961,7.0120000000000005,7.0120000000000005,False,1.434414986477073,0.7363777274353165
Kiribati,KIR,1962,7.077000000000001,7.077000000000001,False,1.4664146504791202,0.7441278168594253
Kiribati,KIR,1963,7.143,7.143,False,1.498906617004275,0.7519971384285202
Kiribati,KIR,1964,7.2010000000000005,7.2010000000000005,False,1.5274601633445637,0.758912602837725
Kiribati,KIR,1965,7.221,7.221,False,1.5373062138067317,0.7612972457374507
Kiribati,KIR,1966,7.165,7.165,False,1.5097372725126603,0.7546202456182186
Kiribati,KIR,1967,7.013,7.013,False,1.4349072890001813,0.7364969595803028
Kiribati,KIR,1968,6.763,6.763,False,1.3118316582230773,0.7066889233337307
Kiribati,KIR,1969,6.431,6.431,False,1.1483872205510834,0.667103851198283
Kiribati,KIR,1970,6.051,6.051,False,0.9613122617698857,0.6217956361034934
Kiribati,KIR,1971,5.674,5.674,False,0.7757142105580132,0.5768451174436627
Kiribati,KIR,1972,5.346,5.346,False,0.6142389829784528,0.5377369738881602
Kiribati,KIR,1973,5.103,5.103,False,0.49460946986310766,0.5087635626564921
Kiribati,KIR,1974,4.957,4.957,False,0.42273330148927907,0.491355669488494
Kiribati,KIR,1975,4.904,4.904,False,0.39664126776453307,0.48503636580422077
Kiribati,KIR,1976,4.925,4.925,False,0.40697962074980976,0.48754024084893277
Kiribati,KIR,1977,4.978,4.978,False,0.43307165447455576,0.4938595445332061
Kiribati,KIR,1978,5.029,5.029,False,0.45817908315308503,0.4999403839275068
Kiribati,KIR,1979,5.064,5.064,False,0.4754096714618796,0.5041135090020269
Kiribati,KIR,1980,5.073,5.073,False,0.4798403941698555,0.5051865983069035
Kiribati,KIR,1981,5.053,5.053,False,0.469994343707687,0.5028019554071778
Kiribati,KIR,1982,5.015,5.015,False,0.4512868478295671,0.4982711338976987
Kiribati,KIR,1983,4.967,4.967,False,0.42765632672036313,0.4925479909383569
Kiribati,KIR,1984,4.912,4.912,False,0.4005796879494004,0.48599022296411104
Kiribati,KIR,1985,4.855,4.855,False,0.37251844413222096,0.47919399069989266
Kiribati,KIR,1986,4.799,4.799,False,0.3449495028381497,0.4725169905806606
Kiribati,KIR,1987,4.748,4.748,False,0.3198420741596204,0.46643615118635984
Kiribati,KIR,1988,4.704,4.704,False,0.2981807631428499,0.46118993680696313
Kiribati,KIR,1989,4.666,4.666,False,0.27947326726473043,0.45665911529748426
Kiribati,KIR,1990,4.632,4.632,False,0.26273498147904395,0.45260522236795037
Kiribati,KIR,1991,4.601,4.601,False,0.24747360326268322,0.44890902587337544
Kiribati,KIR,1992,4.5680000000000005,4.5680000000000005,False,0.23122762000010577,0.444974365088828
Kiribati,KIR,1993,4.527,4.527,False,0.21104321655266056,0.44008584714439014
Kiribati,KIR,1994,4.476,4.476,False,0.18593578787413131,0.43400500775008943
Kiribati,KIR,1995,4.412,4.412,False,0.1544284263951927,0.42637415047096694
Kiribati,KIR,1996,4.331,4.331,False,0.11455192202341127,0.41671634672707764
Kiribati,KIR,1997,4.235,4.235,False,0.06729087980500335,0.40527006080839395
Kiribati,KIR,1998,4.126,4.126,False,0.013629904786186081,0.39227375700488853
Kiribati,KIR,1999,4.006,4.006,False,-0.045446397986823824,0.37796589960653393
Kiribati,KIR,2000,3.881,3.881,False,-0.10698421337537597,0.36306188148324786
Kiribati,KIR,2001,3.754,3.754,False,-0.1695066338101446,0.34791939906998925
Kiribati,KIR,2002,3.631,3.631,False,-0.23005984415247982,0.3332538452366758
Kiribati,KIR,2003,3.516,3.516,False,-0.2866746343099475,0.31954214856325264
Kiribati,KIR,2004,3.4130000000000003,3.4130000000000003,False,-0.33738179419011416,0.307261237629665
Kiribati,KIR,2005,3.324,3.324,False,-0.3811967187467633,0.29664957672588527
Kiribati,KIR,2006,3.249,3.249,False,-0.41811940797989433,0.2877071658519137
Kiribati,KIR,2007,3.1860000000000004,3.1860000000000004,False,-0.4491344669357244,0.2801955407177776
Kiribati,KIR,2008,3.133,3.133,False,-0.4752265006604706,0.2738762370335042
Kiribati,KIR,2009,3.087,3.087,False,-0.4978724167234576,0.268391558364135
Kiribati,KIR,2010,3.048,3.048,False,-0.5170722151246859,0.2637415047096697
Kiribati,KIR,2011,3.014,3.014,False,-0.5338105009103722,0.2596876117801359
"Korea, Dem. Rep.",PRK,1960,4.579,4.579,False,0.23664294775429798,0.44628591868367706
"Korea, Dem. Rep.",PRK,1961,4.357,4.357,False,0.12735178762423,0.41981638249672115
"Korea, Dem. Rep.",PRK,1962,4.173,4.173,False,0.03676812337228146,0.39787766781924405
"Korea, Dem. Rep.",PRK,1963,4.057,4.057,False,-0.02033896930829456,0.3840467390008347
"Korea, Dem. Rep.",PRK,1964,4.022,4.022,False,-0.03756955761708917,0.3798736139263146
"Korea, Dem. Rep.",PRK,1965,4.064,4.064,False,-0.01689285164653581,0.38488136401573864
"Korea, Dem. Rep.",PRK,1966,4.159,4.159,False,0.02987588804876353,0.396208417789436
"Korea, Dem. Rep.",PRK,1967,4.262,4.262,False,0.0805830479289302,0.4084893287230237
"Korea, Dem. Rep.",PRK,1968,4.336,4.336,False,0.1170134346389533,0.4173125074520091
"Korea, Dem. Rep.",PRK,1969,4.364,4.364,False,0.13079790528598872,0.4206510075116251
"Korea, Dem. Rep.",PRK,1970,4.327,4.327,False,0.1125827119309774,0.41623941814713245
"Korea, Dem. Rep.",PRK,1971,4.214,4.214,False,0.05695252681972668,0.40276618576368195
"Korea, Dem. Rep.",PRK,1972,4.038,4.038,False,-0.029692717247354516,0.3817813282460952
"Korea, Dem. Rep.",PRK,1973,3.816,3.816,False,-0.13898387737742293,0.3553117920591391
"Korea, Dem. Rep.",PRK,1974,3.564,3.564,False,-0.2630441132007435,0.3252652915225945
"Korea, Dem. Rep.",PRK,1975,3.307,3.307,False,-0.3895658616396063,0.2946226302611184
"Korea, Dem. Rep.",PRK,1976,3.075,3.075,False,-0.5037800470007586,0.2669607726242995
"Korea, Dem. Rep.",PRK,1977,2.889,2.889,False,-0.595348316298924,0.24478359365684987
"Korea, Dem. Rep.",PRK,1978,2.761,2.761,False,-0.6583630392568011,0.229521879098605
"Korea, Dem. Rep.",PRK,1979,2.693,2.693,False,-0.6918396108281734,0.2214140932395374
"Korea, Dem. Rep.",PRK,1980,2.676,2.676,False,-0.7002087537210163,0.2193871467747705
"Korea, Dem. Rep.",PRK,1981,2.687,2.687,False,-0.6947934259668239,0.22069870036961964
"Korea, Dem. Rep.",PRK,1982,2.698,2.698,False,-0.6893780982126313,0.22201025396446883
"Korea, Dem. Rep.",PRK,1983,2.69,2.69,False,-0.6933165183974986,0.2210563968045785
"Korea, Dem. Rep.",PRK,1984,2.654,2.654,False,-0.7110394092294017,0.21676403958507212
"Korea, Dem. Rep.",PRK,1985,2.593,2.593,False,-0.7410698631390149,0.20949087874090855
"Korea, Dem. Rep.",PRK,1986,2.515,2.515,False,-0.7794694599414713,0.20019077143197808
"Korea, Dem. Rep.",PRK,1987,2.438,2.438,False,-0.8173767542208192,0.19100989626803389
"Korea, Dem. Rep.",PRK,1988,2.374,2.374,False,-0.8488841156997579,0.18337903898891142
"Korea, Dem. Rep.",PRK,1989,2.325,2.325,False,-0.8730069393320702,0.1775366638845833
"Korea, Dem. Rep.",PRK,1990,2.289,2.289,False,-0.8907298301639731,0.17324430666507692
"Korea, Dem. Rep.",PRK,1991,2.262,2.262,False,-0.9040219982879004,0.17002503875044714
"Korea, Dem. Rep.",PRK,1992,2.235,2.235,False,-0.9173141664118277,0.16680577083581732
"Korea, Dem. Rep.",PRK,1993,2.202,2.202,False,-0.9335601496744054,0.16287111005126984
"Korea, Dem. Rep.",PRK,1994,2.1630000000000003,2.1630000000000003,False,-0.9527599480756335,0.15822105639680462
"Korea, Dem. Rep.",PRK,1995,2.121,2.121,False,-0.9734366540461871,0.15321330630738048
"Korea, Dem. Rep.",PRK,1996,2.079,2.079,False,-0.9941133600167403,0.1482055562179564
"Korea, Dem. Rep.",PRK,1997,2.042,2.042,False,-1.0123285533717519,0.14379396685346368
"Korea, Dem. Rep.",PRK,1998,2.015,2.015,False,-1.025620721495679,0.14057469893883393
"Korea, Dem. Rep.",PRK,1999,1.999,1.999,False,-1.0334975618654136,0.13866698461905333
"Korea, Dem. Rep.",PRK,2000,1.991,1.991,False,-1.037435982050281,0.137713127459163
"Korea, Dem. Rep.",PRK,2001,1.992,1.992,False,-1.0369436795271727,0.1378323596041493
"Korea, Dem. Rep.",PRK,2002,1.996,1.996,False,-1.034974469434739,0.13830928818409444
"Korea, Dem. Rep.",PRK,2003,2.0,2.0,False,-1.0330052593423054,0.1387862167640396
"Korea, Dem. Rep.",PRK,2004,2.004,2.004,False,-1.0310360492498716,0.13926314534398476
"Korea, Dem. Rep.",PRK,2005,2.005,2.005,False,-1.0305437467267633,0.13938237748897103
"Korea, Dem. Rep.",PRK,2006,2.006,2.006,False,-1.0300514442036548,0.1395016096339573
"Korea, Dem. Rep.",PRK,2007,2.005,2.005,False,-1.0305437467267633,0.13938237748897103
"Korea, Dem. Rep.",PRK,2008,2.005,2.005,False,-1.0305437467267633,0.13938237748897103
"Korea, Dem. Rep.",PRK,2009,2.004,2.004,False,-1.0310360492498716,0.13926314534398476
"Korea, Dem. Rep.",PRK,2010,2.003,2.003,False,-1.03152835177298,0.13914391319899846
"Korea, Dem. Rep.",PRK,2011,2.0,2.0,False,-1.0330052593423054,0.1387862167640396
"Korea, Rep.",KOR,1960,6.155,6.155,False,1.012511724173161,0.6341957791820675
"Korea, Rep.",KOR,1961,5.989,5.989,False,0.9307895053371638,0.6144032431143436
"Korea, Rep.",KOR,1962,5.789,5.789,False,0.8323290007154807,0.5905568141170858
"Korea, Rep.",KOR,1963,5.574,5.574,False,0.7264839582471714,0.5649219029450339
"Korea, Rep.",KOR,1964,5.357,5.357,False,0.6196543107326454,0.5390485274830094
"Korea, Rep.",KOR,1965,5.157,5.157,False,0.5211938061109622,0.5152020984857517
"Korea, Rep.",KOR,1966,4.987,4.987,False,0.43750237718253165,0.49493263383808267
"Korea, Rep.",KOR,1967,4.845,4.845,False,0.3675954189011365,0.47800166925002974
"Korea, Rep.",KOR,1968,4.725,4.725,False,0.3085191161281266,0.4636938118516752
"Korea, Rep.",KOR,1969,4.624,4.624,False,0.2587965612941766,0.45165136520806004
"Korea, Rep.",KOR,1970,4.53,4.53,False,0.21252012412198587,0.440443543579349
"Korea, Rep.",KOR,1971,4.54,4.54,False,0.2174431493530699,0.44163586502921187
"Korea, Rep.",KOR,1972,4.14,4.14,False,0.020522140109703577,0.39394300703469654
"Korea, Rep.",KOR,1973,4.1,4.1,False,0.0008300391853669414,0.38917372123524496
"Korea, Rep.",KOR,1974,3.81,3.81,False,-0.14193769251607333,0.3545963991892214
"Korea, Rep.",KOR,1975,3.47,3.47,False,-0.3093205503729345,0.3140574698938834
"Korea, Rep.",KOR,1976,3.05,3.05,False,-0.5160876100784692,0.26397996899964227
"Korea, Rep.",KOR,1977,3.02,3.02,False,-0.5308566857717215,0.26040300465005367
"Korea, Rep.",KOR,1978,2.65,2.65,False,-0.7130086193218353,0.216287111005127
"Korea, Rep.",KOR,1979,2.9,2.9,False,-0.5899329885447314,0.24609514725169906
"Korea, Rep.",KOR,1980,2.83,2.83,False,-0.6243941651623205,0.2377488971026589
"Korea, Rep.",KOR,1981,2.66,2.66,False,-0.708085594090751,0.21747943245498988
"Korea, Rep.",KOR,1982,2.42,2.42,False,-0.8262381996367708,0.18886371765828067
"Korea, Rep.",KOR,1983,2.08,2.08,False,-0.993621057493632,0.14832478836294266
"Korea, Rep.",KOR,1984,1.96,1.96,False,-1.0526973602666418,0.13401693096458805
"Korea, Rep.",KOR,1985,1.67,1.67,False,-1.1954650919680825,0.09943960891856443
"Korea, Rep.",KOR,1986,1.6,1.6,False,-1.2299262685856713,0.09109335876952428
"Korea, Rep.",KOR,1987,1.55,1.55,False,-1.2545413947410924,0.08513175152020985
"Korea, Rep.",KOR,1988,1.56,1.56,False,-1.249618369510008,0.08632407297007273
"Korea, Rep.",KOR,1989,1.58,1.58,False,-1.2397723190478398,0.0887087158697985
"Korea, Rep.",KOR,1990,1.59,1.59,False,-1.2348492938167557,0.08990103731966138
"Korea, Rep.",KOR,1991,1.74,1.74,False,-1.1610039153504932,0.10778585906760463
"Korea, Rep.",KOR,1992,1.78,1.78,False,-1.1413118144261565,0.11255514486705616
"Korea, Rep.",KOR,1993,1.67,1.67,False,-1.1954650919680825,0.09943960891856443
"Korea, Rep.",KOR,1994,1.67,1.67,False,-1.1954650919680825,0.09943960891856443
"Korea, Rep.",KOR,1995,1.65,1.65,False,-1.2053111424302507,0.09705496601883867
"Korea, Rep.",KOR,1996,1.58,1.58,False,-1.2397723190478398,0.0887087158697985
"Korea, Rep.",KOR,1997,1.54,1.54,False,-1.2594644199721763,0.08393943007034697
"Korea, Rep.",KOR,1998,1.47,1.47,False,-1.2939255965897656,0.07559317992130678
"Korea, Rep.",KOR,1999,1.42,1.42,False,-1.3185407227451862,0.06963157267199237
"Korea, Rep.",KOR,2000,1.47,1.47,False,-1.2939255965897656,0.07559317992130678
"Korea, Rep.",KOR,2001,1.3,1.3,False,-1.377617025518196,0.05532371527363778
"Korea, Rep.",KOR,2002,1.17,1.17,False,-1.4416163535222901,0.03982353642542029
"Korea, Rep.",KOR,2003,1.19,1.19,False,-1.4317703030601219,0.042208179325146054
"Korea, Rep.",KOR,2004,1.16,1.16,False,-1.4465393787533742,0.0386312149755574
"Korea, Rep.",KOR,2005,1.0759999999999998,1.0759999999999998,False,-1.4878927906944812,0.028615714796709178
"Korea, Rep.",KOR,2006,1.123,1.123,False,-1.4647545721083854,0.034219625611064744
"Korea, Rep.",KOR,2007,1.25,1.25,False,-1.402232151673617,0.04936210802432336
"Korea, Rep.",KOR,2008,1.192,1.192,False,-1.4307856980139049,0.04244664361511863
"Korea, Rep.",KOR,2009,1.149,1.149,False,-1.4519547065075669,0.03731966138070825
"Korea, Rep.",KOR,2010,1.226,1.226,False,-1.4140474122282187,0.046500536544652436
"Korea, Rep.",KOR,2011,1.244,1.244,False,-1.4051859668122675,0.04864671515440563
Kosovo,KSV,1960,,4.5760000000000005,False,0.2351660401849731,0.4459282222487183
Kosovo,KSV,1961,,4.5760000000000005,False,0.2351660401849731,0.4459282222487183
Kosovo,KSV,1962,,4.5760000000000005,False,0.2351660401849731,0.4459282222487183
Kosovo,KSV,1963,,4.5760000000000005,False,0.2351660401849731,0.4459282222487183
Kosovo,KSV,1964,,4.5760000000000005,False,0.2351660401849731,0.4459282222487183
Kosovo,KSV,1965,,4.5760000000000005,False,0.2351660401849731,0.4459282222487183
Kosovo,KSV,1966,,4.5760000000000005,False,0.2351660401849731,0.4459282222487183
Kosovo,KSV,1967,,4.5760000000000005,False,0.2351660401849731,0.4459282222487183
Kosovo,KSV,1968,,4.5760000000000005,False,0.2351660401849731,0.4459282222487183
Kosovo,KSV,1969,,4.5760000000000005,False,0.2351660401849731,0.4459282222487183
Kosovo,KSV,1970,,4.5760000000000005,False,0.2351660401849731,0.4459282222487183
Kosovo,KSV,1971,,4.5760000000000005,False,0.2351660401849731,0.4459282222487183
Kosovo,KSV,1972,,4.5760000000000005,False,0.2351660401849731,0.4459282222487183
Kosovo,KSV,1973,,4.5760000000000005,False,0.2351660401849731,0.4459282222487183
Kosovo,KSV,1974,,4.5760000000000005,False,0.2351660401849731,0.4459282222487183
Kosovo,KSV,1975,,4.5760000000000005,False,0.2351660401849731,0.4459282222487183
Kosovo,KSV,1976,,4.5760000000000005,False,0.2351660401849731,0.4459282222487183
Kosovo,KSV,1977,,4.5760000000000005,False,0.2351660401849731,0.4459282222487183
Kosovo,KSV,1978,,4.5760000000000005,False,0.2351660401849731,0.4459282222487183
Kosovo,KSV,1979,,4.5760000000000005,False,0.2351660401849731,0.4459282222487183
Kosovo,KSV,1980,,4.5760000000000005,False,0.2351660401849731,0.4459282222487183
Kosovo,KSV,1981,4.5760000000000005,4.5760000000000005,False,0.2351660401849731,0.4459282222487183
Kosovo,KSV,1982,4.884,4.884,False,0.386795217302365,0.48265172290449504
Kosovo,KSV,1983,4.476,4.476,False,0.18593578787413131,0.43400500775008943
Kosovo,KSV,1984,4.82,4.82,False,0.35528785582342637,0.4750208656253726
Kosovo,KSV,1985,4.564,4.564,False,0.2292584099076719,0.4444974365088828
Kosovo,KSV,1986,4.466,4.466,False,0.18101276264304725,0.43281268630022657
Kosovo,KSV,1987,4.43,4.43,False,0.16328987181114407,0.42852032908072013
Kosovo,KSV,1988,4.263,4.263,False,0.08107535045203879,0.40860856086801
Kosovo,KSV,1989,3.922,3.922,False,-0.08679980992793075,0.3679503994276857
Kosovo,KSV,1990,3.903,3.903,False,-0.09615355786699072,0.36568498867294624
Kosovo,KSV,1991,3.584,3.584,False,-0.2531980627385752,0.32764993442232027
Kosovo,KSV,1992,2.958,2.958,False,-0.5613794422044432,0.25301061166090383
Kosovo,KSV,1993,2.84,2.84,False,-0.6194711399312364,0.23894121855252173
Kosovo,KSV,1994,2.7060000000000004,2.7060000000000004,False,-0.6854396780277637,0.22296411112435918
Kosovo,KSV,1995,2.701,2.701,False,-0.687901190643306,0.2223679503994277
Kosovo,KSV,1996,2.698,2.698,False,-0.6893780982126313,0.22201025396446883
Kosovo,KSV,1997,2.457,2.457,False,-0.8080230062817595,0.19327530702277332
Kosovo,KSV,1998,2.568,2.568,False,-0.7533774262167253,0.20651007511625136
Kosovo,KSV,1999,2.878,2.878,False,-0.6007636440531164,0.24347204006200074
Kosovo,KSV,2000,2.954,2.954,False,-0.5633486522968769,0.25253368308095864
Kosovo,KSV,2001,2.799,2.799,False,-0.6396555433786814,0.23405270060808395
Kosovo,KSV,2002,2.664,2.664,False,-0.7061163839983173,0.21795636103493504
Kosovo,KSV,2003,2.343,2.343,False,-0.8641454939161188,0.17968284249433647
Kosovo,KSV,2004,2.533,2.533,False,-0.7706080145255199,0.20233695004173124
Kosovo,KSV,2005,2.647,2.647,False,-0.7144855268911606,0.2159294145701681
Kosovo,KSV,2006,2.425,2.425,False,-0.8237766870212289,0.1894598783832121
Kosovo,KSV,2007,2.431,2.431,False,-0.8208228718825782,0.19017527125312986
Kosovo,KSV,2008,2.384,2.384,False,-0.8439610904686738,0.18457136043877428
Kosovo,KSV,2009,2.337,2.337,False,-0.8670993090547692,0.17896744962441877
Kosovo,KSV,2010,2.289,2.289,False,-0.8907298301639731,0.17324430666507692
Kosovo,KSV,2011,2.2,2.2,False,-0.9345447547206222,0.16263264576129727
Kuwait,KWT,1960,7.251,7.251,False,1.5520752894999843,0.7648742100870394
Kuwait,KWT,1961,7.279,7.279,False,1.5658597601470197,0.7682127101466555
Kuwait,KWT,1962,7.312,7.312,False,1.5821057434095975,0.772147370931203
Kuwait,KWT,1963,7.348,7.348,False,1.5998286342415005,0.7764397281507094
Kuwait,KWT,1964,7.381,7.381,False,1.6160746175040783,0.7803743889352569
Kuwait,KWT,1965,7.407,7.407,False,1.628874483104897,0.7834744247049004
Kuwait,KWT,1966,7.419,7.419,False,1.6347821133821978,0.7849052104447358
Kuwait,KWT,1967,7.4129999999999985,7.4129999999999985,False,1.6318282982435466,0.7841898175748179
Kuwait,KWT,1968,7.382999999999999,7.382999999999999,False,1.6170592225502944,0.7806128532252293
Kuwait,KWT,1969,7.327000000000001,7.327000000000001,False,1.5894902812562242,0.7739358531059974
Kuwait,KWT,1970,7.241,7.241,False,1.5471522642688997,0.7636818886371765
Kuwait,KWT,1971,7.124,7.124,False,1.4895528690652151,0.7497317276737807
Kuwait,KWT,1972,6.978,6.978,False,1.4176767006913866,0.7323238345057826
Kuwait,KWT,1973,6.809,6.809,False,1.3344775742860646,0.7121736020031
Kuwait,KWT,1974,6.622000000000001,6.622000000000001,False,1.2424170024647911,0.6898771908906641
Kuwait,KWT,1975,6.4270000000000005,6.4270000000000005,False,1.14641801045865,0.6666269226183379
Kuwait,KWT,1976,6.234,6.234,False,1.0514036234987256,0.6436151186359842
Kuwait,KWT,1977,6.05,6.05,False,0.9608199592467771,0.6216764039585071
Kuwait,KWT,1978,5.874,5.874,False,0.8741747151796959,0.6006915464409204
Kuwait,KWT,1979,5.702999999999999,5.702999999999999,False,0.7899909837281568,0.5803028496482651
Kuwait,KWT,1980,5.524,5.524,False,0.7018688320917507,0.5589602956957195
Kuwait,KWT,1981,5.319,5.319,False,0.6009468148545255,0.5345177059735304
Kuwait,KWT,1982,5.075,5.075,False,0.48082499921607225,0.505425062596876
Kuwait,KWT,1983,4.7860000000000005,4.7860000000000005,False,0.33854957003774033,0.47096697269583887
Kuwait,KWT,1984,4.456,4.456,False,0.1760897374119632,0.4316203648503637
Kuwait,KWT,1985,4.092,4.092,False,-0.0031083809995003857,0.3882198640753547
Kuwait,KWT,1986,3.704,3.704,False,-0.1941217599655653,0.3419577918206749
Kuwait,KWT,1987,3.313,3.313,False,-0.38661204650095576,0.29533802313103613
Kuwait,KWT,1988,2.944,2.944,False,-0.5682716775279611,0.2513413616310957
Kuwait,KWT,1989,2.615,2.615,False,-0.7302392076306297,0.21211398593060693
Kuwait,KWT,1990,2.358,2.358,False,-0.8567609560694925,0.18147132466913082
Kuwait,KWT,1991,2.2,2.2,False,-0.9345447547206222,0.16263264576129727
Kuwait,KWT,1992,2.144,2.144,False,-0.9621136960146934,0.15595564564206513
Kuwait,KWT,1993,2.182,2.182,False,-0.9434062001365737,0.16048646715154405
Kuwait,KWT,1994,2.3,2.3,False,-0.8853145024097807,0.17455586025992606
Kuwait,KWT,1995,2.467,2.467,False,-0.8030999810506753,0.19446762847263624
Kuwait,KWT,1996,2.642,2.642,False,-0.7169470395067026,0.21533325384523666
Kuwait,KWT,1997,2.7880000000000003,2.7880000000000003,False,-0.6450708711328738,0.2327411470132348
Kuwait,KWT,1998,2.878,2.878,False,-0.6007636440531164,0.24347204006200074
Kuwait,KWT,1999,2.903,2.903,False,-0.5884560809754061,0.24645284368665793
Kuwait,KWT,2000,2.869,2.869,False,-0.6051943667610922,0.24239895075712414
Kuwait,KWT,2001,2.7960000000000003,2.7960000000000003,False,-0.6411324509480064,0.2336950041731251
Kuwait,KWT,2002,2.718,2.718,False,-0.679532047750463,0.2243948968641946
Kuwait,KWT,2003,2.66,2.66,False,-0.708085594090751,0.21747943245498988
Kuwait,KWT,2004,2.63,2.63,False,-0.7228546697840036,0.2139024681054012
Kuwait,KWT,2005,2.628,2.628,False,-0.7238392748302204,0.21366400381542866
Kuwait,KWT,2006,2.645,2.645,False,-0.7154701319373773,0.21569095028019555
Kuwait,KWT,2007,2.667,2.667,False,-0.7046394764289923,0.21831405746989388
Kuwait,KWT,2008,2.681,2.681,False,-0.6977472411054744,0.21998330749970194
Kuwait,KWT,2009,2.6830000000000003,2.6830000000000003,False,-0.6967626360592574,0.22022177178967453
Kuwait,KWT,2010,2.673,2.673,False,-0.7016856612903417,0.2190294503398116
Kuwait,KWT,2011,2.652,2.652,False,-0.7120240142756183,0.21652557529509958
Kyrgyz Republic,KGZ,1960,5.166,5.166,False,0.5256245288189382,0.5162751877906283
Kyrgyz Republic,KGZ,1961,5.255,5.255,False,0.5694394533755869,0.5268868486944079
Kyrgyz Republic,KGZ,1962,5.314,5.314,False,0.5984853022389834,0.5339215452485989
Kyrgyz Republic,KGZ,1963,5.335,5.335,False,0.6088236552242602,0.536425420293311
Kyrgyz Republic,KGZ,1964,5.317,5.317,False,0.5999622098083087,0.5342792416835579
Kyrgyz Republic,KGZ,1965,5.266,5.266,False,0.5748547811297795,0.5281984022892571
Kyrgyz Republic,KGZ,1966,5.193,5.193,False,0.538916696942865,0.519494455705258
Kyrgyz Republic,KGZ,1967,5.112,5.112,False,0.49904019257108356,0.5098366519613687
Kyrgyz Republic,KGZ,1968,5.034,5.034,False,0.46064059576862704,0.5005365446524382
Kyrgyz Republic,KGZ,1969,4.961,4.961,False,0.42470251158171296,0.4918325980684392
Kyrgyz Republic,KGZ,1970,4.892,4.892,False,0.3907336374872323,0.48360558006438537
Kyrgyz Republic,KGZ,1971,4.815,4.815,False,0.35282634320788436,0.4744247049004412
Kyrgyz Republic,KGZ,1972,4.724,4.724,False,0.30802681360501843,0.4635745797066889
Kyrgyz Republic,KGZ,1973,4.615,4.615,False,0.25436583858620115,0.4505782759031835
Kyrgyz Republic,KGZ,1974,4.492,4.492,False,0.19381262824386597,0.43591272206987003
Kyrgyz Republic,KGZ,1975,4.365,4.365,False,0.1312902078090973,0.4207702396566114
Kyrgyz Republic,KGZ,1976,4.247,4.247,False,0.07319851008230413,0.4067008465482294
Kyrgyz Republic,KGZ,1977,4.15,4.15,False,0.025445165340788063,0.39513532848455946
Kyrgyz Republic,KGZ,1978,4.082,4.082,False,-0.008031406230584435,0.3870275426254918
Kyrgyz Republic,KGZ,1979,4.044,4.044,False,-0.026738902108704346,0.38249672111601285
Kyrgyz Republic,KGZ,1980,4.035,4.035,False,-0.031169624816679817,0.3814236318111363
Kyrgyz Republic,KGZ,1981,4.046,4.046,False,-0.025754297062487188,0.3827351854059855
Kyrgyz Republic,KGZ,1982,4.0680000000000005,4.0680000000000005,False,-0.014923641554101929,0.3853582925956838
Kyrgyz Republic,KGZ,1983,4.086,4.086,False,-0.006062196138150552,0.387504471205437
Kyrgyz Republic,KGZ,1984,4.097,4.097,False,-0.0006468683839579236,0.3888160248002862
Kyrgyz Republic,KGZ,1985,4.093,4.093,False,-0.0026160784763918058,0.388339096220341
Kyrgyz Republic,KGZ,1986,4.073,4.073,False,-0.012462128938559905,0.3859544533206153
Kyrgyz Republic,KGZ,1987,4.039,4.039,False,-0.029200414724246372,0.3819005603910814
Kyrgyz Republic,KGZ,1988,3.992,3.992,False,-0.052338633310341755,0.3762966495767259
Kyrgyz Republic,KGZ,1989,3.875,3.875,False,-0.10993802851402636,0.36234648861333013
Kyrgyz Republic,KGZ,1990,3.69,3.69,False,-0.20101399528908323,0.3402885417908668
Kyrgyz Republic,KGZ,1991,3.671,3.671,False,-0.2103677432281432,0.3380231310361273
Kyrgyz Republic,KGZ,1992,3.617,3.617,False,-0.23695207947599753,0.3315845952068678
Kyrgyz Republic,KGZ,1993,3.3,3.3,False,-0.39301197930136533,0.29378800524621435
Kyrgyz Republic,KGZ,1994,3.14,3.14,False,-0.4717803829987116,0.2747108620484083
Kyrgyz Republic,KGZ,1995,3.31,3.31,False,-0.38808895407028104,0.29498032669607727
Kyrgyz Republic,KGZ,1996,2.99,2.99,False,-0.5456257614649739,0.256826040300465
Kyrgyz Republic,KGZ,1997,2.79,2.79,False,-0.6440862660866571,0.23297961130320735
Kyrgyz Republic,KGZ,1998,2.648,2.648,False,-0.713993224368052,0.21604864671515442
Kyrgyz Republic,KGZ,1999,2.629,2.629,False,-0.723346972307112,0.21378323596041493
Kyrgyz Republic,KGZ,2000,2.4,2.4,False,-0.8360842500989392,0.1864790747585549
Kyrgyz Republic,KGZ,2001,2.4,2.4,False,-0.8360842500989392,0.1864790747585549
Kyrgyz Republic,KGZ,2002,2.5,2.5,False,-0.7868539977880976,0.19840228925718376
Kyrgyz Republic,KGZ,2003,2.5,2.5,False,-0.7868539977880976,0.19840228925718376
Kyrgyz Republic,KGZ,2004,2.6,2.6,False,-0.737623745477256,0.21032550375581258
Kyrgyz Republic,KGZ,2005,2.5,2.5,False,-0.7868539977880976,0.19840228925718376
Kyrgyz Republic,KGZ,2006,2.7,2.7,False,-0.6883934931664144,0.22224871825444142
Kyrgyz Republic,KGZ,2007,2.8,2.8,False,-0.6391632408555731,0.23417193275307022
Kyrgyz Republic,KGZ,2008,2.8,2.8,False,-0.6391632408555731,0.23417193275307022
Kyrgyz Republic,KGZ,2009,2.9,2.9,False,-0.5899329885447314,0.24609514725169906
Kyrgyz Republic,KGZ,2010,3.06,3.06,False,-0.5111645848473849,0.2651722904495052
Kyrgyz Republic,KGZ,2011,3.06,3.06,False,-0.5111645848473849,0.2651722904495052
Lao PDR,LAO,1960,5.961,5.961,False,0.9170050346901284,0.6110647430547275
Lao PDR,LAO,1961,5.964,5.964,False,0.9184819422594537,0.6114224394896864
Lao PDR,LAO,1962,5.966,5.966,False,0.9194665473056703,0.611660903779659
Lao PDR,LAO,1963,5.968999999999999,5.968999999999999,False,0.9209434548749953,0.6120186002146177
Lao PDR,LAO,1964,5.971,5.971,False,0.9219280599212124,0.6122570645045904
Lao PDR,LAO,1965,5.973,5.973,False,0.9229126649674292,0.6124955287945629
Lao PDR,LAO,1966,5.974,5.974,False,0.9234049674905377,0.6126147609395493
Lao PDR,LAO,1967,5.973,5.973,False,0.9229126649674292,0.6124955287945629
Lao PDR,LAO,1968,5.973,5.973,False,0.9229126649674292,0.6124955287945629
Lao PDR,LAO,1969,5.972,5.972,False,0.922420362444321,0.6123762966495767
Lao PDR,LAO,1970,5.974,5.974,False,0.9234049674905377,0.6126147609395493
Lao PDR,LAO,1971,5.979,5.979,False,0.9258664801060797,0.6132109216644807
Lao PDR,LAO,1972,5.99,5.99,False,0.9312818078602724,0.6145224752593299
Lao PDR,LAO,1973,6.006,6.006,False,0.939158648230007,0.6164301895791104
Lao PDR,LAO,1974,6.029,6.029,False,0.9504816062615005,0.619172528913795
Lao PDR,LAO,1975,6.059,6.059,False,0.965250681954753,0.6227494932633838
Lao PDR,LAO,1976,6.096,6.096,False,0.9834658753097644,0.6271610826278764
Lao PDR,LAO,1977,6.138999999999999,6.138999999999999,False,1.0046348838034258,0.6322880648622867
Lao PDR,LAO,1978,6.186,6.186,False,1.0277731023895216,0.6378919756766424
Lao PDR,LAO,1979,6.233,6.233,False,1.0509113209756171,0.6434958864909979
Lao PDR,LAO,1980,6.277,6.277,False,1.0725726319923876,0.6487421008703946
Lao PDR,LAO,1981,6.315,6.315,False,1.0912801278705075,0.6532729223798736
Lao PDR,LAO,1982,6.345,6.345,False,1.1060492035637597,0.6568498867294622
Lao PDR,LAO,1983,6.363,6.363,False,1.1149106489797114,0.6589960653392154
Lao PDR,LAO,1984,6.369,6.369,False,1.1178644641183617,0.6597114582091331
Lao PDR,LAO,1985,6.3610000000000015,6.3610000000000015,False,1.1139260439334953,0.658757601049243
Lao PDR,LAO,1986,6.3420000000000005,6.3420000000000005,False,1.1045722959944348,0.6564921902945033
Lao PDR,LAO,1987,6.313,6.313,False,1.0902955228242903,0.6530344580899009
Lao PDR,LAO,1988,6.274,6.274,False,1.0710957244230623,0.6483844044354358
Lao PDR,LAO,1989,6.222,6.222,False,1.045495993221425,0.6421843328961487
Lao PDR,LAO,1990,6.152,6.152,False,1.0110348166038357,0.6338380827471086
Lao PDR,LAO,1991,6.057,6.057,False,0.9642660769085363,0.6225110289734113
Lao PDR,LAO,1992,5.934,5.934,False,0.9037128665662011,0.6078454751400977
Lao PDR,LAO,1993,5.782,5.782,False,0.8288828830537219,0.5897221891021819
Lao PDR,LAO,1994,5.603,5.603,False,0.7407607314173154,0.5683796351496363
Lao PDR,LAO,1995,5.398,5.398,False,0.6398387141800902,0.5439370454274471
Lao PDR,LAO,1996,5.167999999999998,5.167999999999998,False,0.526609133865154,0.5165136520806006
Lao PDR,LAO,1997,4.922,4.922,False,0.4055027131804845,0.4871825444139739
Lao PDR,LAO,1998,4.669,4.669,False,0.2809501748340553,0.457016811732443
Lao PDR,LAO,1999,4.42,4.42,False,0.15836684658006,0.42732800763085727
Lao PDR,LAO,2000,4.19,4.19,False,0.045137266265124695,0.39990461428401103
Lao PDR,LAO,2001,3.991,3.991,False,-0.05283093583345012,0.3761774174317396
Lao PDR,LAO,2002,3.829,3.829,False,-0.13258394457701336,0.3568618099439609
Lao PDR,LAO,2003,3.706,3.706,False,-0.19313715491934857,0.3421962561106474
Lao PDR,LAO,2004,3.619,3.619,False,-0.2359674744297806,0.3318230594968404
Lao PDR,LAO,2005,3.562,3.562,False,-0.26402871824696045,0.3250268272326219
Lao PDR,LAO,2006,3.52,3.52,False,-0.2847054242175138,0.3200190771431978
Lao PDR,LAO,2007,3.4810000000000003,3.4810000000000003,False,-0.30390522261874187,0.3153690234887326
Lao PDR,LAO,2008,3.432,3.432,False,-0.3280280462510544,0.3095266483844044
Lao PDR,LAO,2009,3.3680000000000003,3.3680000000000003,False,-0.3595354077299928,0.30189579110528203
Lao PDR,LAO,2010,3.29,3.29,False,-0.39793500453244934,0.2925956837963515
Lao PDR,LAO,2011,3.2,3.2,False,-0.44224223161220666,0.2818647907475856
Latin America & Caribbean (all income levels),LCN,1960,5.98,5.98,False,0.9263587826291884,0.613330153809467
Latin America & Caribbean (all income levels),LCN,1961,5.977,5.977,False,0.9248818750598631,0.6129724573745081
Latin America & Caribbean (all income levels),LCN,1962,5.959,5.959,False,0.9160204296439112,0.6108262787647548
Latin America & Caribbean (all income levels),LCN,1963,5.921,5.921,False,0.8973129337657917,0.606295457255276
Latin America & Caribbean (all income levels),LCN,1964,5.8660000000000005,5.8660000000000005,False,0.870236294994829,0.5997376892810302
Latin America & Caribbean (all income levels),LCN,1965,5.7920000000000025,5.7920000000000025,False,0.8338059082848073,0.590914510552045
Latin America & Caribbean (all income levels),LCN,1966,5.704,5.704,False,0.7904832862512653,0.5804220817932514
Latin America & Caribbean (all income levels),LCN,1967,5.608,5.608,False,0.7432222440328574,0.5689757958745677
Latin America & Caribbean (all income levels),LCN,1968,5.5070000000000014,5.5070000000000014,False,0.6934996891989084,0.5569333492309527
Latin America & Caribbean (all income levels),LCN,1969,5.405,5.405,False,0.6432848318418494,0.5447716704423512
Latin America & Caribbean (all income levels),LCN,1970,5.301,5.301,False,0.5920853694385741,0.5323715273637772
Latin America & Caribbean (all income levels),LCN,1971,5.197,5.197,False,0.5408859070352988,0.5199713842852033
Latin America & Caribbean (all income levels),LCN,1972,5.091,5.091,False,0.4887018395858069,0.5073327769166567
Latin America & Caribbean (all income levels),LCN,1973,4.982,4.982,False,0.43504086456698965,0.49433647311315126
Latin America & Caribbean (all income levels),LCN,1974,4.871,4.871,False,0.38039528450195564,0.4811017050196733
Latin America & Caribbean (all income levels),LCN,1975,4.759,4.759,False,0.325257401913813,0.46774770478120903
Latin America & Caribbean (all income levels),LCN,1976,4.646,4.646,False,0.2696272168025619,0.4542744723977584
Latin America & Caribbean (all income levels),LCN,1977,4.533,4.533,False,0.21399703169131118,0.44080124001430787
Latin America & Caribbean (all income levels),LCN,1978,4.419,4.419,False,0.15787454405695145,0.42720877548587094
Latin America & Caribbean (all income levels),LCN,1979,4.307,4.307,False,0.1027366614688093,0.4138547752474067
Latin America & Caribbean (all income levels),LCN,1980,4.1960000000000015,4.1960000000000015,False,0.048091081403775736,0.40062000715392887
Latin America & Caribbean (all income levels),LCN,1981,4.087,4.087,False,-0.0055698936150424105,0.38762370335042323
Latin America & Caribbean (all income levels),LCN,1982,3.978,3.978,False,-0.059230868633859464,0.37462739954691787
Latin America & Caribbean (all income levels),LCN,1983,3.871,3.871,False,-0.11190723860646001,0.361869560033385
Latin America & Caribbean (all income levels),LCN,1984,3.766,3.766,False,-0.16359900353284362,0.3493501848098247
Latin America & Caribbean (all income levels),LCN,1985,3.664,3.664,False,-0.21381386088990192,0.33718850602122336
Latin America & Caribbean (all income levels),LCN,1986,3.564,3.564,False,-0.2630441132007435,0.3252652915225945
Latin America & Caribbean (all income levels),LCN,1987,3.469,3.469,False,-0.3098128528960431,0.31393823774889706
Latin America & Caribbean (all income levels),LCN,1988,3.377,3.377,False,-0.35510468502201736,0.30296888041015857
Latin America & Caribbean (all income levels),LCN,1989,3.2910000000000004,3.2910000000000004,False,-0.3974427020093408,0.2927149159413378
Latin America & Caribbean (all income levels),LCN,1990,3.209,3.209,False,-0.437811508904231,0.2829378800524622
Latin America & Caribbean (all income levels),LCN,1991,3.134,3.134,False,-0.47473419813736223,0.2739954691784905
Latin America & Caribbean (all income levels),LCN,1992,3.065,3.065,False,-0.5087030722318429,0.26576845117443665
Latin America & Caribbean (all income levels),LCN,1993,3.0,3.0,False,-0.5407027362338899,0.2580183617503279
Latin America & Caribbean (all income levels),LCN,1994,2.9410000000000003,2.9410000000000003,False,-0.5697485850972862,0.2509836651961369
Latin America & Caribbean (all income levels),LCN,1995,2.886,2.886,False,-0.5968252238682491,0.24442589722189104
Latin America & Caribbean (all income levels),LCN,1996,2.833,2.833,False,-0.6229172575929951,0.23810659353761776
Latin America & Caribbean (all income levels),LCN,1997,2.785,2.785,False,-0.6465477787021991,0.23238345057827592
Latin America & Caribbean (all income levels),LCN,1998,2.738,2.738,False,-0.6696859972882947,0.22677953976392035
Latin America & Caribbean (all income levels),LCN,1999,2.692,2.692,False,-0.6923319133512817,0.22129486109455113
Latin America & Caribbean (all income levels),LCN,2000,2.6460000000000004,2.6460000000000004,False,-0.7149778294142687,0.21581018242518188
Latin America & Caribbean (all income levels),LCN,2001,2.597,2.597,False,-0.7391006530465812,0.2099678073208537
Latin America & Caribbean (all income levels),LCN,2002,2.549,2.549,False,-0.7627311741557853,0.20424466436151187
Latin America & Caribbean (all income levels),LCN,2003,2.5,2.5,False,-0.7868539977880976,0.19840228925718376
Latin America & Caribbean (all income levels),LCN,2004,2.452,2.452,False,-0.8104845188973016,0.1926791462978419
Latin America & Caribbean (all income levels),LCN,2005,2.405,2.405,False,-0.8336227374833971,0.18707523548348634
Latin America & Caribbean (all income levels),LCN,2006,2.361,2.361,False,-0.8552840485001673,0.1818290211040897
Latin America & Caribbean (all income levels),LCN,2007,2.32,2.32,False,-0.8754684519476125,0.17694050315965182
Latin America & Caribbean (all income levels),LCN,2008,2.285,2.285,False,-0.8926990402564068,0.1727673780851318
Latin America & Caribbean (all income levels),LCN,2009,2.254,2.254,False,-0.9079604184727678,0.1690711815905568
Latin America & Caribbean (all income levels),LCN,2010,2.228,2.228,False,-0.9207602840735865,0.16597114582091335
Latin America & Caribbean (all income levels),LCN,2011,2.205,2.205,False,-0.9320832421050801,0.1632288064862287
Latvia,LVA,1960,1.94,1.94,False,-1.0625434107288103,0.1316322880648623
Latvia,LVA,1961,1.94,1.94,False,-1.0625434107288103,0.1316322880648623
Latvia,LVA,1962,1.91,1.91,False,-1.0773124864220627,0.12805532371527362
Latvia,LVA,1963,1.85,1.85,False,-1.1068506378085676,0.12090139501609636
Latvia,LVA,1964,1.79,1.79,False,-1.1363887891950726,0.11374746631691904
Latvia,LVA,1965,1.74,1.74,False,-1.1610039153504932,0.10778585906760463
Latvia,LVA,1966,1.76,1.76,False,-1.1511578648883252,0.11017050196733039
Latvia,LVA,1967,1.8,1.8,False,-1.1314657639639885,0.11493978776678193
Latvia,LVA,1968,1.83,1.83,False,-1.1166966882707359,0.11851675211637058
Latvia,LVA,1969,1.88,1.88,False,-1.0920815621153153,0.12447835936568499
Latvia,LVA,1970,1.96,1.96,False,-1.0526973602666418,0.13401693096458805
Latvia,LVA,1971,2.0,2.0,False,-1.0330052593423054,0.1387862167640396
Latvia,LVA,1972,2.0,2.0,False,-1.0330052593423054,0.1387862167640396
Latvia,LVA,1973,1.98,1.98,False,-1.0428513098044736,0.1364015738643138
Latvia,LVA,1974,1.97,1.97,False,-1.047774335035558,0.13520925241445092
Latvia,LVA,1975,1.96,1.96,False,-1.0526973602666418,0.13401693096458805
Latvia,LVA,1976,1.93,1.93,False,-1.0674664359598944,0.13043996661499938
Latvia,LVA,1977,1.89,1.89,False,-1.0871585368842311,0.12567068081554783
Latvia,LVA,1978,1.87,1.87,False,-1.0970045873463992,0.12328603791582213
Latvia,LVA,1979,1.87,1.87,False,-1.0970045873463992,0.12328603791582213
Latvia,LVA,1980,1.86,1.86,False,-1.1019276125774833,0.12209371646595922
Latvia,LVA,1981,1.88,1.88,False,-1.0920815621153153,0.12447835936568499
Latvia,LVA,1982,1.97,1.97,False,-1.047774335035558,0.13520925241445092
Latvia,LVA,1983,2.07,2.07,False,-0.9985440827247163,0.14713246691307977
Latvia,LVA,1984,2.09,2.09,False,-0.9886980322625479,0.14951710981280553
Latvia,LVA,1985,2.08,2.08,False,-0.993621057493632,0.14832478836294266
Latvia,LVA,1986,2.12,2.12,False,-0.9739289565692953,0.1530940741623942
Latvia,LVA,1987,2.15,2.15,False,-0.959159880876043,0.15667103851198283
Latvia,LVA,1988,2.11,2.11,False,-0.9788519818003797,0.15190175271253128
Latvia,LVA,1989,2.05,2.05,False,-1.0083901331868845,0.14474782401335398
Latvia,LVA,1990,2.02,2.02,False,-1.023159208880137,0.14117085966376536
Latvia,LVA,1991,1.86,1.86,False,-1.1019276125774833,0.12209371646595922
Latvia,LVA,1992,1.73,1.73,False,-1.1659269405815775,0.10659353761774173
Latvia,LVA,1993,1.51,1.51,False,-1.2742334956654289,0.08036246572075832
Latvia,LVA,1994,1.39,1.39,False,-1.3333097984384388,0.06605460832240372
Latvia,LVA,1995,1.25,1.25,False,-1.402232151673617,0.04936210802432336
Latvia,LVA,1996,1.16,1.16,False,-1.4465393787533742,0.0386312149755574
Latvia,LVA,1997,1.11,1.11,False,-1.4711545049087948,0.032669607726243007
Latvia,LVA,1998,1.09,1.09,False,-1.4810005553709633,0.03028496482651724
Latvia,LVA,1999,1.16,1.16,False,-1.4465393787533742,0.0386312149755574
Latvia,LVA,2000,1.24,1.24,False,-1.4071551769047008,0.04816978657446048
Latvia,LVA,2001,1.21,1.21,False,-1.4219242525979534,0.04459282222487182
Latvia,LVA,2002,1.23,1.23,False,-1.4120782021357852,0.04697746512459759
Latvia,LVA,2003,1.29,1.29,False,-1.3825400507492802,0.054131393823774895
Latvia,LVA,2004,1.24,1.24,False,-1.4071551769047008,0.04816978657446048
Latvia,LVA,2005,1.31,1.31,False,-1.372694000287112,0.05651603672350066
Latvia,LVA,2006,1.35,1.35,False,-1.3530018993627753,0.0612853225229522
Latvia,LVA,2007,1.41,1.41,False,-1.3234637479762703,0.06843925122212947
Latvia,LVA,2008,1.44,1.44,False,-1.308694672283018,0.07201621557171813
Latvia,LVA,2009,1.31,1.31,False,-1.372694000287112,0.05651603672350066
Latvia,LVA,2010,1.17,1.17,False,-1.4416163535222901,0.03982353642542029
Latvia,LVA,2011,1.34,1.34,False,-1.3579249245938596,0.06009300107308931
Lebanon,LBN,1960,5.739,5.739,False,0.8077138745600599,0.5845952068677714
Lebanon,LBN,1961,5.724,5.724,False,0.8003293367134339,0.5828067246929772
Lebanon,LBN,1962,5.694,5.694,False,0.7855602610201813,0.5792297603433885
Lebanon,LBN,1963,5.647,5.647,False,0.7624220424340858,0.573625849529033
Lebanon,LBN,1964,5.5829999999999975,5.5829999999999975,False,0.730914680955146,0.5659949922499102
Lebanon,LBN,1965,5.501,5.501,False,0.6905458740602572,0.5562179563610349
Lebanon,LBN,1966,5.403,5.403,False,0.6423002267956323,0.5445332061523785
Lebanon,LBN,1967,5.295,5.295,False,0.5891315542999235,0.5316561344938595
Lebanon,LBN,1968,5.181,5.181,False,0.5330090666655642,0.5180636699654226
Lebanon,LBN,1969,5.064,5.064,False,0.4754096714618796,0.5041135090020269
Lebanon,LBN,1970,4.948,4.948,False,0.4183025787813036,0.4902825801836175
Lebanon,LBN,1971,4.836,4.836,False,0.363164696193161,0.4769285799451532
Lebanon,LBN,1972,4.73,4.73,False,0.31098062874366905,0.4642899725766067
Lebanon,LBN,1973,4.629,4.629,False,0.26125807390971867,0.4522475259329915
Lebanon,LBN,1974,4.534,4.534,False,0.21448933421441932,0.44092047215929414
Lebanon,LBN,1975,4.444,4.444,False,0.170182107134662,0.4301895791105282
Lebanon,LBN,1976,4.357,4.357,False,0.12735178762423,0.41981638249672115
Lebanon,LBN,1977,4.271,4.271,False,0.08501377063690611,0.40956241802790033
Lebanon,LBN,1978,4.182,4.182,False,0.04119884608025737,0.3989507571241207
Lebanon,LBN,1979,4.092,4.092,False,-0.0031083809995003857,0.3882198640753547
Lebanon,LBN,1980,3.997,3.997,False,-0.04987712069479973,0.37689281030165733
Lebanon,LBN,1981,3.898,3.898,False,-0.09861507048253274,0.3650888279480148
Lebanon,LBN,1982,3.796,3.796,False,-0.14882992783959126,0.35292714915941337
Lebanon,LBN,1983,3.692,3.692,False,-0.20002939024286628,0.3405270060808394
Lebanon,LBN,1984,3.587,3.587,False,-0.2517211551692499,0.32800763085727913
Lebanon,LBN,1985,3.482,3.482,False,-0.30341292009563353,0.31548825563371885
Lebanon,LBN,1986,3.379,3.379,False,-0.3541200799758004,0.30320734470013117
Lebanon,LBN,1987,3.279,3.279,False,-0.40335033228664197,0.2912841302015023
Lebanon,LBN,1988,3.182,3.182,False,-0.4511036770281583,0.27971861213783233
Lebanon,LBN,1989,3.09,3.09,False,-0.49639550915413255,0.26874925479909384
Lebanon,LBN,1990,3.002,3.002,False,-0.5397181311876731,0.2582568260403004
Lebanon,LBN,1991,2.919,2.919,False,-0.5805792406056715,0.24836055800643855
Lebanon,LBN,1992,2.841,2.841,False,-0.6189788374081278,0.2390604506975081
Lebanon,LBN,1993,2.765,2.765,False,-0.6563938291643674,0.22999880767855016
Lebanon,LBN,1994,2.6910000000000003,2.6910000000000003,False,-0.69282421587439,0.22117562894956483
Lebanon,LBN,1995,2.617,2.617,False,-0.729254602584413,0.21235245022057947
Lebanon,LBN,1996,2.543,2.543,False,-0.7656849892944356,0.20352927149159417
Lebanon,LBN,1997,2.468,2.468,False,-0.8026076785275669,0.1945868606176225
Lebanon,LBN,1998,2.39,2.39,False,-0.8410072753300232,0.18528675330869204
Lebanon,LBN,1999,2.31,2.31,False,-0.8803914771786965,0.17574818170978898
Lebanon,LBN,2000,2.226,2.226,False,-0.9217448891198035,0.16573268153094076
Lebanon,LBN,2001,2.137,2.137,False,-0.9655598136764524,0.1551210206271611
Lebanon,LBN,2002,2.044,2.044,False,-1.0113439483255349,0.14403243114343628
Lebanon,LBN,2003,1.948,1.948,False,-1.058604990543943,0.1325861452247526
Lebanon,LBN,2004,1.854,1.854,False,-1.1048814277161338,0.12137832359604152
Lebanon,LBN,2005,1.765,1.765,False,-1.148696352272783,0.11076666269226182
Lebanon,LBN,2006,1.686,1.686,False,-1.1875882515983478,0.10134732323834506
Lebanon,LBN,2007,1.621,1.621,False,-1.2195879156003948,0.09359723381423632
Lebanon,LBN,2008,1.57,1.57,False,-1.2446953442789237,0.08751639441993563
Lebanon,LBN,2009,1.535,1.535,False,-1.2619259325877183,0.08334326934541551
Lebanon,LBN,2010,1.513,1.513,False,-1.2727565880961036,0.08072016215571717
Lebanon,LBN,2011,1.5019999999999998,1.5019999999999998,False,-1.2781719158502962,0.07940860856086798
Lesotho,LSO,1960,5.839,5.839,False,0.8569441268709017,0.5965184213664003
Lesotho,LSO,1961,5.829,5.829,False,0.8520211016398173,0.5953260999165374
Lesotho,LSO,1962,5.82,5.82,False,0.8475903789318417,0.5942530106116609
Lesotho,LSO,1963,5.812,5.812,False,0.8436519587469744,0.5932991534517705
Lesotho,LSO,1964,5.806,5.806,False,0.8406981436083238,0.5925837605818528
Lesotho,LSO,1965,5.8020000000000005,5.8020000000000005,False,0.8387289335158904,0.5921068320019077
Lesotho,LSO,1966,5.801,5.801,False,0.8382366309927818,0.5919875998569214
Lesotho,LSO,1967,5.803,5.803,False,0.8392212360389986,0.5922260641468939
Lesotho,LSO,1968,5.805,5.805,False,0.8402058410852152,0.5924645284368665
Lesotho,LSO,1969,5.807,5.807,False,0.8411904461314325,0.5927029927268391
Lesotho,LSO,1970,5.808,5.808,False,0.8416827486545406,0.5928222248718253
Lesotho,LSO,1971,5.807,5.807,False,0.8411904461314325,0.5927029927268391
Lesotho,LSO,1972,5.8020000000000005,5.8020000000000005,False,0.8387289335158904,0.5921068320019077
Lesotho,LSO,1973,5.794,5.794,False,0.8347905133310226,0.5911529748420173
Lesotho,LSO,1974,5.78,5.78,False,0.8278982780075052,0.5894837248122093
Lesotho,LSO,1975,5.761,5.761,False,0.8185445300684452,0.5872183140574698
Lesotho,LSO,1976,5.7360000000000015,5.7360000000000015,False,0.8062369669907355,0.5842375104328128
Lesotho,LSO,1977,5.706,5.706,False,0.7914678912974825,0.580660546083224
Lesotho,LSO,1978,5.6720000000000015,5.6720000000000015,False,0.7747296055117969,0.5766066531536903
Lesotho,LSO,1979,5.632999999999999,5.632999999999999,False,0.7555298071105675,0.5719565994992248
Lesotho,LSO,1980,5.589,5.589,False,0.7338684960937979,0.5667103851198283
Lesotho,LSO,1981,5.5420000000000025,5.5420000000000025,False,0.7107302775077033,0.561106474305473
Lesotho,LSO,1982,5.4910000000000005,5.4910000000000005,False,0.6856228488291732,0.5550256349111721
Lesotho,LSO,1983,5.436,5.436,False,0.6585462100582101,0.5484678669369262
Lesotho,LSO,1984,5.377000000000002,5.377000000000002,False,0.6295003611948143,0.5414331703827353
Lesotho,LSO,1985,5.313,5.313,False,0.5979929997158749,0.5338023131036126
Lesotho,LSO,1986,5.244,5.244,False,0.5640241256213943,0.5255752950995588
Lesotho,LSO,1987,5.169,5.169,False,0.527101436388263,0.5166328842255871
Lesotho,LSO,1988,5.088,5.088,False,0.4872249320164816,0.5069750804816978
Lesotho,LSO,1989,5.004,5.004,False,0.44587152007537445,0.49695958030284954
Lesotho,LSO,1990,4.919,4.919,False,0.40402580561115914,0.48682484797901504
Lesotho,LSO,1991,4.837,4.837,False,0.36365699871626916,0.4770478120901394
Lesotho,LSO,1992,4.759,4.759,False,0.325257401913813,0.46774770478120903
Lesotho,LSO,1993,4.686,4.686,False,0.2893193177268985,0.45904375819720994
Lesotho,LSO,1994,4.617,4.617,False,0.2553504436324179,0.45081674019315604
Lesotho,LSO,1995,4.548,4.548,False,0.22138156953793725,0.4425897221891022
Lesotho,LSO,1996,4.475,4.475,False,0.18544348535102273,0.4338857756051031
Lesotho,LSO,1997,4.394,4.394,False,0.1455669809792413,0.4242279718612138
Lesotho,LSO,1998,4.302,4.302,False,0.10027514885326684,0.4132586145224752
Lesotho,LSO,1999,4.2,4.2,False,0.05006029149620875,0.4010969357338739
Lesotho,LSO,2000,4.089,4.089,False,-0.004585288568825251,0.3878621676403959
Lesotho,LSO,2001,3.975,3.975,False,-0.060707776203184766,0.374269703111959
Lesotho,LSO,2002,3.862,3.862,False,-0.1163379613144357,0.3607964707285084
Lesotho,LSO,2003,3.754,3.754,False,-0.1695066338101446,0.34791939906998925
Lesotho,LSO,2004,3.654,3.654,False,-0.2187368861209862,0.33599618457136043
Lesotho,LSO,2005,3.562,3.562,False,-0.26402871824696045,0.3250268272326219
Lesotho,LSO,2006,3.48,3.48,False,-0.3043975251418505,0.31524979134374626
Lesotho,LSO,2007,3.405,3.405,False,-0.3413202143749817,0.3063073804697746
Lesotho,LSO,2008,3.335,3.335,False,-0.3757813909925707,0.29796113032073446
Lesotho,LSO,2009,3.269,3.269,False,-0.40827335751772603,0.2900918087516395
Lesotho,LSO,2010,3.207,3.207,False,-0.43879611395044793,0.2826994157624895
Lesotho,LSO,2011,3.148,3.148,False,-0.4678419628138443,0.2756647192082986
Liberia,LBR,1960,6.4060000000000015,6.4060000000000015,False,1.1360796574733738,0.664123047573626
Liberia,LBR,1961,6.428999999999999,6.428999999999999,False,1.1474026155048664,0.6668653869083103
Liberia,LBR,1962,6.452999999999999,6.452999999999999,False,1.1592178760594682,0.6697269583879812
Liberia,LBR,1963,6.476,6.476,False,1.1705408340909622,0.672469297722666
Liberia,LBR,1964,6.5,6.5,False,1.1823560946455642,0.6753308692023369
Liberia,LBR,1965,6.524,6.524,False,1.194171355200166,0.6781924406820078
Liberia,LBR,1966,6.5520000000000005,6.5520000000000005,False,1.207955825847202,0.6815309407416239
Liberia,LBR,1967,6.5829999999999975,6.5829999999999975,False,1.2232172040635614,0.6852271372361985
Liberia,LBR,1968,6.617000000000001,6.617000000000001,False,1.239955489849249,0.6892810301657327
Liberia,LBR,1969,6.655,6.655,False,1.2586629857273686,0.6938118516752116
Liberia,LBR,1970,6.695,6.695,False,1.2783550866517053,0.6985811374746631
Liberia,LBR,1971,6.7360000000000015,6.7360000000000015,False,1.298539490099151,0.7034696554191011
Liberia,LBR,1972,6.777,6.777,False,1.3187238935465952,0.7083581733635388
Liberia,LBR,1973,6.815,6.815,False,1.3374313894247152,0.7128889948730177
Liberia,LBR,1974,6.849,6.849,False,1.3541696752104013,0.7169428878025516
Liberia,LBR,1975,6.88,6.88,False,1.369431053426762,0.7206390842971264
Liberia,LBR,1976,6.907,6.907,False,1.3827232215506893,0.7238583522117562
Liberia,LBR,1977,6.93,6.93,False,1.3940461795821826,0.7266006915464408
Liberia,LBR,1978,6.95,6.95,False,1.4038922300443513,0.7289853344461666
Liberia,LBR,1979,6.964,6.964,False,1.4107844653678692,0.7306545844759746
Liberia,LBR,1980,6.973,6.973,False,1.4152151880758446,0.7317276737808512
Liberia,LBR,1981,6.973,6.973,False,1.4152151880758446,0.7317276737808512
Liberia,LBR,1982,6.964,6.964,False,1.4107844653678692,0.7306545844759746
Liberia,LBR,1983,6.9460000000000015,6.9460000000000015,False,1.4019230199519181,0.7285084058662217
Liberia,LBR,1984,6.9170000000000025,6.9170000000000025,False,1.3876462467817745,0.7250506736616193
Liberia,LBR,1985,6.875,6.875,False,1.36696954081122,0.720042923572195
Liberia,LBR,1986,6.82,6.82,False,1.3398929020402572,0.7134851555979491
Liberia,LBR,1987,6.752000000000002,6.752000000000002,False,1.3064163304688856,0.7053773697388818
Liberia,LBR,1988,6.672999999999999,6.672999999999999,False,1.2675244311433196,0.6959580302849646
Liberia,LBR,1989,6.5870000000000015,6.5870000000000015,False,1.225186414155997,0.6857040658161442
Liberia,LBR,1990,6.499,6.499,False,1.1818637921224555,0.6752116370573505
Liberia,LBR,1991,6.414,6.414,False,1.1400180776582403,0.665076904733516
Liberia,LBR,1992,6.336,6.336,False,1.101618480855784,0.6557767974245856
Liberia,LBR,1993,6.267,6.267,False,1.0676496067613035,0.6475497794205317
Liberia,LBR,1994,6.2079999999999975,6.2079999999999975,False,1.0386037578979057,0.6405150828663404
Liberia,LBR,1995,6.1560000000000015,6.1560000000000015,False,1.0130040266962699,0.6343150113270539
Liberia,LBR,1996,6.109,6.109,False,0.9898658081101737,0.6287111005126982
Liberia,LBR,1997,6.061,6.061,False,0.9662352870009697,0.6229879575533563
Liberia,LBR,1998,6.007999999999999,6.007999999999999,False,0.9401432532762233,0.616668653869083
Liberia,LBR,1999,5.948,5.948,False,0.910605101889719,0.6095147251699058
Liberia,LBR,2000,5.88,5.88,False,0.8771285303183465,0.6014069393108381
Liberia,LBR,2001,5.803999999999999,5.803999999999999,False,0.8397135385621067,0.5923452962918802
Liberia,LBR,2002,5.722,5.722,False,0.7993447316672171,0.5825682604030046
Liberia,LBR,2003,5.635,5.635,False,0.7565144121567847,0.5721950637891975
Liberia,LBR,2004,5.5470000000000015,5.5470000000000015,False,0.713191790123245,0.5617026350304043
Liberia,LBR,2005,5.456,5.456,False,0.6683922605203786,0.5508525098366519
Liberia,LBR,2006,5.3660000000000005,5.3660000000000005,False,0.6240850334406213,0.5401216167878861
Liberia,LBR,2007,5.277,5.277,False,0.5802701088839721,0.5295099558841063
Liberia,LBR,2008,5.19,5.19,False,0.5374397893735401,0.5191367592702992
Liberia,LBR,2009,5.106,5.106,False,0.49608637743243295,0.509121259091451
Liberia,LBR,2010,5.024,5.024,False,0.45571757053754297,0.4993442232025754
Liberia,LBR,2011,4.945,4.945,False,0.4168256712119783,0.4899248837486586
Libya,LBY,1960,7.536,7.536,False,1.6923815085858822,0.7988553714081315
Libya,LBY,1961,7.5710000000000015,7.5710000000000015,False,1.7096120968946777,0.8030284964826518
Libya,LBY,1962,7.607,7.607,False,1.72733498772658,0.807320853702158
Libya,LBY,1963,7.642,7.642,False,1.7445655760353747,0.8114939787766782
Libya,LBY,1964,7.676,7.676,False,1.7613038618210608,0.8155478717062119
Libya,LBY,1965,7.71,7.71,False,1.7780421476067467,0.8196017646357457
Libya,LBY,1966,7.7429999999999986,7.7429999999999986,False,1.7942881308693237,0.823536425420293
Libya,LBY,1967,7.776,7.776,False,1.810534114131902,0.8274710862048407
Libya,LBY,1968,7.808,7.808,False,1.8262877948713714,0.831286514844402
Libya,LBY,1969,7.837999999999999,7.837999999999999,False,1.8410568705646235,0.8348634791939905
Libya,LBY,1970,7.867000000000001,7.867000000000001,False,1.8553336437347685,0.8383212113985931
Libya,LBY,1971,7.898,7.898,False,1.8705950219511287,0.8420174078931679
Libya,LBY,1972,7.9289999999999985,7.9289999999999985,False,1.8858564001674891,0.8457136043877427
Libya,LBY,1973,7.957000000000002,7.957000000000002,False,1.8996408708145263,0.8490521044473591
Libya,LBY,1974,7.979,7.979,False,1.9104715263229106,0.8516752116370573
Libya,LBY,1975,7.992000000000001,7.992000000000001,False,1.9168714591233205,0.8532252295218791
Libya,LBY,1976,7.992000000000001,7.992000000000001,False,1.9168714591233205,0.8532252295218791
Libya,LBY,1977,7.976,7.976,False,1.9089946187535853,0.8513175152020984
Libya,LBY,1978,7.939,7.939,False,1.890779425398574,0.8469059258376057
Libya,LBY,1979,7.872999999999997,7.872999999999997,False,1.8582874588734168,0.8390366042685103
Libya,LBY,1980,7.769,7.769,False,1.8070879964701434,0.8266364611899367
Libya,LBY,1981,7.619,7.619,False,1.733242618003881,0.8087516394419935
Libya,LBY,1982,7.4220000000000015,7.4220000000000015,False,1.636259020951524,0.7852629068796949
Libya,LBY,1983,7.178999999999999,7.178999999999999,False,1.516629507836178,0.7562894956480266
Libya,LBY,1984,6.897,6.897,False,1.3778001963196052,0.7226660307618934
Libya,LBY,1985,6.584,6.584,False,1.2237095065866708,0.6853463693811851
Libya,LBY,1986,6.252000000000002,6.252000000000002,False,1.060265068914678,0.6457612972457376
Libya,LBY,1987,5.912999999999999,5.912999999999999,False,0.893374513580924,0.6053416000953856
Libya,LBY,1988,5.581,5.581,False,0.7299300759089306,0.565756527959938
Libya,LBY,1989,5.263,5.263,False,0.5733778735604542,0.5278407058542982
Libya,LBY,1990,4.966,4.966,False,0.42716402419725497,0.49242875879337067
Libya,LBY,1991,4.688,4.688,False,0.29030392277311523,0.4592822224871825
Libya,LBY,1992,4.426,4.426,False,0.16132066171871062,0.428043400500775
Libya,LBY,1993,4.178,4.178,False,0.03922963598782349,0.3984738285441755
Libya,LBY,1994,3.945,3.945,False,-0.07547685189643735,0.3706927387623703
Libya,LBY,1995,3.732,3.732,False,-0.18033728931852966,0.34529629188029093
Libya,LBY,1996,3.544,3.544,False,-0.27289016366291186,0.32288064862286875
Libya,LBY,1997,3.383,3.383,False,-0.35215086988336675,0.3036842732800763
Libya,LBY,1998,3.248,3.248,False,-0.4186117105030027,0.2875879337069274
Libya,LBY,1999,3.139,3.139,False,-0.4722726855218202,0.27459162990342195
Libya,LBY,2000,3.052,3.052,False,-0.5151030050322523,0.26421843328961486
Libya,LBY,2001,2.984,2.984,False,-0.5485795766036246,0.2561106474305473
Libya,LBY,2002,2.929,2.929,False,-0.5756562153745874,0.2495528794563014
Libya,LBY,2003,2.882,2.882,False,-0.5987944339606828,0.24394896864194587
Libya,LBY,2004,2.8360000000000003,2.8360000000000003,False,-0.6214403500236698,0.23846428997257665
Libya,LBY,2005,2.79,2.79,False,-0.6440862660866571,0.23297961130320735
Libya,LBY,2006,2.741,2.741,False,-0.6682090897189694,0.22713723619887924
Libya,LBY,2007,2.69,2.69,False,-0.6933165183974986,0.2210563968045785
Libya,LBY,2008,2.637,2.637,False,-0.7194085521222446,0.21473709312030523
Libya,LBY,2009,2.582,2.582,False,-0.7464851908932075,0.20817932514605936
Libya,LBY,2010,2.525,2.525,False,-0.7745464347103872,0.20138309288184095
Libya,LBY,2011,2.467,2.467,False,-0.8030999810506753,0.19446762847263624
Liechtenstein,LIE,1960,,1.57,False,-1.2446953442789237,0.08751639441993563
Liechtenstein,LIE,1961,,1.57,False,-1.2446953442789237,0.08751639441993563
Liechtenstein,LIE,1962,,1.57,False,-1.2446953442789237,0.08751639441993563
Liechtenstein,LIE,1963,,1.57,False,-1.2446953442789237,0.08751639441993563
Liechtenstein,LIE,1964,,1.57,False,-1.2446953442789237,0.08751639441993563
Liechtenstein,LIE,1965,,1.57,False,-1.2446953442789237,0.08751639441993563
Liechtenstein,LIE,1966,,1.57,False,-1.2446953442789237,0.08751639441993563
Liechtenstein,LIE,1967,,1.57,False,-1.2446953442789237,0.08751639441993563
Liechtenstein,LIE,1968,,1.57,False,-1.2446953442789237,0.08751639441993563
Liechtenstein,LIE,1969,,1.57,False,-1.2446953442789237,0.08751639441993563
Liechtenstein,LIE,1970,,1.57,False,-1.2446953442789237,0.08751639441993563
Liechtenstein,LIE,1971,,1.57,False,-1.2446953442789237,0.08751639441993563
Liechtenstein,LIE,1972,,1.57,False,-1.2446953442789237,0.08751639441993563
Liechtenstein,LIE,1973,,1.57,False,-1.2446953442789237,0.08751639441993563
Liechtenstein,LIE,1974,,1.57,False,-1.2446953442789237,0.08751639441993563
Liechtenstein,LIE,1975,,1.57,False,-1.2446953442789237,0.08751639441993563
Liechtenstein,LIE,1976,,1.57,False,-1.2446953442789237,0.08751639441993563
Liechtenstein,LIE,1977,,1.57,False,-1.2446953442789237,0.08751639441993563
Liechtenstein,LIE,1978,,1.57,False,-1.2446953442789237,0.08751639441993563
Liechtenstein,LIE,1979,,1.57,False,-1.2446953442789237,0.08751639441993563
Liechtenstein,LIE,1980,,1.57,False,-1.2446953442789237,0.08751639441993563
Liechtenstein,LIE,1981,,1.57,False,-1.2446953442789237,0.08751639441993563
Liechtenstein,LIE,1982,,1.57,False,-1.2446953442789237,0.08751639441993563
Liechtenstein,LIE,1983,,1.57,False,-1.2446953442789237,0.08751639441993563
Liechtenstein,LIE,1984,,1.57,False,-1.2446953442789237,0.08751639441993563
Liechtenstein,LIE,1985,,1.57,False,-1.2446953442789237,0.08751639441993563
Liechtenstein,LIE,1986,,1.57,False,-1.2446953442789237,0.08751639441993563
Liechtenstein,LIE,1987,,1.57,False,-1.2446953442789237,0.08751639441993563
Liechtenstein,LIE,1988,,1.57,False,-1.2446953442789237,0.08751639441993563
Liechtenstein,LIE,1989,,1.57,False,-1.2446953442789237,0.08751639441993563
Liechtenstein,LIE,1990,,1.57,False,-1.2446953442789237,0.08751639441993563
Liechtenstein,LIE,1991,,1.57,False,-1.2446953442789237,0.08751639441993563
Liechtenstein,LIE,1992,,1.57,False,-1.2446953442789237,0.08751639441993563
Liechtenstein,LIE,1993,,1.57,False,-1.2446953442789237,0.08751639441993563
Liechtenstein,LIE,1994,,1.57,False,-1.2446953442789237,0.08751639441993563
Liechtenstein,LIE,1995,,1.57,False,-1.2446953442789237,0.08751639441993563
Liechtenstein,LIE,1996,,1.57,False,-1.2446953442789237,0.08751639441993563
Liechtenstein,LIE,1997,,1.57,False,-1.2446953442789237,0.08751639441993563
Liechtenstein,LIE,1998,,1.57,False,-1.2446953442789237,0.08751639441993563
Liechtenstein,LIE,1999,,1.57,False,-1.2446953442789237,0.08751639441993563
Liechtenstein,LIE,2000,1.57,1.57,False,-1.2446953442789237,0.08751639441993563
Liechtenstein,LIE,2001,1.52,1.52,False,-1.2693104704343448,0.0815547871706212
Liechtenstein,LIE,2002,1.47,1.47,False,-1.2939255965897656,0.07559317992130678
Liechtenstein,LIE,2003,1.36,1.36,False,-1.348078874131691,0.062477643972815085
Liechtenstein,LIE,2004,1.44,1.44,False,-1.308694672283018,0.07201621557171813
Liechtenstein,LIE,2005,1.49,1.49,False,-1.2840795461275971,0.07797782282103255
Liechtenstein,LIE,2006,1.43,1.43,False,-1.3136176975141023,0.07082389412185525
Liechtenstein,LIE,2007,1.42,1.42,False,-1.3185407227451862,0.06963157267199237
Liechtenstein,LIE,2008,1.43,1.43,False,-1.3136176975141023,0.07082389412185525
Liechtenstein,LIE,2009,1.71,1.71,False,-1.1757729910437458,0.10420889471801598
Liechtenstein,LIE,2010,1.4,1.4,False,-1.3283867732073547,0.0672469297722666
Liechtenstein,LIE,2011,1.69,1.69,False,-1.185619041505914,0.1018242518182902
Lithuania,LTU,1960,2.56,2.56,False,-0.7573158464015927,0.20555621795636106
Lithuania,LTU,1961,2.53,2.53,False,-0.7720849220948452,0.20197925360677238
Lithuania,LTU,1962,2.45,2.45,False,-0.8114691239435182,0.19244068200786935
Lithuania,LTU,1963,2.35,2.35,False,-0.8606993762543599,0.1805174675092405
Lithuania,LTU,1964,2.28,2.28,False,-0.8951605528719491,0.1721712173602003
Lithuania,LTU,1965,2.23,2.23,False,-0.9197756790273698,0.1662096101108859
Lithuania,LTU,1966,2.22,2.22,False,-0.9246987042584538,0.16501728866102305
Lithuania,LTU,1967,2.23,2.23,False,-0.9197756790273698,0.1662096101108859
Lithuania,LTU,1968,2.24,2.24,False,-0.9148526537962854,0.1674019315607488
Lithuania,LTU,1969,2.3,2.3,False,-0.8853145024097807,0.17455586025992606
Lithuania,LTU,1970,2.37,2.37,False,-0.8508533257921915,0.18290211040896628
Lithuania,LTU,1971,2.38,2.38,False,-0.8459303005611075,0.18409443185882912
Lithuania,LTU,1972,2.33,2.33,False,-0.8705454267165281,0.17813282460951474
Lithuania,LTU,1973,2.25,2.25,False,-0.9099296285652014,0.16859425301061168
Lithuania,LTU,1974,2.21,2.21,False,-0.929621729489538,0.16382496721116013
Lithuania,LTU,1975,2.19,2.19,False,-0.9394677799517064,0.16144032431143437
Lithuania,LTU,1976,2.17,2.17,False,-0.9493138304138747,0.1590556814117086
Lithuania,LTU,1977,2.13,2.13,False,-0.9690059313382113,0.15428639561225707
Lithuania,LTU,1978,2.09,2.09,False,-0.9886980322625479,0.14951710981280553
Lithuania,LTU,1979,2.04,2.04,False,-1.0133131584179687,0.14355550256349114
Lithuania,LTU,1980,2.03,2.03,False,-1.018236183649053,0.14236318111362822
Lithuania,LTU,1981,1.98,1.98,False,-1.0428513098044736,0.1364015738643138
Lithuania,LTU,1982,1.99,1.99,False,-1.0379282845733893,0.13759389531417668
Lithuania,LTU,1983,2.04,2.04,False,-1.0133131584179687,0.14355550256349114
Lithuania,LTU,1984,2.09,2.09,False,-0.9886980322625479,0.14951710981280553
Lithuania,LTU,1985,2.1,2.1,False,-0.9837750070314637,0.15070943126266845
Lithuania,LTU,1986,2.14,2.14,False,-0.9640829061071271,0.15547871706211996
Lithuania,LTU,1987,2.16,2.16,False,-0.9542368556449587,0.15786335996184575
Lithuania,LTU,1988,2.09,2.09,False,-0.9886980322625479,0.14951710981280553
Lithuania,LTU,1989,1.98,1.98,False,-1.0428513098044736,0.1364015738643138
Lithuania,LTU,1990,2.03,2.03,False,-1.018236183649053,0.14236318111362822
Lithuania,LTU,1991,1.97,1.97,False,-1.047774335035558,0.13520925241445092
Lithuania,LTU,1992,1.89,1.89,False,-1.0871585368842311,0.12567068081554783
Lithuania,LTU,1993,1.67,1.67,False,-1.1954650919680825,0.09943960891856443
Lithuania,LTU,1994,1.57,1.57,False,-1.2446953442789237,0.08751639441993563
Lithuania,LTU,1995,1.55,1.55,False,-1.2545413947410924,0.08513175152020985
Lithuania,LTU,1996,1.49,1.49,False,-1.2840795461275971,0.07797782282103255
Lithuania,LTU,1997,1.47,1.47,False,-1.2939255965897656,0.07559317992130678
Lithuania,LTU,1998,1.46,1.46,False,-1.2988486218208497,0.0744008584714439
Lithuania,LTU,1999,1.46,1.46,False,-1.2988486218208497,0.0744008584714439
Lithuania,LTU,2000,1.39,1.39,False,-1.3333097984384388,0.06605460832240372
Lithuania,LTU,2001,1.3,1.3,False,-1.377617025518196,0.05532371527363778
Lithuania,LTU,2002,1.24,1.24,False,-1.4071551769047008,0.04816978657446048
Lithuania,LTU,2003,1.26,1.26,False,-1.3973091264425328,0.050554429474186244
Lithuania,LTU,2004,1.26,1.26,False,-1.3973091264425328,0.050554429474186244
Lithuania,LTU,2005,1.27,1.27,False,-1.3923861012114485,0.05174675092404913
Lithuania,LTU,2006,1.31,1.31,False,-1.372694000287112,0.05651603672350066
Lithuania,LTU,2007,1.35,1.35,False,-1.3530018993627753,0.0612853225229522
Lithuania,LTU,2008,1.47,1.47,False,-1.2939255965897656,0.07559317992130678
Lithuania,LTU,2009,1.55,1.55,False,-1.2545413947410924,0.08513175152020985
Lithuania,LTU,2010,1.55,1.55,False,-1.2545413947410924,0.08513175152020985
Lithuania,LTU,2011,1.76,1.76,False,-1.1511578648883252,0.11017050196733039
Luxembourg,LUX,1960,2.28,2.28,False,-0.8951605528719491,0.1721712173602003
Luxembourg,LUX,1961,,2.3245,False,-0.8732530905936244,0.17747704781209014
Luxembourg,LUX,1962,2.369,2.369,False,-0.8513456283152999,0.18278287826398001
Luxembourg,LUX,1963,,2.3545,False,-0.8584840149003721,0.18105401216167877
Luxembourg,LUX,1964,2.34,2.34,False,-0.8656224014854441,0.1793251460593776
Luxembourg,LUX,1965,2.42,2.42,False,-0.8262381996367708,0.18886371765828067
Luxembourg,LUX,1966,2.34,2.34,False,-0.8656224014854441,0.1793251460593776
Luxembourg,LUX,1967,2.24,2.24,False,-0.9148526537962854,0.1674019315607488
Luxembourg,LUX,1968,2.12,2.12,False,-0.9739289565692953,0.1530940741623942
Luxembourg,LUX,1969,2.02,2.02,False,-1.023159208880137,0.14117085966376536
Luxembourg,LUX,1970,1.98,1.98,False,-1.0428513098044736,0.1364015738643138
Luxembourg,LUX,1971,1.92,1.92,False,-1.0723894611909786,0.1292476451651365
Luxembourg,LUX,1972,1.72,1.72,False,-1.1708499658126617,0.10540121616787886
Luxembourg,LUX,1973,1.52,1.52,False,-1.2693104704343448,0.0815547871706212
Luxembourg,LUX,1974,1.55,1.55,False,-1.2545413947410924,0.08513175152020985
Luxembourg,LUX,1975,1.55,1.55,False,-1.2545413947410924,0.08513175152020985
Luxembourg,LUX,1976,,1.5,False,-1.279156520896513,0.07917014427089543
Luxembourg,LUX,1977,1.45,1.45,False,-1.3037716470519336,0.07320853702158102
Luxembourg,LUX,1978,1.49,1.49,False,-1.2840795461275971,0.07797782282103255
Luxembourg,LUX,1979,1.48,1.48,False,-1.2890025713586812,0.07678550137116967
Luxembourg,LUX,1980,1.5,1.5,False,-1.279156520896513,0.07917014427089543
Luxembourg,LUX,1981,1.55,1.55,False,-1.2545413947410924,0.08513175152020985
Luxembourg,LUX,1982,1.49,1.49,False,-1.2840795461275971,0.07797782282103255
Luxembourg,LUX,1983,1.44,1.44,False,-1.308694672283018,0.07201621557171813
Luxembourg,LUX,1984,1.43,1.43,False,-1.3136176975141023,0.07082389412185525
Luxembourg,LUX,1985,1.38,1.38,False,-1.338232823669523,0.06486228687254082
Luxembourg,LUX,1986,1.44,1.44,False,-1.308694672283018,0.07201621557171813
Luxembourg,LUX,1987,1.4,1.4,False,-1.3283867732073547,0.0672469297722666
Luxembourg,LUX,1988,1.51,1.51,False,-1.2742334956654289,0.08036246572075832
Luxembourg,LUX,1989,1.52,1.52,False,-1.2693104704343448,0.0815547871706212
Luxembourg,LUX,1990,1.62,1.62,False,-1.220080218123503,0.09347800166925004
Luxembourg,LUX,1991,1.6,1.6,False,-1.2299262685856713,0.09109335876952428
Luxembourg,LUX,1992,1.67,1.67,False,-1.1954650919680825,0.09943960891856443
Luxembourg,LUX,1993,1.69,1.69,False,-1.185619041505914,0.1018242518182902
Luxembourg,LUX,1994,1.72,1.72,False,-1.1708499658126617,0.10540121616787886
Luxembourg,LUX,1995,1.68,1.68,False,-1.1905420667369984,0.10063193036842732
Luxembourg,LUX,1996,1.76,1.76,False,-1.1511578648883252,0.11017050196733039
Luxembourg,LUX,1997,1.71,1.71,False,-1.1757729910437458,0.10420889471801598
Luxembourg,LUX,1998,1.68,1.68,False,-1.1905420667369984,0.10063193036842732
Luxembourg,LUX,1999,1.74,1.74,False,-1.1610039153504932,0.10778585906760463
Luxembourg,LUX,2000,1.76,1.76,False,-1.1511578648883252,0.11017050196733039
Luxembourg,LUX,2001,1.66,1.66,False,-1.2003881171991664,0.09824728746870155
Luxembourg,LUX,2002,1.63,1.63,False,-1.215157192892419,0.0946703231191129
Luxembourg,LUX,2003,1.62,1.62,False,-1.220080218123503,0.09347800166925004
Luxembourg,LUX,2004,1.66,1.66,False,-1.2003881171991664,0.09824728746870155
Luxembourg,LUX,2005,1.63,1.63,False,-1.215157192892419,0.0946703231191129
Luxembourg,LUX,2006,1.65,1.65,False,-1.2053111424302507,0.09705496601883867
Luxembourg,LUX,2007,1.61,1.61,False,-1.2250032433545872,0.09228568021938716
Luxembourg,LUX,2008,1.61,1.61,False,-1.2250032433545872,0.09228568021938716
Luxembourg,LUX,2009,1.59,1.59,False,-1.2348492938167557,0.08990103731966138
Luxembourg,LUX,2010,1.63,1.63,False,-1.215157192892419,0.0946703231191129
Luxembourg,LUX,2011,1.52,1.52,False,-1.2693104704343448,0.0815547871706212
"Macao SAR, China",MAC,1960,4.945,4.945,False,0.4168256712119783,0.4899248837486586
"Macao SAR, China",MAC,1961,4.763,4.763,False,0.3272266120062465,0.46822463336115416
"Macao SAR, China",MAC,1962,4.525,4.525,False,0.21005861150644384,0.4398473828544176
"Macao SAR, China",MAC,1963,4.242,4.242,False,0.0707369974667621,0.40610468582329795
"Macao SAR, China",MAC,1964,3.926,3.926,False,-0.0848305998354971,0.3684273280076309
"Macao SAR, China",MAC,1965,3.594,3.594,False,-0.24827503750749116,0.32884225587218313
"Macao SAR, China",MAC,1966,3.261,3.261,False,-0.4122117777025934,0.28913795159174915
"Macao SAR, China",MAC,1967,2.942,2.942,False,-0.5692562825741778,0.2511028973411232
"Macao SAR, China",MAC,1968,2.647,2.647,False,-0.7144855268911606,0.2159294145701681
"Macao SAR, China",MAC,1969,2.388,2.388,False,-0.8419918803762402,0.18504828901871945
"Macao SAR, China",MAC,1970,2.166,2.166,False,-0.9512830405063084,0.15857875283176345
"Macao SAR, China",MAC,1971,1.98,1.98,False,-1.0428513098044736,0.1364015738643138
"Macao SAR, China",MAC,1972,1.821,1.821,False,-1.1211274109787117,0.11744366281149397
"Macao SAR, China",MAC,1973,1.683,1.683,False,-1.189065159167673,0.1009896268033862
"Macao SAR, China",MAC,1974,1.568,1.568,False,-1.2456799493251407,0.08727793012996304
"Macao SAR, China",MAC,1975,1.484,1.484,False,-1.2870333612662477,0.07726242995111482
"Macao SAR, China",MAC,1976,1.44,1.44,False,-1.308694672283018,0.07201621557171813
"Macao SAR, China",MAC,1977,1.4409999999999998,1.4409999999999998,False,-1.3082023697599097,0.07213544771670441
"Macao SAR, China",MAC,1978,1.485,1.485,False,-1.286541058743139,0.07738166209610112
"Macao SAR, China",MAC,1979,1.5630000000000002,1.5630000000000002,False,-1.2481414619406828,0.08668176940503161
"Macao SAR, China",MAC,1980,1.665,1.665,False,-1.1979266045836243,0.09884344819363301
"Macao SAR, China",MAC,1981,1.777,1.777,False,-1.1427887219954818,0.11219744843209728
"Macao SAR, China",MAC,1982,1.882,1.882,False,-1.0910969570690985,0.12471682365565753
"Macao SAR, China",MAC,1983,1.966,1.966,False,-1.0497435451279913,0.13473232383450576
"Macao SAR, China",MAC,1984,2.021,2.021,False,-1.0226669063570286,0.14129009180875163
"Macao SAR, China",MAC,1985,2.04,2.04,False,-1.0133131584179687,0.14355550256349114
"Macao SAR, China",MAC,1986,2.019,2.019,False,-1.0236515114032454,0.1410516275187791
"Macao SAR, China",MAC,1987,1.966,1.966,False,-1.0497435451279913,0.13473232383450576
"Macao SAR, China",MAC,1988,1.891,1.891,False,-1.0866662343611226,0.12578991296053418
"Macao SAR, China",MAC,1989,1.798,1.798,False,-1.1324503690102052,0.11470132347680935
"Macao SAR, China",MAC,1990,1.694,1.694,False,-1.1836498314134805,0.10230118039823535
"Macao SAR, China",MAC,1991,1.589,1.589,False,-1.235341596339864,0.08978180517467509
"Macao SAR, China",MAC,1992,1.487,1.487,False,-1.2855564536969224,0.0776201263860737
"Macao SAR, China",MAC,1993,1.394,1.394,False,-1.331340588346005,0.06653153690234886
"Macao SAR, China",MAC,1994,1.3119999999999998,1.3119999999999998,False,-1.3717093952408952,0.056754501013473214
"Macao SAR, China",MAC,1995,1.242,1.242,False,-1.4061705718584843,0.04840825086443305
"Macao SAR, China",MAC,1996,1.179,1.179,False,-1.4371856308143143,0.0408966257302969
"Macao SAR, China",MAC,1997,1.119,1.119,False,-1.4667237822008194,0.03374269703111959
"Macao SAR, China",MAC,1998,1.057,1.057,False,-1.497246538633541,0.02635030404196971
"Macao SAR, China",MAC,1999,0.996,0.996,False,-1.5272769925431544,0.01907714319780613
"Macao SAR, China",MAC,2000,0.939,0.939,False,-1.555338236360334,0.012280910933587692
"Macao SAR, China",MAC,2001,0.8909999999999999,0.8909999999999999,False,-1.578968757469538,0.006557767974245849
"Macao SAR, China",MAC,2002,0.856,0.856,False,-1.5961993457783326,0.002384642899725768
"Macao SAR, China",MAC,2003,0.838,0.838,False,-1.605060791194284,0.0002384642899725768
"Macao SAR, China",MAC,2004,0.836,0.836,False,-1.6060453962405008,0.0
"Macao SAR, China",MAC,2005,0.8490000000000001,0.8490000000000001,False,-1.5996454634400914,0.0015500178848217624
"Macao SAR, China",MAC,2006,0.8740000000000001,0.8740000000000001,False,-1.587337900362381,0.004530821509478973
"Macao SAR, China",MAC,2007,0.906,0.906,False,-1.5715842196229117,0.008346250149040188
"Macao SAR, China",MAC,2008,0.939,0.939,False,-1.555338236360334,0.012280910933587692
"Macao SAR, China",MAC,2009,0.973,0.973,False,-1.538599950574648,0.016334803863121496
"Macao SAR, China",MAC,2010,1.003,1.003,False,-1.5238308748813953,0.019911768212710138
"Macao SAR, China",MAC,2011,1.031,1.031,False,-1.51004640423436,0.02325026827232621
"Macedonia, FYR",MKD,1960,3.72,3.72,False,-0.18624491959583064,0.34386550614045547
"Macedonia, FYR",MKD,1961,3.666,3.666,False,-0.21282925584368523,0.3374269703111959
"Macedonia, FYR",MKD,1962,3.602,3.602,False,-0.24433661732262382,0.32979611303207346
"Macedonia, FYR",MKD,1963,3.528,3.528,False,-0.2807670040326465,0.3209729343030881
"Macedonia, FYR",MKD,1964,3.446,3.446,False,-0.3211358109275365,0.31119589841421247
"Macedonia, FYR",MKD,1965,3.358,3.358,False,-0.3644584329610771,0.3007034696554191
"Macedonia, FYR",MKD,1966,3.27,3.27,False,-0.4077810549946177,0.29021104089662575
"Macedonia, FYR",MKD,1967,3.185,3.185,False,-0.44962676945883295,0.28007630857279125
"Macedonia, FYR",MKD,1968,3.108,3.108,False,-0.4875340637381809,0.27089543340884703
"Macedonia, FYR",MKD,1969,3.039,3.039,False,-0.5215029378326616,0.26266841540479313
"Macedonia, FYR",MKD,1970,2.98,2.98,False,-0.5505487866960582,0.2556337188506021
"Macedonia, FYR",MKD,1971,2.928,2.928,False,-0.5761485178976958,0.24943364731131512
"Macedonia, FYR",MKD,1972,2.88,2.88,False,-0.5997790390068998,0.24371050435197328
"Macedonia, FYR",MKD,1973,2.834,2.834,False,-0.6224249550698868,0.23822582568260403
"Macedonia, FYR",MKD,1974,2.789,2.789,False,-0.6445785686097655,0.23286037915822108
"Macedonia, FYR",MKD,1975,2.745,2.745,False,-0.6662398796265357,0.2276141647788244
"Macedonia, FYR",MKD,1976,2.7030000000000003,2.7030000000000003,False,-0.6869165855970891,0.2226064146894003
"Macedonia, FYR",MKD,1977,2.665,2.665,False,-0.705624081475209,0.2180755931799213
"Macedonia, FYR",MKD,1978,2.629,2.629,False,-0.723346972307112,0.21378323596041493
"Macedonia, FYR",MKD,1979,2.597,2.597,False,-0.7391006530465812,0.2099678073208537
"Macedonia, FYR",MKD,1980,2.567,2.567,False,-0.7538697287398336,0.2063908429712651
"Macedonia, FYR",MKD,1981,2.537,2.537,False,-0.7686388044330862,0.2028138786216764
"Macedonia, FYR",MKD,1982,2.507,2.507,False,-0.7834078801263386,0.19923691427208778
"Macedonia, FYR",MKD,1983,2.474,2.474,False,-0.7996538633889163,0.19530225348754027
"Macedonia, FYR",MKD,1984,2.44,2.44,False,-0.8163921491746026,0.19124836055800645
"Macedonia, FYR",MKD,1985,2.404,2.404,False,-0.8341150400065055,0.18695600333850004
"Macedonia, FYR",MKD,1986,2.369,2.369,False,-0.8513456283152999,0.18278287826398001
"Macedonia, FYR",MKD,1987,2.336,2.336,False,-0.8675916115778778,0.17884821747943244
"Macedonia, FYR",MKD,1988,2.305,2.305,False,-0.8828529897942385,0.17515202098485755
"Macedonia, FYR",MKD,1989,2.275,2.275,False,-0.8976220654874911,0.17157505663526887
"Macedonia, FYR",MKD,1990,2.244,2.244,False,-0.9128834437038518,0.16787886014069398
"Macedonia, FYR",MKD,1991,2.208,2.208,False,-0.9306063345357548,0.1635865029211876
"Macedonia, FYR",MKD,1992,2.164,2.164,False,-0.9522676455525251,0.15834028854179089
"Macedonia, FYR",MKD,1993,2.113,2.113,False,-0.9773750742310543,0.15225944914749018
"Macedonia, FYR",MKD,1994,2.0540000000000003,2.0540000000000003,False,-1.0064209230944507,0.1452247525932992
"Macedonia, FYR",MKD,1995,1.989,1.989,False,-1.038420587096498,0.1374746631691904
"Macedonia, FYR",MKD,1996,1.92,1.92,False,-1.0723894611909786,0.1292476451651365
"Macedonia, FYR",MKD,1997,1.852,1.852,False,-1.1058660327623506,0.12113985930606891
"Macedonia, FYR",MKD,1998,1.788,1.788,False,-1.1373733942412891,0.11350900202694647
"Macedonia, FYR",MKD,1999,1.729,1.729,False,-1.1664192431046858,0.10647430547275546
"Macedonia, FYR",MKD,2000,1.6780000000000002,1.6780000000000002,False,-1.1915266717832151,0.10039346607845477
"Macedonia, FYR",MKD,2001,1.635,1.635,False,-1.212695680276877,0.09526648384404436
"Macedonia, FYR",MKD,2002,1.598,1.598,False,-1.2309108736318883,0.0908548944795517
"Macedonia, FYR",MKD,2003,1.567,1.567,False,-1.246172251848249,0.08715869798497675
"Macedonia, FYR",MKD,2004,1.54,1.54,False,-1.2594644199721763,0.08393943007034697
"Macedonia, FYR",MKD,2005,1.519,1.519,False,-1.269802772957453,0.0814355550256349
"Macedonia, FYR",MKD,2006,1.501,1.501,False,-1.2786642183734047,0.07928937641588171
"Macedonia, FYR",MKD,2007,1.486,1.486,False,-1.286048756220031,0.0775008942410874
"Macedonia, FYR",MKD,2008,1.473,1.473,False,-1.2924486890204403,0.07595087635626566
"Macedonia, FYR",MKD,2009,1.462,1.462,False,-1.297864016774633,0.07463932276141648
"Macedonia, FYR",MKD,2010,1.452,1.452,False,-1.302787042005717,0.07344700131155359
"Macedonia, FYR",MKD,2011,1.443,1.443,False,-1.3072177647136927,0.072373912006677
Madagascar,MDG,1960,7.3,7.3,False,1.5761981131322964,0.7707165851913675
Madagascar,MDG,1961,7.3,7.3,False,1.5761981131322964,0.7707165851913675
Madagascar,MDG,1962,7.3,7.3,False,1.5761981131322964,0.7707165851913675
Madagascar,MDG,1963,7.3,7.3,False,1.5761981131322964,0.7707165851913675
Madagascar,MDG,1964,7.3,7.3,False,1.5761981131322964,0.7707165851913675
Madagascar,MDG,1965,7.301,7.301,False,1.576690415655405,0.7708358173363539
Madagascar,MDG,1966,7.3039999999999985,7.3039999999999985,False,1.5781673232247293,0.7711935137713125
Madagascar,MDG,1967,7.31,7.31,False,1.5811211383633805,0.7719089066412304
Madagascar,MDG,1968,7.316,7.316,False,1.584074953502031,0.7726242995111481
Madagascar,MDG,1969,7.322,7.322,False,1.5870287686406817,0.7733396923810658
Madagascar,MDG,1970,7.325,7.325,False,1.588505676210007,0.7736973888160248
Madagascar,MDG,1971,7.325,7.325,False,1.588505676210007,0.7736973888160248
Madagascar,MDG,1972,7.318,7.318,False,1.5850595585482479,0.7728627638011206
Madagascar,MDG,1973,7.3,7.3,False,1.5761981131322964,0.7707165851913675
Madagascar,MDG,1974,7.269,7.269,False,1.5609367349159358,0.7670203886967926
Madagascar,MDG,1975,7.216,7.216,False,1.5348447011911897,0.7607010850125193
Madagascar,MDG,1976,7.129,7.129,False,1.4920143816807572,0.7503278883987121
Madagascar,MDG,1977,7.007999999999999,7.007999999999999,False,1.4324457763846388,0.7359007988553712
Madagascar,MDG,1978,6.857,6.857,False,1.3581080953952684,0.7178967449624418
Madagascar,MDG,1979,6.687,6.687,False,1.274416666466838,0.6976272803147728
Madagascar,MDG,1980,6.513999999999999,6.513999999999999,False,1.1892483299690817,0.6770001192321449
Madagascar,MDG,1981,6.359,6.359,False,1.1129414388872776,0.6585191367592702
Madagascar,MDG,1982,6.24,6.24,False,1.0543574386373762,0.6443305115059019
Madagascar,MDG,1983,6.165,6.165,False,1.017434749404245,0.6353881006319303
Madagascar,MDG,1984,6.135,6.135,False,1.0026656737109925,0.6318111362823416
Madagascar,MDG,1985,6.146,6.146,False,1.008081001465185,0.6331226898771908
Madagascar,MDG,1986,6.182,6.182,False,1.0258038922970882,0.6374150470966973
Madagascar,MDG,1987,6.225,6.225,False,1.0469729007907498,0.6425420293311076
Madagascar,MDG,1988,6.256,6.256,False,1.0622342790071109,0.6462382258256826
Madagascar,MDG,1989,6.268,6.268,False,1.0681419092844116,0.6476690115655179
Madagascar,MDG,1990,6.257999999999999,6.257999999999999,False,1.0632188840533272,0.646476690115655
Madagascar,MDG,1991,6.225,6.225,False,1.0469729007907498,0.6425420293311076
Madagascar,MDG,1992,6.178999999999999,6.178999999999999,False,1.0243269847277625,0.6370573506617383
Madagascar,MDG,1993,6.126,6.126,False,0.998234951003017,0.630738046977465
Madagascar,MDG,1994,6.066,6.066,False,0.9686967996165118,0.6235841182782877
Madagascar,MDG,1995,5.999,5.999,False,0.9357125305682479,0.6155955645642064
Madagascar,MDG,1996,5.924,5.924,False,0.8987898413351171,0.6066531536902349
Madagascar,MDG,1997,5.841,5.841,False,0.8579287319171185,0.5967568856563729
Madagascar,MDG,1998,5.749,5.749,False,0.812636899791144,0.5857875283176344
Madagascar,MDG,1999,5.651,5.651,False,0.7643912525265193,0.5741027781089781
Madagascar,MDG,2000,5.547999999999999,5.547999999999999,False,0.7136840926463522,0.5618218671753903
Madagascar,MDG,2001,5.443,5.443,False,0.6619923277199689,0.5493024919518301
Madagascar,MDG,2002,5.3370000000000015,5.3370000000000015,False,0.6098082602704777,0.5366638845832837
Madagascar,MDG,2003,5.233,5.233,False,0.5586087978672016,0.5242637415047096
Madagascar,MDG,2004,5.132999999999999,5.132999999999999,False,0.5093785455563599,0.5123405270060807
Madagascar,MDG,2005,5.039,5.039,False,0.46310210838416904,0.5011327053773696
Madagascar,MDG,2006,4.952,4.952,False,0.42027178887373706,0.4907595087635626
Madagascar,MDG,2007,4.87,4.87,False,0.37990298197884703,0.480982472874687
Madagascar,MDG,2008,4.794,4.794,False,0.34248799022260723,0.47192082985572903
Madagascar,MDG,2009,4.722,4.722,False,0.3070422085588017,0.4633361154167164
Madagascar,MDG,2010,4.654,4.654,False,0.2735656369874292,0.45522832955764875
Madagascar,MDG,2011,4.59,4.59,False,0.2420582755084906,0.44759747227852625
Malawi,MWI,1960,6.912999999999999,6.912999999999999,False,1.3856770366893394,0.7245737450816738
Malawi,MWI,1961,6.9460000000000015,6.9460000000000015,False,1.4019230199519181,0.7285084058662217
Malawi,MWI,1962,6.983,6.983,False,1.4201382133069287,0.732919995230714
Malawi,MWI,1963,7.021,7.021,False,1.4388457091850486,0.7374508167401931
Malawi,MWI,1964,7.06,7.06,False,1.4580455075862766,0.7421008703946583
Malawi,MWI,1965,7.101,7.101,False,1.4782299110337218,0.7469893883390961
Malawi,MWI,1966,7.141,7.141,False,1.4979220119580585,0.7517586741385477
Malawi,MWI,1967,7.182,7.182,False,1.5181064154055037,0.7566471920829856
Malawi,MWI,1968,7.222,7.222,False,1.5377985163298402,0.761416477882437
Malawi,MWI,1969,7.263,7.263,False,1.557982919777285,0.7663049958268748
Malawi,MWI,1970,7.3039999999999985,7.3039999999999985,False,1.5781673232247293,0.7711935137713125
Malawi,MWI,1971,7.346,7.346,False,1.5988440291952837,0.7762012638607367
Malawi,MWI,1972,7.3889999999999985,7.3889999999999985,False,1.6200130376889448,0.781328246095147
Malawi,MWI,1973,7.433,7.433,False,1.6416743487057157,0.7865744604745438
Malawi,MWI,1974,7.477,7.477,False,1.6633356597224862,0.7918206748539406
Malawi,MWI,1975,7.518,7.518,False,1.683520063169931,0.7967091927983784
Malawi,MWI,1976,7.555,7.555,False,1.7017352565249422,0.801120782162871
Malawi,MWI,1977,7.584,7.584,False,1.7160120296950863,0.8045785143674733
Malawi,MWI,1978,7.605,7.605,False,1.7263503826803634,0.8070823894121855
Malawi,MWI,1979,7.617000000000001,7.617000000000001,False,1.7322580129576646,0.808513175152021
Malawi,MWI,1980,7.621,7.621,False,1.7342272230500981,0.8089901037319661
Malawi,MWI,1981,7.619,7.619,False,1.733242618003881,0.8087516394419935
Malawi,MWI,1982,7.612999999999999,7.612999999999999,False,1.73028880286523,0.8080362465720756
Malawi,MWI,1983,7.601,7.601,False,1.7243811725879294,0.8066054608322403
Malawi,MWI,1984,7.582999999999997,7.582999999999997,False,1.7155197271719764,0.8044592822224867
Malawi,MWI,1985,7.548999999999999,7.548999999999999,False,1.6987814413862912,0.8004053892929531
Malawi,MWI,1986,7.49,7.49,False,1.6697355925228956,0.7933706927387623
Malawi,MWI,1987,7.402,7.402,False,1.6264129704893548,0.782878263979969
Malawi,MWI,1988,7.287000000000001,7.287000000000001,False,1.5697981803318874,0.7691665673065459
Malawi,MWI,1989,7.148,7.148,False,1.5013681296198171,0.7525932991534516
Malawi,MWI,1990,6.997000000000001,6.997000000000001,False,1.427030448630447,0.7345892452605223
Malawi,MWI,1991,6.85,6.85,False,1.3546619777335094,0.7170621199475378
Malawi,MWI,1992,6.718999999999999,6.718999999999999,False,1.2901703472063069,0.7014427089543339
Malawi,MWI,1993,6.614,6.614,False,1.2384785822799234,0.6889233337307737
Malawi,MWI,1994,6.5360000000000005,6.5360000000000005,False,1.2000789854774674,0.6796232264218434
Malawi,MWI,1995,6.483,6.483,False,1.1739869517527208,0.6733039227375699
Malawi,MWI,1996,6.4460000000000015,6.4460000000000015,False,1.1557717583977105,0.6688923333730775
Malawi,MWI,1997,6.4110000000000005,6.4110000000000005,False,1.1385411700889154,0.6647192082985572
Malawi,MWI,1998,6.369,6.369,False,1.1178644641183617,0.6597114582091331
Malawi,MWI,1999,6.317,6.317,False,1.092264732916724,0.6535113866698461
Malawi,MWI,2000,6.254,6.254,False,1.0612496739608936,0.6459997615357099
Malawi,MWI,2001,6.186,6.186,False,1.0277731023895216,0.6378919756766424
Malawi,MWI,2002,6.119,6.119,False,0.9947888333412578,0.629903421962561
Malawi,MWI,2003,6.058,6.058,False,0.9647583794316444,0.6226302611183975
Malawi,MWI,2004,6.002000000000002,6.002000000000002,False,0.937189438137574,0.6159532609991655
Malawi,MWI,2005,5.95,5.95,False,0.9115897069359358,0.6097531894598783
Malawi,MWI,2006,5.899,5.899,False,0.8864822782574064,0.6036723500655776
Malawi,MWI,2007,5.843,5.843,False,0.8589133369633352,0.5969953499463455
Malawi,MWI,2008,5.7810000000000015,5.7810000000000015,False,0.8283905805306142,0.5896029569571958
Malawi,MWI,2009,5.7120000000000015,5.7120000000000015,False,0.7944217064361335,0.5813759389531419
Malawi,MWI,2010,5.636,5.636,False,0.7570067146798932,0.5723142959341838
Malawi,MWI,2011,5.553999999999999,5.553999999999999,False,0.7166379077850028,0.5625372600453081
Malaysia,MYS,1960,6.194,6.194,False,1.031711522574389,0.6388458328365326
Malaysia,MYS,1961,6.136,6.136,False,1.003157976234101,0.631930368427328
Malaysia,MYS,1962,6.0520000000000005,6.0520000000000005,False,0.9618045642929942,0.6219148682484797
Malaysia,MYS,1963,5.942,5.942,False,0.9076512867510684,0.6087993322999881
Malaysia,MYS,1964,5.808,5.808,False,0.8416827486545406,0.5928222248718253
Malaysia,MYS,1965,5.655,5.655,False,0.7663604626189532,0.5745797066889233
Malaysia,MYS,1966,5.492000000000001,5.492000000000001,False,0.6861151513522818,0.5551448670561584
Malaysia,MYS,1967,5.3260000000000005,5.3260000000000005,False,0.6043929325162847,0.5353523309884345
Malaysia,MYS,1968,5.165,5.165,False,0.5251322262958296,0.516155955645642
Malaysia,MYS,1969,5.013999999999999,5.013999999999999,False,0.4507945453064585,0.4981519017527124
Malaysia,MYS,1970,4.872,4.872,False,0.38088758702506376,0.4812209371646595
Malaysia,MYS,1971,4.737,4.737,False,0.3144267464054278,0.4651245975915107
Malaysia,MYS,1972,4.603,4.603,False,0.24845820830889995,0.449147490163348
Malaysia,MYS,1973,4.468999999999999,4.468999999999999,False,0.1824896702123721,0.4331703827351853
Malaysia,MYS,1974,4.337,4.337,False,0.11750573716206145,0.4174317395969953
Malaysia,MYS,1975,4.209,4.209,False,0.054491014204184215,0.4021700250387504
Malaysia,MYS,1976,4.092,4.092,False,-0.0031083809995003857,0.3882198640753547
Malaysia,MYS,1977,3.99,3.99,False,-0.05332323835655847,0.37605818528675333
Malaysia,MYS,1978,3.906,3.906,False,-0.09467665029766541,0.3660426851079051
Malaysia,MYS,1979,3.839,3.839,False,-0.12766091934592932,0.35805413139382375
Malaysia,MYS,1980,3.789,3.789,False,-0.15227604550135002,0.35209252414450937
Malaysia,MYS,1981,3.753,3.753,False,-0.16999893633325297,0.347800166925003
Malaysia,MYS,1982,3.725,3.725,False,-0.18378340698028864,0.34446166686538693
Malaysia,MYS,1983,3.702,3.702,False,-0.19510636501178225,0.3417193275307023
Malaysia,MYS,1984,3.679,3.679,False,-0.20642932304327585,0.3389769881960176
Malaysia,MYS,1985,3.656,3.656,False,-0.21775228107476927,0.33623464886133303
Malaysia,MYS,1986,3.63,3.63,False,-0.23055214667558818,0.3331346130916895
Malaysia,MYS,1987,3.604,3.604,False,-0.24335201227640688,0.33003457732204605
Malaysia,MYS,1988,3.576,3.576,False,-0.25713648292344254,0.32669607726242994
Malaysia,MYS,1989,3.5460000000000003,3.5460000000000003,False,-0.2719055586166949,0.32311911291284134
Malaysia,MYS,1990,3.515,3.515,False,-0.28716693683305583,0.31942291641826637
Malaysia,MYS,1991,3.485,3.485,False,-0.3019360125263084,0.3158459520686777
Malaysia,MYS,1992,3.454,3.454,False,-0.31719739074266917,0.3121497555741028
Malaysia,MYS,1993,3.422,3.422,False,-0.3329510714821385,0.30833432693454155
Malaysia,MYS,1994,3.385,3.385,False,-0.35116626483715,0.30392273757004884
Malaysia,MYS,1995,3.339,3.339,False,-0.373812180900137,0.29843805890067965
Malaysia,MYS,1996,3.275,3.275,False,-0.40531954237907564,0.29080720162155715
Malaysia,MYS,1997,3.19,3.19,False,-0.44716525684329095,0.28067246929772266
Malaysia,MYS,1998,3.085,3.085,False,-0.49885702176967456,0.2681530940741624
Malaysia,MYS,1999,2.9610000000000003,2.9610000000000003,False,-0.5599025346351179,0.2533683080958627
Malaysia,MYS,2000,2.825,2.825,False,-0.6268556777778624,0.23715273637772746
Malaysia,MYS,2001,2.6830000000000003,2.6830000000000003,False,-0.6967626360592574,0.22022177178967453
Malaysia,MYS,2002,2.544,2.544,False,-0.7651926867713272,0.20364850363658044
Malaysia,MYS,2003,2.418,2.418,False,-0.8272228046829876,0.18862525336830813
Malaysia,MYS,2004,2.307,2.307,False,-0.8818683847480218,0.1753904852748301
Malaysia,MYS,2005,2.216,2.216,False,-0.9266679143508875,0.1645403600810779
Malaysia,MYS,2006,2.146,2.146,False,-0.9611290909684767,0.15619410993203767
Malaysia,MYS,2007,2.093,2.093,False,-0.9872211246932227,0.1498748062477644
Malaysia,MYS,2008,2.052,2.052,False,-1.0074055281406677,0.1449862883033266
Malaysia,MYS,2009,2.023,2.023,False,-1.0216823013108116,0.14152855609872425
Malaysia,MYS,2010,2.002,2.002,False,-1.0320206542960886,0.13902468105401214
Malaysia,MYS,2011,1.986,1.986,False,-1.0398974946658233,0.13711696673423154
Maldives,MDV,1960,7.021,7.021,False,1.4388457091850486,0.7374508167401931
Maldives,MDV,1961,7.075,7.075,False,1.465430045432903,0.7438893525694527
Maldives,MDV,1962,7.117999999999999,7.117999999999999,False,1.4865990539265646,0.749016334803863
Maldives,MDV,1963,7.152,7.152,False,1.5033373397122511,0.7530702277333968
Maldives,MDV,1964,7.178999999999999,7.178999999999999,False,1.516629507836178,0.7562894956480266
Maldives,MDV,1965,7.2010000000000005,7.2010000000000005,False,1.5274601633445637,0.758912602837725
Maldives,MDV,1966,7.218,7.218,False,1.5358293062374064,0.7609395493024919
Maldives,MDV,1967,7.231,7.231,False,1.5422292390378158,0.7624895671873136
Maldives,MDV,1968,7.237,7.237,False,1.5451830541764664,0.7632049600572314
Maldives,MDV,1969,7.237,7.237,False,1.5451830541764664,0.7632049600572314
Maldives,MDV,1970,7.227,7.227,False,1.5402600289453823,0.7620126386073685
Maldives,MDV,1971,7.2010000000000005,7.2010000000000005,False,1.5274601633445637,0.758912602837725
Maldives,MDV,1972,7.159,7.159,False,1.5067834573740098,0.7539048527483009
Maldives,MDV,1973,7.103,7.103,False,1.4792145160799386,0.7472278526290687
Maldives,MDV,1974,7.04,7.04,False,1.4481994571241086,0.7397162274949326
Maldives,MDV,1975,6.981,6.981,False,1.419153608260712,0.7326815309407415
Maldives,MDV,1976,6.941,6.941,False,1.3994615073363752,0.72791224514129
Maldives,MDV,1977,6.931,6.931,False,1.3945384821052913,0.7267199236914271
Maldives,MDV,1978,6.952999999999999,6.952999999999999,False,1.405369137613676,0.7293430308811254
Maldives,MDV,1979,7.002000000000002,7.002000000000002,False,1.4294919612459895,0.7351854059854538
Maldives,MDV,1980,7.0710000000000015,7.0710000000000015,False,1.4634608353404701,0.7434124239895077
Maldives,MDV,1981,7.146,7.146,False,1.5003835245736004,0.7523548348634791
Maldives,MDV,1982,7.21,7.21,False,1.531890886052539,0.7599856921426016
Maldives,MDV,1983,7.245,7.245,False,1.5491214743613337,0.7641588172171216
Maldives,MDV,1984,7.24,7.24,False,1.5466599617457917,0.7635626564921902
Maldives,MDV,1985,7.183,7.183,False,1.5185987179286118,0.7567664242279718
Maldives,MDV,1986,7.064,7.064,False,1.4600147176787104,0.7425777989746035
Maldives,MDV,1987,6.888,6.888,False,1.3733694736116293,0.7215929414570167
Maldives,MDV,1988,6.664,6.664,False,1.2630937084353442,0.6948849409800881
Maldives,MDV,1989,6.397,6.397,False,1.1316489347653975,0.6630499582687492
Maldives,MDV,1990,6.099,6.099,False,0.9849427828790897,0.6275187790628353
Maldives,MDV,1991,5.783,5.783,False,0.8293751855768304,0.5898414212471682
Maldives,MDV,1992,5.461,5.461,False,0.6708537731359207,0.5514486705615834
Maldives,MDV,1993,5.146,5.146,False,0.5157784783567696,0.5138905448909025
Maldives,MDV,1994,4.845,4.845,False,0.3675954189011365,0.47800166925002974
Maldives,MDV,1995,4.56,4.56,False,0.227289199815238,0.4440205079289376
Maldives,MDV,1996,4.289,4.289,False,0.09387521605285748,0.41170859663765347
Maldives,MDV,1997,4.024,4.024,False,-0.036584952570872444,0.3801120782162871
Maldives,MDV,1998,3.763,3.763,False,-0.16507591110216893,0.34899248837486585
Maldives,MDV,1999,3.51,3.51,False,-0.2896284494485981,0.3188267556933349
Maldives,MDV,2000,3.2710000000000004,3.2710000000000004,False,-0.4072887524715091,0.2903302730416121
Maldives,MDV,2001,3.055,3.055,False,-0.513626097462927,0.2645761297245738
Maldives,MDV,2002,2.869,2.869,False,-0.6051943667610922,0.24239895075712414
Maldives,MDV,2003,2.715,2.715,False,-0.6810089553197883,0.22403720042923572
Maldives,MDV,2004,2.596,2.596,False,-0.7395929555696896,0.20984857517586744
Maldives,MDV,2005,2.508,2.508,False,-0.7829155776032303,0.19935614641707405
Maldives,MDV,2006,2.449,2.449,False,-0.8119614264666268,0.19232144986288302
Maldives,MDV,2007,2.41,2.41,False,-0.8311612248678549,0.1876713962084178
Maldives,MDV,2008,2.382,2.382,False,-0.8449456955148905,0.18433289614880174
Maldives,MDV,2009,2.36,2.36,False,-0.8557763510232758,0.18170978895910336
Maldives,MDV,2010,2.339,2.339,False,-0.8661147040085525,0.17920591391439133
Maldives,MDV,2011,2.314,2.314,False,-0.8784222670862628,0.17622511028973412
Mali,MLI,1960,6.702999999999999,6.702999999999999,False,1.2822935068365722,0.6995349946345534
Mali,MLI,1961,6.725,6.725,False,1.2931241623449574,0.7021581018242518
Mali,MLI,1962,6.747000000000001,6.747000000000001,False,1.303954817853343,0.7047812090139501
Mali,MLI,1963,6.77,6.77,False,1.3152777758848362,0.7075235483486346
Mali,MLI,1964,6.7929999999999975,6.7929999999999975,False,1.3266007339163286,0.710265887683319
Mali,MLI,1965,6.816,6.816,False,1.3379236919478232,0.7130082270180039
Mali,MLI,1966,6.837999999999999,6.837999999999999,False,1.3487543474562083,0.7156313342077022
Mali,MLI,1967,6.858,6.858,False,1.3586003979183767,0.718015977107428
Mali,MLI,1968,6.875,6.875,False,1.36696954081122,0.720042923572195
Mali,MLI,1969,6.888999999999999,6.888999999999999,False,1.3738617761347374,0.7217121736020029
Mali,MLI,1970,6.901,6.901,False,1.3797694064120387,0.7231429593418385
Mali,MLI,1971,6.912999999999999,6.912999999999999,False,1.3856770366893394,0.7245737450816738
Mali,MLI,1972,6.924,6.924,False,1.3910923644435325,0.7258852986765232
Mali,MLI,1973,6.937,6.937,False,1.3974922972439419,0.7274353165613449
Mali,MLI,1974,6.9510000000000005,6.9510000000000005,False,1.4043845325674598,0.729104566591153
Mali,MLI,1975,6.966,6.966,False,1.4117690704140857,0.7308930487659473
Mali,MLI,1976,6.982,6.982,False,1.4196459107838204,0.7328007630857278
Mali,MLI,1977,6.999,6.999,False,1.4280150536766634,0.7348277095504947
Mali,MLI,1978,7.016,7.016,False,1.4363841965695066,0.7368546560152617
Mali,MLI,1979,7.0310000000000015,7.0310000000000015,False,1.4437687344161334,0.7386431381900561
Mali,MLI,1980,7.046,7.046,False,1.4511532722627591,0.7404316203648503
Mali,MLI,1981,7.059,7.059,False,1.4575532050631685,0.741981638249672
Mali,MLI,1982,7.07,7.07,False,1.4629685328173612,0.7432931918445213
Mali,MLI,1983,7.08,7.08,False,1.467891558048445,0.7444855132943841
Mali,MLI,1984,7.087999999999999,7.087999999999999,False,1.471829978233312,0.7454393704542743
Mali,MLI,1985,7.093,7.093,False,1.4742914908488545,0.7460355311792058
Mali,MLI,1986,7.095,7.095,False,1.4752760958950712,0.7462739954691784
Mali,MLI,1987,7.0920000000000005,7.0920000000000005,False,1.4737991883257464,0.7459162990342196
Mali,MLI,1988,7.086,7.086,False,1.4708453731870956,0.7452009061643019
Mali,MLI,1989,7.0760000000000005,7.0760000000000005,False,1.4659223479560117,0.744008584714439
Mali,MLI,1990,7.062,7.062,False,1.4590301126324938,0.742339334684631
Mali,MLI,1991,7.044,7.044,False,1.450168667216542,0.7401931560748777
Mali,MLI,1992,7.023,7.023,False,1.4398303142312652,0.7376892810301656
Mali,MLI,1993,6.999,6.999,False,1.4280150536766634,0.7348277095504947
Mali,MLI,1994,6.973,6.973,False,1.4152151880758446,0.7317276737808512
Mali,MLI,1995,6.947,6.947,False,1.4024153224750258,0.7286276380112078
Mali,MLI,1996,6.921,6.921,False,1.3896154568742072,0.7255276022415643
Mali,MLI,1997,6.896,6.896,False,1.3773078937964967,0.7225467986169071
Mali,MLI,1998,6.8729999999999976,6.8729999999999976,False,1.3659849357650018,0.7198044592822221
Mali,MLI,1999,6.853,6.853,False,1.3561388853028347,0.7174198163824966
Mali,MLI,2000,6.836,6.836,False,1.347769742409992,0.7153928699177298
Mali,MLI,2001,6.822,6.822,False,1.340877507086474,0.7137236198879218
Mali,MLI,2002,6.811,6.811,False,1.3354621793322814,0.7124120662930725
Mali,MLI,2003,6.803,6.803,False,1.331523759147414,0.7114582091331823
Mali,MLI,2004,6.7970000000000015,6.7970000000000015,False,1.3285699440087642,0.7107428162632646
Mali,MLI,2005,6.796,6.796,False,1.3280776414856552,0.7106235841182782
Mali,MLI,2006,6.799,6.799,False,1.3295545490549805,0.7109812805532372
Mali,MLI,2007,6.806,6.806,False,1.3330006667167393,0.7118159055681411
Mali,MLI,2008,6.817,6.817,False,1.338415994470932,0.7131274591629903
Mali,MLI,2009,6.83,6.83,False,1.3448159272713414,0.714677477047812
Mali,MLI,2010,6.841,6.841,False,1.350231255025534,0.7159890306426612
Mali,MLI,2011,6.85,6.85,False,1.3546619777335094,0.7170621199475378
Malta,MLT,1960,3.62,3.62,False,-0.23547517190667225,0.33194229164182665
Malta,MLT,1961,3.274,3.274,False,-0.405811844902184,0.2906879694765709
Malta,MLT,1962,3.237,3.237,False,-0.42402703825719534,0.28627638011207823
Malta,MLT,1963,2.904,2.904,False,-0.5879637784522977,0.2465720758316442
Malta,MLT,1964,2.79,2.79,False,-0.6440862660866571,0.23297961130320735
Malta,MLT,1965,2.52,2.52,False,-0.7770079473259293,0.20078693215690951
Malta,MLT,1966,2.326,2.326,False,-0.8725146368089618,0.17765589602956958
Malta,MLT,1967,2.236,2.236,False,-0.9168218638887191,0.16692500298080365
Malta,MLT,1968,2.12,2.12,False,-0.9739289565692953,0.1530940741623942
Malta,MLT,1969,2.019,2.019,False,-1.0236515114032454,0.1410516275187791
Malta,MLT,1970,2.025,2.025,False,-1.0206976962645948,0.1417670203886968
Malta,MLT,1971,2.06,2.06,False,-1.0034671079558004,0.1459401454632169
Malta,MLT,1972,2.007,2.007,False,-1.0295591416805463,0.13962084177894363
Malta,MLT,1973,1.649,1.649,False,-1.205803444953359,0.09693573387385239
Malta,MLT,1974,1.64,1.64,False,-1.210234167661335,0.09586264456897578
Malta,MLT,1975,2.274,2.274,False,-0.8981143680105994,0.1714558244902826
Malta,MLT,1976,2.205,2.205,False,-0.9320832421050801,0.1632288064862287
Malta,MLT,1977,2.18,2.18,False,-0.9443908051827904,0.1602480028615715
Malta,MLT,1978,2.1180000000000003,2.1180000000000003,False,-0.9749135616155121,0.15285560987242167
Malta,MLT,1979,2.1,2.1,False,-0.9837750070314637,0.15070943126266845
Malta,MLT,1980,1.99,1.99,False,-1.0379282845733893,0.13759389531417668
Malta,MLT,1981,1.87,1.87,False,-1.0970045873463992,0.12328603791582213
Malta,MLT,1982,1.98,1.98,False,-1.0428513098044736,0.1364015738643138
Malta,MLT,1983,1.965,1.965,False,-1.0502358476510998,0.1346130916895195
Malta,MLT,1984,1.95,1.95,False,-1.057620385497726,0.13282460951472516
Malta,MLT,1985,1.99,1.99,False,-1.0379282845733893,0.13759389531417668
Malta,MLT,1986,1.98,1.98,False,-1.0428513098044736,0.1364015738643138
Malta,MLT,1987,1.98,1.98,False,-1.0428513098044736,0.1364015738643138
Malta,MLT,1988,2.08,2.08,False,-0.993621057493632,0.14832478836294266
Malta,MLT,1989,2.11,2.11,False,-0.9788519818003797,0.15190175271253128
Malta,MLT,1990,2.05,2.05,False,-1.0083901331868845,0.14474782401335398
Malta,MLT,1991,2.04,2.04,False,-1.0133131584179687,0.14355550256349114
Malta,MLT,1992,2.12,2.12,False,-0.9739289565692953,0.1530940741623942
Malta,MLT,1993,2.01,2.01,False,-1.0280822341112212,0.13997853821390246
Malta,MLT,1994,1.89,1.89,False,-1.0871585368842311,0.12567068081554783
Malta,MLT,1995,1.83,1.83,False,-1.1166966882707359,0.11851675211637058
Malta,MLT,1996,2.1,2.1,False,-0.9837750070314637,0.15070943126266845
Malta,MLT,1997,1.95,1.95,False,-1.057620385497726,0.13282460951472516
Malta,MLT,1998,1.88,1.88,False,-1.0920815621153153,0.12447835936568499
Malta,MLT,1999,1.77,1.77,False,-1.1462348396572408,0.11136282341719328
Malta,MLT,2000,1.7,1.7,False,-1.18069601627483,0.10301657326815308
Malta,MLT,2001,1.48,1.48,False,-1.2890025713586812,0.07678550137116967
Malta,MLT,2002,1.45,1.45,False,-1.3037716470519336,0.07320853702158102
Malta,MLT,2003,1.48,1.48,False,-1.2890025713586812,0.07678550137116967
Malta,MLT,2004,1.4,1.4,False,-1.3283867732073547,0.0672469297722666
Malta,MLT,2005,1.38,1.38,False,-1.338232823669523,0.06486228687254082
Malta,MLT,2006,1.39,1.39,False,-1.3333097984384388,0.06605460832240372
Malta,MLT,2007,1.37,1.37,False,-1.343155848900607,0.06366996542267797
Malta,MLT,2008,1.44,1.44,False,-1.308694672283018,0.07201621557171813
Malta,MLT,2009,1.43,1.43,False,-1.3136176975141023,0.07082389412185525
Malta,MLT,2010,1.38,1.38,False,-1.338232823669523,0.06486228687254082
Malta,MLT,2011,1.38,1.38,False,-1.338232823669523,0.06486228687254082
Marshall Islands,MHL,1960,,5.9,False,0.886974580780515,0.603791582210564
Marshall Islands,MHL,1961,,5.9,False,0.886974580780515,0.603791582210564
Marshall Islands,MHL,1962,,5.9,False,0.886974580780515,0.603791582210564
Marshall Islands,MHL,1963,,5.9,False,0.886974580780515,0.603791582210564
Marshall Islands,MHL,1964,,5.9,False,0.886974580780515,0.603791582210564
Marshall Islands,MHL,1965,,5.9,False,0.886974580780515,0.603791582210564
Marshall Islands,MHL,1966,,5.9,False,0.886974580780515,0.603791582210564
Marshall Islands,MHL,1967,,5.9,False,0.886974580780515,0.603791582210564
Marshall Islands,MHL,1968,,5.9,False,0.886974580780515,0.603791582210564
Marshall Islands,MHL,1969,,5.9,False,0.886974580780515,0.603791582210564
Marshall Islands,MHL,1970,,5.9,False,0.886974580780515,0.603791582210564
Marshall Islands,MHL,1971,,5.9,False,0.886974580780515,0.603791582210564
Marshall Islands,MHL,1972,,5.9,False,0.886974580780515,0.603791582210564
Marshall Islands,MHL,1973,,5.9,False,0.886974580780515,0.603791582210564
Marshall Islands,MHL,1974,,5.9,False,0.886974580780515,0.603791582210564
Marshall Islands,MHL,1975,,5.9,False,0.886974580780515,0.603791582210564
Marshall Islands,MHL,1976,,5.9,False,0.886974580780515,0.603791582210564
Marshall Islands,MHL,1977,,5.9,False,0.886974580780515,0.603791582210564
Marshall Islands,MHL,1978,,5.9,False,0.886974580780515,0.603791582210564
Marshall Islands,MHL,1979,,5.9,False,0.886974580780515,0.603791582210564
Marshall Islands,MHL,1980,,5.9,False,0.886974580780515,0.603791582210564
Marshall Islands,MHL,1981,,5.9,False,0.886974580780515,0.603791582210564
Marshall Islands,MHL,1982,,5.9,False,0.886974580780515,0.603791582210564
Marshall Islands,MHL,1983,,5.9,False,0.886974580780515,0.603791582210564
Marshall Islands,MHL,1984,,5.9,False,0.886974580780515,0.603791582210564
Marshall Islands,MHL,1985,,5.9,False,0.886974580780515,0.603791582210564
Marshall Islands,MHL,1986,,5.9,False,0.886974580780515,0.603791582210564
Marshall Islands,MHL,1987,5.9,5.9,False,0.886974580780515,0.603791582210564
Marshall Islands,MHL,1988,,5.884166666666667,False,0.8791797908312986,0.6019037399149477
Marshall Islands,MHL,1989,,5.868333333333334,False,0.871385000882082,0.6000158976193315
Marshall Islands,MHL,1990,,5.8525,False,0.8635902109328651,0.5981280553237152
Marshall Islands,MHL,1991,,5.836666666666667,False,0.8557954209836487,0.596240213028099
Marshall Islands,MHL,1992,,5.820833333333334,False,0.8480006310344322,0.5943523707324828
Marshall Islands,MHL,1993,,5.805,False,0.8402058410852152,0.5924645284368665
Marshall Islands,MHL,1994,,5.789166666666667,False,0.8324110511359988,0.5905766861412503
Marshall Islands,MHL,1995,,5.773333333333333,False,0.8246162611867823,0.588688843845634
Marshall Islands,MHL,1996,,5.7575,False,0.8168214712375659,0.5868010015500178
Marshall Islands,MHL,1997,,5.741666666666667,False,0.8090266812883493,0.5849131592544017
Marshall Islands,MHL,1998,,5.725833333333333,False,0.8012318913391324,0.5830253169587853
Marshall Islands,MHL,1999,5.71,5.71,False,0.793437101389916,0.5811374746631691
Marshall Islands,MHL,2000,,5.508333333333333,False,0.6941560925630519,0.5570923254242676
Marshall Islands,MHL,2001,,5.306666666666667,False,0.5948750837361884,0.5330471761853661
Marshall Islands,MHL,2002,,5.105,False,0.49559407490932483,0.5090020269464648
Marshall Islands,MHL,2003,,4.903333333333333,False,0.39631306608246086,0.48495687770756324
Marshall Islands,MHL,2004,,4.701666666666666,False,0.29703205725559684,0.46091172846866174
Marshall Islands,MHL,2005,4.5,4.5,False,0.19775104842873328,0.43686657922976035
Marshall Islands,MHL,2006,4.5,4.5,False,0.19775104842873328,0.43686657922976035
Marshall Islands,MHL,2007,4.5,4.5,False,0.19775104842873328,0.43686657922976035
Marshall Islands,MHL,2008,,4.5,False,0.19775104842873328,0.43686657922976035
Marshall Islands,MHL,2009,,4.5,False,0.19775104842873328,0.43686657922976035
Marshall Islands,MHL,2010,,4.5,False,0.19775104842873328,0.43686657922976035
Marshall Islands,MHL,2011,,4.5,False,0.19775104842873328,0.43686657922976035
Mauritania,MRT,1960,6.775,6.775,False,1.3177392885003785,0.7081197090735663
Mauritania,MRT,1961,6.787000000000001,6.787000000000001,False,1.3236469187776798,0.7095504948134017
Mauritania,MRT,1962,6.794,6.794,False,1.327093036439438,0.7103851198283055
Mauritania,MRT,1963,6.797999999999999,6.797999999999999,False,1.3290622465318715,0.7108620484082507
Mauritania,MRT,1964,6.799,6.799,False,1.3295545490549805,0.7109812805532372
Mauritania,MRT,1965,6.799,6.799,False,1.3295545490549805,0.7109812805532372
Mauritania,MRT,1966,6.797999999999999,6.797999999999999,False,1.3290622465318715,0.7108620484082507
Mauritania,MRT,1967,6.797999999999999,6.797999999999999,False,1.3290622465318715,0.7108620484082507
Mauritania,MRT,1968,6.795,6.795,False,1.3275853389625467,0.7105043519732919
Mauritania,MRT,1969,6.791,6.791,False,1.3256161288701132,0.7100274233933468
Mauritania,MRT,1970,6.784,6.784,False,1.322170011208354,0.7091927983784427
Mauritania,MRT,1971,6.774,6.774,False,1.31724698597727,0.7080004769285799
Mauritania,MRT,1972,6.759,6.759,False,1.309862448130644,0.7062119947537856
Mauritania,MRT,1973,6.739,6.739,False,1.3000163976684753,0.7038273518540598
Mauritania,MRT,1974,6.712999999999999,6.712999999999999,False,1.2872165320676563,0.7007273160844162
Mauritania,MRT,1975,6.681,6.681,False,1.2714628513281874,0.6969118874448551
Mauritania,MRT,1976,6.641,6.641,False,1.2517707504038507,0.6921426016454035
Mauritania,MRT,1977,6.593999999999999,6.593999999999999,False,1.228632531817755,0.6865386908310479
Mauritania,MRT,1978,6.541,6.541,False,1.2025404980930094,0.6802193871467748
Mauritania,MRT,1979,6.484,6.484,False,1.1744792542758296,0.6734231548825562
Mauritania,MRT,1980,6.426,6.426,False,1.1459257079355414,0.6665076904733516
Mauritania,MRT,1981,6.367999999999999,6.367999999999999,False,1.117372161595253,0.6595922260641468
Mauritania,MRT,1982,6.314,6.314,False,1.0907878253473988,0.6531536902348872
Mauritania,MRT,1983,6.263999999999999,6.263999999999999,False,1.0661726991919778,0.6471920829855727
Mauritania,MRT,1984,6.218999999999999,6.218999999999999,False,1.0440190856520992,0.6418266364611898
Mauritania,MRT,1985,6.178,6.178,False,1.0238346822046542,0.6369381185167521
Mauritania,MRT,1986,6.141,6.141,False,1.005619488849643,0.6325265291522594
Mauritania,MRT,1987,6.104,6.104,False,0.9874042954946317,0.6281149397877667
Mauritania,MRT,1988,6.065,6.065,False,0.9682044970934036,0.6234648861333015
Mauritania,MRT,1989,6.023,6.023,False,0.9475277911228498,0.6184571360438773
Mauritania,MRT,1990,5.978,5.978,False,0.9253741775829711,0.6130916895194943
Mauritania,MRT,1991,5.928,5.928,False,0.9007590514275505,0.60713008227018
Mauritania,MRT,1992,5.875,5.875,False,0.8746670177028045,0.6008107785859067
Mauritania,MRT,1993,5.818,5.818,False,0.8466057738856246,0.5940145463216883
Mauritania,MRT,1994,5.757999999999999,5.757999999999999,False,0.8170676224991195,0.5868606176225108
Mauritania,MRT,1995,5.6960000000000015,5.6960000000000015,False,0.7865448660663988,0.5794682246333612
Mauritania,MRT,1996,5.632999999999999,5.632999999999999,False,0.7555298071105675,0.5719565994992248
Mauritania,MRT,1997,5.569,5.569,False,0.7240224456316293,0.5643257422201025
Mauritania,MRT,1998,5.505,5.505,False,0.6925150841526907,0.55669488494098
Mauritania,MRT,1999,5.442,5.442,False,0.6615000251968607,0.5491832598068439
Mauritania,MRT,2000,5.381,5.381,False,0.6314695712872473,0.5419100989626803
Mauritania,MRT,2001,5.3210000000000015,5.3210000000000015,False,0.6019314199007431,0.5347561702635032
Mauritania,MRT,2002,5.263,5.263,False,0.5733778735604542,0.5278407058542982
Mauritania,MRT,2003,5.205,5.205,False,0.5448243272201662,0.5209252414450936
Mauritania,MRT,2004,5.15,5.15,False,0.5177476884492035,0.5143674734708478
Mauritania,MRT,2005,5.095,5.095,False,0.4906710496782403,0.5078097054966018
Mauritania,MRT,2006,5.042,5.042,False,0.4645790159534944,0.5014904018123285
Mauritania,MRT,2007,4.99,4.99,False,0.43897928475185694,0.4952903302730416
Mauritania,MRT,2008,4.939,4.939,False,0.41387185607332766,0.4892094908787408
Mauritania,MRT,2009,4.888,4.888,False,0.38876442739479844,0.4831286514844401
Mauritania,MRT,2010,4.837,4.837,False,0.36365699871626916,0.4770478120901394
Mauritania,MRT,2011,4.783,4.783,False,0.33707266246841505,0.47060927626087995
Mauritius,MUS,1960,6.1670000000000025,6.1670000000000025,False,1.018419354450463,0.6356265649219032
Mauritius,MUS,1961,6.178,6.178,False,1.0238346822046542,0.6369381185167521
Mauritius,MUS,1962,6.124,6.124,False,0.9972503459567997,0.6304995826874924
Mauritius,MUS,1963,5.992999999999999,5.992999999999999,False,0.9327587154295972,0.6148801716942887
Mauritius,MUS,1964,5.785,5.785,False,0.8303597906230472,0.5900798855371407
Mauritius,MUS,1965,5.51,5.51,False,0.6949765967682328,0.5572910456659115
Mauritius,MUS,1966,5.187,5.187,False,0.5359628818042148,0.5187790628353404
Mauritius,MUS,1967,4.847,4.847,False,0.3685800239473536,0.4782401335400024
Mauritius,MUS,1968,4.516,4.516,False,0.20562788879846794,0.43877429354954095
Mauritius,MUS,1969,4.213,4.213,False,0.056460224296618094,0.4026469536186956
Mauritius,MUS,1970,3.952,3.952,False,-0.07203073423467839,0.37152736377727436
Mauritius,MUS,1971,3.741,3.741,False,-0.17590656661055398,0.3463693811851675
Mauritius,MUS,1972,3.575,3.575,False,-0.2576287854465509,0.32657684511744367
Mauritius,MUS,1973,3.444,3.444,False,-0.3221204159737534,0.3109574341242399
Mauritius,MUS,1974,3.341,3.341,False,-0.3728275758539201,0.29867652319065224
Mauritius,MUS,1975,3.255,3.255,False,-0.415165592841244,0.28842255872183137
Mauritius,MUS,1976,3.169,3.169,False,-0.45750360982856764,0.2781685942530106
Mauritius,MUS,1977,3.071,3.071,False,-0.5057492570931923,0.2664838440443544
Mauritius,MUS,1978,2.954,2.954,False,-0.5633486522968769,0.25253368308095864
Mauritius,MUS,1979,2.818,2.818,False,-0.6303017954396214,0.23631811136282344
Mauritius,MUS,1980,2.672,2.672,False,-0.70217796381345,0.21891021819482534
Mauritius,MUS,1981,2.532,2.532,False,-0.7711003170486282,0.20221771789674498
Mauritius,MUS,1982,2.412,2.412,False,-0.8301766198216382,0.18790986049839037
Mauritius,MUS,1983,2.325,2.325,False,-0.8730069393320702,0.1775366638845833
Mauritius,MUS,1984,2.16,2.16,False,-0.9542368556449587,0.15786335996184575
Mauritius,MUS,1985,2.02,2.02,False,-1.023159208880137,0.14117085966376536
Mauritius,MUS,1986,1.99,1.99,False,-1.0379282845733893,0.13759389531417668
Mauritius,MUS,1987,2.05,2.05,False,-1.0083901331868845,0.14474782401335398
Mauritius,MUS,1988,2.14,2.14,False,-0.9640829061071271,0.15547871706211996
Mauritius,MUS,1989,2.23,2.23,False,-0.9197756790273698,0.1662096101108859
Mauritius,MUS,1990,2.32,2.32,False,-0.8754684519476125,0.17694050315965182
Mauritius,MUS,1991,2.3,2.3,False,-0.8853145024097807,0.17455586025992606
Mauritius,MUS,1992,2.37,2.37,False,-0.8508533257921915,0.18290211040896628
Mauritius,MUS,1993,2.21,2.21,False,-0.929621729489538,0.16382496721116013
Mauritius,MUS,1994,2.25,2.25,False,-0.9099296285652014,0.16859425301061168
Mauritius,MUS,1995,2.14,2.14,False,-0.9640829061071271,0.15547871706211996
Mauritius,MUS,1996,2.12,2.12,False,-0.9739289565692953,0.1530940741623942
Mauritius,MUS,1997,2.04,2.04,False,-1.0133131584179687,0.14355550256349114
Mauritius,MUS,1998,1.97,1.97,False,-1.047774335035558,0.13520925241445092
Mauritius,MUS,1999,2.05,2.05,False,-1.0083901331868845,0.14474782401335398
Mauritius,MUS,2000,1.99,1.99,False,-1.0379282845733893,0.13759389531417668
Mauritius,MUS,2001,1.91,1.91,False,-1.0773124864220627,0.12805532371527362
Mauritius,MUS,2002,1.94,1.94,False,-1.0625434107288103,0.1316322880648623
Mauritius,MUS,2003,1.87,1.87,False,-1.0970045873463992,0.12328603791582213
Mauritius,MUS,2004,1.87,1.87,False,-1.0970045873463992,0.12328603791582213
Mauritius,MUS,2005,1.82,1.82,False,-1.12161971350182,0.11732443066650769
Mauritius,MUS,2006,1.7,1.7,False,-1.18069601627483,0.10301657326815308
Mauritius,MUS,2007,1.66,1.66,False,-1.2003881171991664,0.09824728746870155
Mauritius,MUS,2008,1.58,1.58,False,-1.2397723190478398,0.0887087158697985
Mauritius,MUS,2009,1.5,1.5,False,-1.279156520896513,0.07917014427089543
Mauritius,MUS,2010,1.47,1.47,False,-1.2939255965897656,0.07559317992130678
Mauritius,MUS,2011,1.45,1.45,False,-1.3037716470519336,0.07320853702158102
Mexico,MEX,1960,6.783,6.783,False,1.3216777086852458,0.7090735662334565
Mexico,MEX,1961,6.776,6.776,False,1.3182315910234867,0.7082389412185525
Mexico,MEX,1962,6.771,6.771,False,1.3157700784079447,0.707642780493621
Mexico,MEX,1963,6.768,6.768,False,1.3142931708386194,0.7072850840586621
Mexico,MEX,1964,6.767,6.767,False,1.3138008683155111,0.7071658519136759
Mexico,MEX,1965,6.769,6.769,False,1.314785473361728,0.7074043162036484
Mexico,MEX,1966,6.773,6.773,False,1.3167546834541615,0.7078812447835936
Mexico,MEX,1967,6.777,6.777,False,1.3187238935465952,0.7083581733635388
Mexico,MEX,1968,6.775,6.775,False,1.3177392885003785,0.7081197090735663
Mexico,MEX,1969,6.76,6.76,False,1.310354750653752,0.7063312268987718
Mexico,MEX,1970,6.72,6.72,False,1.2906626497294154,0.7015619410993202
Mexico,MEX,1971,6.643,6.643,False,1.2527553554500674,0.6923810659353761
Mexico,MEX,1972,6.525,6.525,False,1.1946636577232748,0.6783116728269941
Mexico,MEX,1973,6.364,6.364,False,1.1154029515028197,0.6591152974842016
Mexico,MEX,1974,6.164,6.164,False,1.0169424468811363,0.635268868486944
Mexico,MEX,1975,5.932,5.932,False,0.9027282615199843,0.6076070108501251
Mexico,MEX,1976,5.678999999999999,5.678999999999999,False,0.7781757231735548,0.5774412781685941
Mexico,MEX,1977,5.4179999999999975,5.4179999999999975,False,0.6496847646422574,0.5463216883271726
Mexico,MEX,1978,5.162999999999999,5.162999999999999,False,0.5241476212496124,0.5159174913556693
Mexico,MEX,1979,4.924,4.924,False,0.4064873182267016,0.48742100870394656
Mexico,MEX,1980,4.705,4.705,False,0.29867306566595847,0.46130916895194946
Mexico,MEX,1981,4.51,4.51,False,0.20267407365981732,0.4380589006796232
Mexico,MEX,1982,4.334,4.334,False,0.11602882959273614,0.41707404316203645
Mexico,MEX,1983,4.174,4.174,False,0.03726042589539005,0.3979968999642304
Mexico,MEX,1984,4.029,4.029,False,-0.034123439955330424,0.3807082389412185
Mexico,MEX,1985,3.898,3.898,False,-0.09861507048253274,0.3650888279480148
Mexico,MEX,1986,3.778,3.778,False,-0.15769137325554264,0.3507809705496602
Mexico,MEX,1987,3.669,3.669,False,-0.21135234827435992,0.33778466674615476
Mexico,MEX,1988,3.5660000000000003,3.5660000000000003,False,-0.2620595081545266,0.3255037558125671
Mexico,MEX,1989,3.468,3.468,False,-0.31030515541915143,0.3138190056039108
Mexico,MEX,1990,3.375,3.375,False,-0.3560892900682341,0.30273041612018603
Mexico,MEX,1991,3.285,3.285,False,-0.4003965171479914,0.2919995230714201
Mexico,MEX,1992,3.199,3.199,False,-0.44273453413531527,0.28174555860259926
Mexico,MEX,1993,3.117,3.117,False,-0.48310334103020525,0.2719685227137236
Mexico,MEX,1994,3.04,3.04,False,-0.5210106353095533,0.2627876475497794
Mexico,MEX,1995,2.966,2.966,False,-0.5574410220195759,0.2539644688207941
Mexico,MEX,1996,2.8960000000000004,2.8960000000000004,False,-0.5919021986371649,0.24561821867175396
Mexico,MEX,1997,2.8310000000000004,2.8310000000000004,False,-0.6239018626392119,0.23786812924764522
Mexico,MEX,1998,2.77,2.77,False,-0.6539323165488254,0.2305949684034816
Mexico,MEX,1999,2.712,2.712,False,-0.6824858628891134,0.22367950399427688
Mexico,MEX,2000,2.659,2.659,False,-0.7085778966138596,0.21736020031000355
Mexico,MEX,2001,2.61,2.61,False,-0.7327007202461719,0.21151782520567544
Mexico,MEX,2002,2.565,2.565,False,-0.7548543337860506,0.20615237868129246
Mexico,MEX,2003,2.523,2.523,False,-0.775531039756604,0.20114462859186838
Mexico,MEX,2004,2.484,2.484,False,-0.7947308381578322,0.19649457493740313
Mexico,MEX,2005,2.448,2.448,False,-0.8124537289897352,0.19220221771789675
Mexico,MEX,2006,2.4130000000000003,2.4130000000000003,False,-0.8296843172985295,0.1880290926433767
Mexico,MEX,2007,2.379,2.379,False,-0.8464226030842158,0.18397519971384285
Mexico,MEX,2008,2.346,2.346,False,-0.8626685863467936,0.18004053892929536
Mexico,MEX,2009,2.313,2.313,False,-0.8789145696093712,0.17610587814474785
Mexico,MEX,2010,2.281,2.281,False,-0.8946682503488405,0.17229044950518663
Mexico,MEX,2011,2.248,2.248,False,-0.9109142336114181,0.1683557887206391
"Micronesia, Fed. Sts.",FSM,1960,6.934,6.934,False,1.3960153896746166,0.727077620126386
"Micronesia, Fed. Sts.",FSM,1961,6.9170000000000025,6.9170000000000025,False,1.3876462467817745,0.7250506736616193
"Micronesia, Fed. Sts.",FSM,1962,6.905,6.905,False,1.3817386165044725,0.7236198879217837
"Micronesia, Fed. Sts.",FSM,1963,6.897,6.897,False,1.3778001963196052,0.7226660307618934
"Micronesia, Fed. Sts.",FSM,1964,6.893,6.893,False,1.3758309862271714,0.7221891021819482
"Micronesia, Fed. Sts.",FSM,1965,6.894,6.894,False,1.3763232887502799,0.7223083343269345
"Micronesia, Fed. Sts.",FSM,1966,6.9,6.9,False,1.3792771038889304,0.7230237271968523
"Micronesia, Fed. Sts.",FSM,1967,6.9110000000000005,6.9110000000000005,False,1.384692431643123,0.7243352807917014
"Micronesia, Fed. Sts.",FSM,1968,6.924,6.924,False,1.3910923644435325,0.7258852986765232
"Micronesia, Fed. Sts.",FSM,1969,6.935,6.935,False,1.3965076921977246,0.7271968522713722
"Micronesia, Fed. Sts.",FSM,1970,6.938,6.938,False,1.39798459976705,0.7275545487063311
"Micronesia, Fed. Sts.",FSM,1971,6.925,6.925,False,1.3915846669666405,0.7260045308215094
"Micronesia, Fed. Sts.",FSM,1972,6.894,6.894,False,1.3763232887502799,0.7223083343269345
"Micronesia, Fed. Sts.",FSM,1973,6.8420000000000005,6.8420000000000005,False,1.3507235575486425,0.7161082627876475
"Micronesia, Fed. Sts.",FSM,1974,6.77,6.77,False,1.3152777758848362,0.7075235483486346
"Micronesia, Fed. Sts.",FSM,1975,6.682,6.682,False,1.2719551538512959,0.6970311195898414
"Micronesia, Fed. Sts.",FSM,1976,6.586,6.586,False,1.224694111632888,0.6855848336711577
"Micronesia, Fed. Sts.",FSM,1977,6.49,6.49,False,1.1774330694144801,0.6741385477524741
"Micronesia, Fed. Sts.",FSM,1978,6.398,6.398,False,1.1321412372885056,0.6631691904137355
"Micronesia, Fed. Sts.",FSM,1979,6.311,6.311,False,1.0893109177780735,0.6527959937999284
"Micronesia, Fed. Sts.",FSM,1980,6.223,6.223,False,1.045988295744533,0.642303565041135
"Micronesia, Fed. Sts.",FSM,1981,6.129,6.129,False,0.9997118585723418,0.6310957434124239
"Micronesia, Fed. Sts.",FSM,1982,6.02,6.02,False,0.9460508835535245,0.6180994396089184
"Micronesia, Fed. Sts.",FSM,1983,5.894,5.894,False,0.8840207656418645,0.6030761893406462
"Micronesia, Fed. Sts.",FSM,1984,5.752000000000002,5.752000000000002,False,0.8141138073604701,0.5861452247525935
"Micronesia, Fed. Sts.",FSM,1985,5.6,5.6,False,0.7392838238479901,0.5680219387146773
"Micronesia, Fed. Sts.",FSM,1986,5.4460000000000015,5.4460000000000015,False,0.663469235289295,0.5496601883867892
"Micronesia, Fed. Sts.",FSM,1987,5.299,5.299,False,0.5911007643923574,0.5321330630738047
"Micronesia, Fed. Sts.",FSM,1988,5.167000000000002,5.167000000000002,False,0.5261168313420471,0.5163944199356147
"Micronesia, Fed. Sts.",FSM,1989,5.052,5.052,False,0.4695020411845784,0.5026827232621913
"Micronesia, Fed. Sts.",FSM,1990,4.958,4.958,False,0.4232256040123876,0.49147490163348034
"Micronesia, Fed. Sts.",FSM,1991,4.882,4.882,False,0.3858106122561478,0.4824132586145224
"Micronesia, Fed. Sts.",FSM,1992,4.82,4.82,False,0.35528785582342637,0.4750208656253726
"Micronesia, Fed. Sts.",FSM,1993,4.766,4.766,False,0.3287035195755718,0.46858232979611303
"Micronesia, Fed. Sts.",FSM,1994,4.716,4.716,False,0.3040883934201511,0.46262072254679865
"Micronesia, Fed. Sts.",FSM,1995,4.664,4.664,False,0.27848866221851326,0.45642065100751156
"Micronesia, Fed. Sts.",FSM,1996,4.6080000000000005,4.6080000000000005,False,0.2509197209244424,0.44974365088827956
"Micronesia, Fed. Sts.",FSM,1997,4.544,4.544,False,0.21941235944550336,0.44211279360915695
"Micronesia, Fed. Sts.",FSM,1998,4.471,4.471,False,0.18347427525858928,0.433408847025158
"Micronesia, Fed. Sts.",FSM,1999,4.39,4.39,False,0.14359777088680742,0.4237510432812686
"Micronesia, Fed. Sts.",FSM,2000,4.3,4.3,False,0.09929054380705012,0.41302015023250266
"Micronesia, Fed. Sts.",FSM,2001,4.204,4.204,False,0.05202950158864219,0.401573864313819
"Micronesia, Fed. Sts.",FSM,2002,4.105,4.105,False,0.0032915518009094032,0.38976988196017653
"Micronesia, Fed. Sts.",FSM,2003,4.007,4.007,False,-0.044954095463715676,0.37808513175152014
"Micronesia, Fed. Sts.",FSM,2004,3.912,3.912,False,-0.09172283515901503,0.3667580779778228
"Micronesia, Fed. Sts.",FSM,2005,3.823,3.823,False,-0.13553775971566398,0.35614641707404315
"Micronesia, Fed. Sts.",FSM,2006,3.739,3.739,False,-0.1768911716567709,0.34613091689519493
"Micronesia, Fed. Sts.",FSM,2007,3.661,3.661,False,-0.21529076845922723,0.33683080958626443
"Micronesia, Fed. Sts.",FSM,2008,3.589,3.589,False,-0.2507365501230332,0.32824609514725167
"Micronesia, Fed. Sts.",FSM,2009,3.522,3.522,False,-0.2837208191712971,0.32025754143317037
"Micronesia, Fed. Sts.",FSM,2010,3.46,3.46,False,-0.3142435756040188,0.3128651484440205
"Micronesia, Fed. Sts.",FSM,2011,3.402,3.402,False,-0.3427971219443068,0.3059496840348158
Moldova,MDA,1960,3.3280000000000003,3.3280000000000003,False,-0.37922750865432947,0.2971265053058305
Moldova,MDA,1961,3.259,3.259,False,-0.4131963827488103,0.28889948730177656
Moldova,MDA,1962,3.178,3.178,False,-0.45307288712059196,0.2792416835578872
Moldova,MDA,1963,3.0860000000000003,3.0860000000000003,False,-0.498364719246566,0.2682723262191487
Moldova,MDA,1964,2.989,2.989,False,-0.5461180639880825,0.2567068081554787
Moldova,MDA,1965,2.891,2.891,False,-0.5943637112527071,0.24502205794682247
Moldova,MDA,1966,2.801,2.801,False,-0.6386709383324645,0.23429116489805654
Moldova,MDA,1967,2.722,2.722,False,-0.6775628376580294,0.22487182544413975
Moldova,MDA,1968,2.66,2.66,False,-0.708085594090751,0.21747943245498988
Moldova,MDA,1969,2.613,2.613,False,-0.7312238126768467,0.2118755216406343
Moldova,MDA,1970,2.582,2.582,False,-0.7464851908932075,0.20817932514605936
Moldova,MDA,1971,2.56,2.56,False,-0.7573158464015927,0.20555621795636106
Moldova,MDA,1972,2.542,2.542,False,-0.7661772918175442,0.20341003934660784
Moldova,MDA,1973,2.523,2.523,False,-0.775531039756604,0.20114462859186838
Moldova,MDA,1974,2.503,2.503,False,-0.7853770902187722,0.19875998569214262
Moldova,MDA,1975,2.483,2.483,False,-0.7952231406809406,0.19637534279241686
Moldova,MDA,1976,2.465,2.465,False,-0.8040845860968922,0.19422916418266364
Moldova,MDA,1977,2.455,2.455,False,-0.8090076113279763,0.19303684273280078
Moldova,MDA,1978,2.454,2.454,False,-0.8094999138510846,0.1929176105878145
Moldova,MDA,1979,2.462,2.462,False,-0.8055614936662172,0.1938714677477048
Moldova,MDA,1980,2.481,2.481,False,-0.7962077457271575,0.19613687850244424
Moldova,MDA,1981,2.51,2.51,False,-0.7819309725570135,0.1995946107070466
Moldova,MDA,1982,2.546,2.546,False,-0.7642080817251106,0.20388696792655298
Moldova,MDA,1983,2.585,2.585,False,-0.7450082833238822,0.20853702158101825
Moldova,MDA,1984,2.62,2.62,False,-0.7277776950150877,0.21271014665553836
Moldova,MDA,1985,2.643,2.643,False,-0.7164547369835943,0.21545248599022296
Moldova,MDA,1986,2.6460000000000004,2.6460000000000004,False,-0.7149778294142687,0.21581018242518188
Moldova,MDA,1987,2.625,2.625,False,-0.7253161823995457,0.21330630738046977
Moldova,MDA,1988,2.5780000000000003,2.5780000000000003,False,-0.748454400985641,0.20770239656611428
Moldova,MDA,1989,2.506,2.506,False,-0.7839001826494472,0.19911768212710146
Moldova,MDA,1990,2.4130000000000003,2.4130000000000003,False,-0.8296843172985295,0.1880290926433767
Moldova,MDA,1991,2.305,2.305,False,-0.8828529897942385,0.17515202098485755
Moldova,MDA,1992,2.191,2.191,False,-0.938975477428598,0.16155955645642064
Moldova,MDA,1993,2.079,2.079,False,-0.9941133600167403,0.1482055562179564
Moldova,MDA,1994,1.975,1.975,False,-1.0453128224200157,0.1358054131393824
Moldova,MDA,1995,1.882,1.882,False,-1.0910969570690985,0.12471682365565753
Moldova,MDA,1996,1.801,1.801,False,-1.13097346144088,0.1150590199117682
Moldova,MDA,1997,1.73,1.73,False,-1.1659269405815775,0.10659353761774173
Moldova,MDA,1998,1.6669999999999998,1.6669999999999998,False,-1.1969419995374078,0.09908191248360555
Moldova,MDA,1999,1.6130000000000002,1.6130000000000002,False,-1.223526335785262,0.09264337665434604
Moldova,MDA,2000,1.568,1.568,False,-1.2456799493251407,0.08727793012996304
Moldova,MDA,2001,1.535,1.535,False,-1.2619259325877183,0.08334326934541551
Moldova,MDA,2002,1.511,1.511,False,-1.2737411931423204,0.08048169786574459
Moldova,MDA,2003,1.497,1.497,False,-1.2806334284658383,0.07881244783593658
Moldova,MDA,2004,1.489,1.489,False,-1.2845718486507056,0.07785859067604628
Moldova,MDA,2005,1.487,1.487,False,-1.2855564536969224,0.0776201263860737
Moldova,MDA,2006,1.487,1.487,False,-1.2855564536969224,0.0776201263860737
Moldova,MDA,2007,1.4880000000000002,1.4880000000000002,False,-1.2850641511738137,0.07773935853106
Moldova,MDA,2008,1.487,1.487,False,-1.2855564536969224,0.0776201263860737
Moldova,MDA,2009,1.483,1.483,False,-1.287525663789356,0.07714319780612855
Moldova,MDA,2010,1.477,1.477,False,-1.2904794789280063,0.07642780493621082
Moldova,MDA,2011,1.469,1.469,False,-1.2944178991128736,0.07547394777632051
Mongolia,MNG,1960,6.952999999999999,6.952999999999999,False,1.405369137613676,0.7293430308811254
Mongolia,MNG,1961,7.1679999999999975,7.1679999999999975,False,1.5112141800819845,0.7549779420531771
Mongolia,MNG,1962,7.347,7.347,False,1.5993363317183922,0.7763204960057232
Mongolia,MNG,1963,7.477,7.477,False,1.6633356597224862,0.7918206748539406
Mongolia,MNG,1964,7.558,7.558,False,1.7032121640942677,0.8014784785978298
Mongolia,MNG,1965,7.593,7.593,False,1.720442752403062,0.80565160367235
Mongolia,MNG,1966,7.599,7.599,False,1.7233965675417129,0.8063669965422677
Mongolia,MNG,1967,7.591,7.591,False,1.7194581473568455,0.8054131393823775
Mongolia,MNG,1968,7.584,7.584,False,1.7160120296950863,0.8045785143674733
Mongolia,MNG,1969,7.5779999999999985,7.5779999999999985,False,1.7130582145564353,0.8038631214975555
Mongolia,MNG,1970,7.569,7.569,False,1.7086274918484603,0.8027900321926791
Mongolia,MNG,1971,7.546,7.546,False,1.6973045338169668,0.8000476928579945
Mongolia,MNG,1972,7.497000000000001,7.497000000000001,False,1.6731817101846547,0.7942053177536664
Mongolia,MNG,1973,7.4129999999999985,7.4129999999999985,False,1.6318282982435466,0.7841898175748179
Mongolia,MNG,1974,7.294,7.294,False,1.5732442979936458,0.7700011923214497
Mongolia,MNG,1975,7.144,7.144,False,1.4993989195273838,0.7521163705735066
Mongolia,MNG,1976,6.968999999999999,6.968999999999999,False,1.4132459779834108,0.731250745200906
Mongolia,MNG,1977,6.78,6.78,False,1.3202008011159205,0.7087158697984977
Mongolia,MNG,1978,6.5870000000000015,6.5870000000000015,False,1.225186414155997,0.6857040658161442
Mongolia,MNG,1979,6.395,6.395,False,1.1306643297191803,0.6628114939787766
Mongolia,MNG,1980,6.209,6.209,False,1.039096060421015,0.640634315011327
Mongolia,MNG,1981,6.033,6.033,False,0.9524508163539344,0.6196494574937403
Mongolia,MNG,1982,5.864,5.864,False,0.8692516899486119,0.5994992249910575
Mongolia,MNG,1983,5.6960000000000015,5.6960000000000015,False,0.7865448660663988,0.5794682246333612
Mongolia,MNG,1984,5.526,5.526,False,0.7028534371379674,0.559198759985692
Mongolia,MNG,1985,5.345,5.345,False,0.6137466804553442,0.5376177417431739
Mongolia,MNG,1986,5.14,5.14,False,0.512824663218119,0.5131751520209847
Mongolia,MNG,1987,4.9060000000000015,4.9060000000000015,False,0.3976258728107507,0.48527483009419353
Mongolia,MNG,1988,4.644,4.644,False,0.2686426117563452,0.4540360081077859
Mongolia,MNG,1989,4.356,4.356,False,0.1268594851011214,0.4196971503517348
Mongolia,MNG,1990,4.052,4.052,False,-0.02280048192383702,0.3834505782759031
Mongolia,MNG,1991,3.746,3.746,False,-0.17344505399501195,0.346965541910099
Mongolia,MNG,1992,3.451,3.451,False,-0.31867429831199445,0.31179205913914393
Mongolia,MNG,1993,3.18,3.18,False,-0.452088282074375,0.2794801478478598
Mongolia,MNG,1994,2.9410000000000003,2.9410000000000003,False,-0.5697485850972862,0.2509836651961369
Mongolia,MNG,1995,2.738,2.738,False,-0.6696859972882947,0.22677953976392035
Mongolia,MNG,1996,2.57,2.57,False,-0.7523928211705085,0.2067485394062239
Mongolia,MNG,1997,2.43,2.43,False,-0.8213151744056866,0.1900560391081436
Mongolia,MNG,1998,2.312,2.312,False,-0.8794068721324797,0.17598664599976152
Mongolia,MNG,1999,2.216,2.216,False,-0.9266679143508875,0.1645403600810779
Mongolia,MNG,2000,2.144,2.144,False,-0.9621136960146934,0.15595564564206513
Mongolia,MNG,2001,2.102,2.102,False,-0.9827904019852469,0.150947895552641
Mongolia,MNG,2002,2.089,2.089,False,-0.9891903347856563,0.14939787766781926
Mongolia,MNG,2003,2.103,2.103,False,-0.9822980994621384,0.1510671276976273
Mongolia,MNG,2004,2.141,2.141,False,-0.9635906035840187,0.15559794920710623
Mongolia,MNG,2005,2.193,2.193,False,-0.9379908723823811,0.16179802074639324
Mongolia,MNG,2006,2.254,2.254,False,-0.9079604184727678,0.1690711815905568
Mongolia,MNG,2007,2.315,2.315,False,-0.8779299645631544,0.1763443424347204
Mongolia,MNG,2008,2.3680000000000003,2.3680000000000003,False,-0.8518379308384082,0.18266364611899372
Mongolia,MNG,2009,2.41,2.41,False,-0.8311612248678549,0.1876713962084178
Mongolia,MNG,2010,2.437,2.437,False,-0.8178690567439278,0.19089066412304756
Mongolia,MNG,2011,2.447,2.447,False,-0.8129460315128435,0.19208298557291048
Montenegro,MNE,1960,3.5210000000000004,3.5210000000000004,False,-0.28421312169440527,0.32013830928818415
Montenegro,MNE,1961,3.417,3.417,False,-0.3354125840976807,0.3077381662096101
Montenegro,MNE,1962,3.3080000000000003,3.3080000000000003,False,-0.38907355911649777,0.2947418624061047
Montenegro,MNE,1963,3.199,3.199,False,-0.44273453413531527,0.28174555860259926
Montenegro,MNE,1964,3.093,3.093,False,-0.4949186015848072,0.2691069512340527
Montenegro,MNE,1965,2.994,2.994,False,-0.5436565513725402,0.2573029688804102
Montenegro,MNE,1966,2.906,2.906,False,-0.5869791734060809,0.2468105401216168
Montenegro,MNE,1967,2.833,2.833,False,-0.6229172575929951,0.23810659353761776
Montenegro,MNE,1968,2.773,2.773,False,-0.6524554089795,0.23095266483844046
Montenegro,MNE,1969,2.7260000000000004,2.7260000000000004,False,-0.6755936275655955,0.22534875402408494
Montenegro,MNE,1970,2.689,2.689,False,-0.693808820920607,0.22093716465959223
Montenegro,MNE,1971,2.657,2.657,False,-0.7095625016600763,0.21712173602003101
Montenegro,MNE,1972,2.625,2.625,False,-0.7253161823995457,0.21330630738046977
Montenegro,MNE,1973,2.59,2.59,False,-0.7425467707083403,0.20913318230594968
Montenegro,MNE,1974,2.549,2.549,False,-0.7627311741557853,0.20424466436151187
Montenegro,MNE,1975,2.503,2.503,False,-0.7853770902187722,0.19875998569214262
Montenegro,MNE,1976,2.4530000000000003,2.4530000000000003,False,-0.8099922163741929,0.19279837844282824
Montenegro,MNE,1977,2.402,2.402,False,-0.8350996450527222,0.1867175390485275
Montenegro,MNE,1978,2.354,2.354,False,-0.8587301661619262,0.18099439608918566
Montenegro,MNE,1979,2.309,2.309,False,-0.8808837797018049,0.1756289495648027
Montenegro,MNE,1980,2.266,2.266,False,-0.9020527881954667,0.17050196733039227
Montenegro,MNE,1981,2.225,2.225,False,-0.9222371916429117,0.16561344938595446
Montenegro,MNE,1982,2.185,2.185,False,-0.9419292925672484,0.16084416358650294
Montenegro,MNE,1983,2.145,2.145,False,-0.961621393491585,0.1560748777870514
Montenegro,MNE,1984,2.104,2.104,False,-0.98180579693903,0.15118635984261358
Montenegro,MNE,1985,2.063,2.063,False,-1.0019902003864751,0.14629784189817577
Montenegro,MNE,1986,2.022,2.022,False,-1.0221746038339203,0.14140932395373793
Montenegro,MNE,1987,1.98,1.98,False,-1.0428513098044736,0.1364015738643138
Montenegro,MNE,1988,1.94,1.94,False,-1.0625434107288103,0.1316322880648623
Montenegro,MNE,1989,1.902,1.902,False,-1.08125090660693,0.1271014665553833
Montenegro,MNE,1990,1.869,1.869,False,-1.0974968898695079,0.1231668057708358
Montenegro,MNE,1991,1.843,1.843,False,-1.1102967554703265,0.12006677000119233
Montenegro,MNE,1992,1.825,1.825,False,-1.119158200886278,0.11792059139143912
Montenegro,MNE,1993,1.815,1.815,False,-1.124081226117362,0.11672826994157624
Montenegro,MNE,1994,1.813,1.813,False,-1.125065831163579,0.11648980565160366
Montenegro,MNE,1995,1.815,1.815,False,-1.124081226117362,0.11672826994157624
Montenegro,MNE,1996,1.82,1.82,False,-1.12161971350182,0.11732443066650769
Montenegro,MNE,1997,1.824,1.824,False,-1.1196505034093864,0.11780135924645285
Montenegro,MNE,1998,1.826,1.826,False,-1.1186658983631694,0.11803982353642542
Montenegro,MNE,1999,1.823,1.823,False,-1.120142805932495,0.11768212710146654
Montenegro,MNE,2000,1.815,1.815,False,-1.124081226117362,0.11672826994157624
Montenegro,MNE,2001,1.804,1.804,False,-1.1294965538715547,0.11541671634672708
Montenegro,MNE,2002,1.7919999999999998,1.7919999999999998,False,-1.1354041841488558,0.11398593060689159
Montenegro,MNE,2003,1.779,1.779,False,-1.1418041169492652,0.11243591272206986
Montenegro,MNE,2004,1.767,1.767,False,-1.147711747226566,0.1110051269822344
Montenegro,MNE,2005,1.756,1.756,False,-1.1531270749807585,0.10969357338738524
Montenegro,MNE,2006,1.745,1.745,False,-1.1585424027349511,0.10838201979253607
Montenegro,MNE,2007,1.734,1.734,False,-1.1639577304891437,0.1070704661976869
Montenegro,MNE,2008,1.722,1.722,False,-1.1698653607664449,0.10563968045785144
Montenegro,MNE,2009,1.71,1.71,False,-1.1757729910437458,0.10420889471801598
Montenegro,MNE,2010,1.6980000000000002,1.6980000000000002,False,-1.1816806213210465,0.10277810897818054
Montenegro,MNE,2011,1.6869999999999998,1.6869999999999998,False,-1.1870959490752393,0.10146655538333132
Morocco,MAR,1960,7.065,7.065,False,1.460507020201819,0.7426970311195898
Morocco,MAR,1961,7.106,7.106,False,1.4806914236492639,0.7475855490640275
Morocco,MAR,1962,7.131,7.131,False,1.4929989867269744,0.7505663526886848
Morocco,MAR,1963,7.135,7.135,False,1.4949681968194077,0.75104328126863
Morocco,MAR,1964,7.119,7.119,False,1.4870913564496733,0.7491355669488493
Morocco,MAR,1965,7.081,7.081,False,1.4683838605715538,0.7446047454393704
Morocco,MAR,1966,7.024,7.024,False,1.440322616754374,0.737808513175152
Morocco,MAR,1967,6.952999999999999,6.952999999999999,False,1.405369137613676,0.7293430308811254
Morocco,MAR,1968,6.871,6.871,False,1.3650003307187866,0.7195659949922499
Morocco,MAR,1969,6.7810000000000015,6.7810000000000015,False,1.3206931036390297,0.7088351019434841
Morocco,MAR,1970,6.687,6.687,False,1.274416666466838,0.6976272803147728
Morocco,MAR,1971,6.587999999999999,6.587999999999999,False,1.2256787166791043,0.6858232979611302
Morocco,MAR,1972,6.485,6.485,False,1.174971556798938,0.6735423870275425
Morocco,MAR,1973,6.38,6.38,False,1.1232797918725543,0.6610230118039823
Morocco,MAR,1974,6.273,6.273,False,1.0706034218999536,0.6482651722904494
Morocco,MAR,1975,6.1679999999999975,6.1679999999999975,False,1.018911656973569,0.6357457970668888
Morocco,MAR,1976,6.067,6.067,False,0.9691891021396204,0.6237033504232741
Morocco,MAR,1977,5.97,5.97,False,0.9214357573981038,0.6121378323596041
Morocco,MAR,1978,5.876,5.876,False,0.875159320225913,0.600930010730893
Morocco,MAR,1979,5.782,5.782,False,0.8288828830537219,0.5897221891021819
Morocco,MAR,1980,5.682,5.682,False,0.7796526307428805,0.5777989746035531
Morocco,MAR,1981,5.57,5.57,False,0.7245147481547379,0.5644449743650888
Morocco,MAR,1982,5.439,5.439,False,0.6600231176275354,0.548825563371885
Morocco,MAR,1983,5.29,5.29,False,0.5866700416843815,0.531059973768928
Morocco,MAR,1984,5.122999999999998,5.122999999999998,False,0.5044555203252753,0.5111482055562178
Morocco,MAR,1985,4.942,4.942,False,0.415348763642653,0.48956718731369975
Morocco,MAR,1986,4.754,4.754,False,0.3227958892982706,0.4671515440562775
Morocco,MAR,1987,4.567,4.567,False,0.23073531747699721,0.44485513294384166
Morocco,MAR,1988,4.387,4.387,False,0.14212086331748214,0.4233933468463097
Morocco,MAR,1989,4.217,4.217,False,0.05842943438905154,0.4031238821986407
Morocco,MAR,1990,4.058,4.058,False,-0.019846666785186415,0.3841659711458209
Morocco,MAR,1991,3.905,3.905,False,-0.09516895282077399,0.3659234529629188
Morocco,MAR,1992,3.755,3.755,False,-0.16901433128703625,0.3480386312149755
Morocco,MAR,1993,3.606,3.606,False,-0.24236740723019018,0.3302730416120186
Morocco,MAR,1994,3.457,3.457,False,-0.31572048317334406,0.3125074520090616
Morocco,MAR,1995,3.31,3.31,False,-0.38808895407028104,0.29498032669607727
Morocco,MAR,1996,3.167,3.167,False,-0.4584882148747846,0.277930129963038
Morocco,MAR,1997,3.033,3.033,False,-0.5244567529713122,0.2619530225348754
Morocco,MAR,1998,2.909,2.909,False,-0.5855022658367558,0.24716823655657563
Morocco,MAR,1999,2.797,2.797,False,-0.6406401484248981,0.23381423631811138
Morocco,MAR,2000,2.698,2.698,False,-0.6893780982126313,0.22201025396446883
Morocco,MAR,2001,2.611,2.611,False,-0.7322084177230633,0.21163705735066177
Morocco,MAR,2002,2.535,2.535,False,-0.769623409479303,0.20257541433170384
Morocco,MAR,2003,2.47,2.47,False,-0.80162307348135,0.1948253249075951
Morocco,MAR,2004,2.418,2.418,False,-0.8272228046829876,0.18862525336830813
Morocco,MAR,2005,2.385,2.385,False,-0.8434687879455655,0.18469059258376055
Morocco,MAR,2006,2.377,2.377,False,-0.8474072081304328,0.18373673542387026
Morocco,MAR,2007,2.398,2.398,False,-0.8370688551451558,0.18624061046858234
Morocco,MAR,2008,2.443,2.443,False,-0.8149152416052772,0.19160605699296532
Morocco,MAR,2009,2.509,2.509,False,-0.7824232750801219,0.19947537856206032
Morocco,MAR,2010,2.583,2.583,False,-0.745992888370099,0.20829855729104568
Morocco,MAR,2011,2.652,2.652,False,-0.7120240142756183,0.21652557529509958
Mozambique,MOZ,1960,6.6,6.6,False,1.2315863469564055,0.6872540837009656
Mozambique,MOZ,1961,6.6,6.6,False,1.2315863469564055,0.6872540837009656
Mozambique,MOZ,1962,6.601,6.601,False,1.2320786494795142,0.687373315845952
Mozambique,MOZ,1963,6.601,6.601,False,1.2320786494795142,0.687373315845952
Mozambique,MOZ,1964,6.602,6.602,False,1.2325709520026227,0.6874925479909383
Mozambique,MOZ,1965,6.602,6.602,False,1.2325709520026227,0.6874925479909383
Mozambique,MOZ,1966,6.602,6.602,False,1.2325709520026227,0.6874925479909383
Mozambique,MOZ,1967,6.601,6.601,False,1.2320786494795142,0.687373315845952
Mozambique,MOZ,1968,6.599,6.599,False,1.2310940444332974,0.6871348515559794
Mozambique,MOZ,1969,6.596,6.596,False,1.2296171368639721,0.6867771551210206
Mozambique,MOZ,1970,6.591,6.591,False,1.22715562424843,0.6861809943960892
Mozambique,MOZ,1971,6.586,6.586,False,1.224694111632888,0.6855848336711577
Mozambique,MOZ,1972,6.58,6.58,False,1.2217402964942374,0.6848694408012399
Mozambique,MOZ,1973,6.572,6.572,False,1.21780187630937,0.6839155836413496
Mozambique,MOZ,1974,6.564,6.564,False,1.2138634561245027,0.6829617264814594
Mozambique,MOZ,1975,6.553999999999999,6.553999999999999,False,1.2089404308934182,0.6817694050315963
Mozambique,MOZ,1976,6.544,6.544,False,1.2040174056623343,0.6805770835817335
Mozambique,MOZ,1977,6.532,6.532,False,1.1981097753850334,0.6791462978418981
Mozambique,MOZ,1978,6.519,6.519,False,1.1917098425846242,0.6775962799570764
Mozambique,MOZ,1979,6.505,6.505,False,1.184817607261106,0.6759270299272683
Mozambique,MOZ,1980,6.49,6.49,False,1.1774330694144801,0.6741385477524741
Mozambique,MOZ,1981,6.474,6.474,False,1.1695562290447454,0.6722308334326934
Mozambique,MOZ,1982,6.4570000000000025,6.4570000000000025,False,1.1611870861519036,0.6702038869679268
Mozambique,MOZ,1983,6.439,6.439,False,1.1523256407359508,0.6680577083581734
Mozambique,MOZ,1984,6.42,6.42,False,1.1429718927968908,0.6657922976034338
Mozambique,MOZ,1985,6.398,6.398,False,1.1321412372885056,0.6631691904137355
Mozambique,MOZ,1986,6.3729999999999976,6.3729999999999976,False,1.1198336742107942,0.660188386789078
Mozambique,MOZ,1987,6.345,6.345,False,1.1060492035637597,0.6568498867294622
Mozambique,MOZ,1988,6.313,6.313,False,1.0902955228242903,0.6530344580899009
Mozambique,MOZ,1989,6.277,6.277,False,1.0725726319923876,0.6487421008703946
Mozambique,MOZ,1990,6.237,6.237,False,1.052880531068051,0.6439728150709431
Mozambique,MOZ,1991,6.191,6.191,False,1.0302346150050636,0.6384881364015738
Mozambique,MOZ,1992,6.14,6.14,False,1.0051271863265345,0.632407297007273
Mozambique,MOZ,1993,6.086,6.086,False,0.9785428500786802,0.6259687611780136
Mozambique,MOZ,1994,6.0310000000000015,6.0310000000000015,False,0.951466211307718,0.6194109932037678
Mozambique,MOZ,1995,5.976,5.976,False,0.9243895725367545,0.6128532252295218
Mozambique,MOZ,1996,5.925,5.925,False,0.8992821438582251,0.6067723858352211
Mozambique,MOZ,1997,5.88,5.88,False,0.8771285303183465,0.6014069393108381
Mozambique,MOZ,1998,5.84,5.84,False,0.8574364293940099,0.5966376535113865
Mozambique,MOZ,1999,5.808,5.808,False,0.8416827486545406,0.5928222248718253
Mozambique,MOZ,2000,5.782,5.782,False,0.8288828830537219,0.5897221891021819
Mozambique,MOZ,2001,5.76,5.76,False,0.8180522275453366,0.5870990819124835
Mozambique,MOZ,2002,5.7410000000000005,5.7410000000000005,False,0.808698479606277,0.5848336711577441
Mozambique,MOZ,2003,5.721,5.721,False,0.7988524291441086,0.5824490282580183
Mozambique,MOZ,2004,5.697,5.697,False,0.7870371685895066,0.5795874567783473
Mozambique,MOZ,2005,5.669,5.669,False,0.7732526979424708,0.5762489567187312
Mozambique,MOZ,2006,5.6320000000000014,5.6320000000000014,False,0.7550375045874602,0.5718373673542388
Mozambique,MOZ,2007,5.587999999999999,5.587999999999999,False,0.7333761935706888,0.5665911529748419
Mozambique,MOZ,2008,5.5360000000000005,5.5360000000000005,False,0.7077764623690519,0.560391081435555
Mozambique,MOZ,2009,5.476,5.476,False,0.6782383109825467,0.5532371527363776
Mozambique,MOZ,2010,5.409,5.409,False,0.6452540419342828,0.5452485990222963
Mozambique,MOZ,2011,5.337999999999999,5.337999999999999,False,0.610300562793585,0.5367831167282697
Myanmar,MMR,1960,6.051,6.051,False,0.9613122617698857,0.6217956361034934
Myanmar,MMR,1961,6.073,6.073,False,0.972142917278271,0.6244187432931918
Myanmar,MMR,1962,6.096,6.096,False,0.9834658753097644,0.6271610826278764
Myanmar,MMR,1963,6.1160000000000005,6.1160000000000005,False,0.9933119257719328,0.6295457255276022
Myanmar,MMR,1964,6.13,6.13,False,1.0002041610954504,0.6312149755574102
Myanmar,MMR,1965,6.136,6.136,False,1.003157976234101,0.631930368427328
Myanmar,MMR,1966,6.129,6.129,False,0.9997118585723418,0.6310957434124239
Myanmar,MMR,1967,6.109,6.109,False,0.9898658081101737,0.6287111005126982
Myanmar,MMR,1968,6.074,6.074,False,0.9726352198013791,0.624537975438178
Myanmar,MMR,1969,6.024,6.024,False,0.9480200936459584,0.6185763681888636
Myanmar,MMR,1970,5.959,5.959,False,0.9160204296439112,0.6108262787647548
Myanmar,MMR,1971,5.881,5.881,False,0.8776208328414551,0.6015261714558244
Myanmar,MMR,1972,5.791,5.791,False,0.8333136057616978,0.5907952784070585
Myanmar,MMR,1973,5.694,5.694,False,0.7855602610201813,0.5792297603433885
Myanmar,MMR,1974,5.5920000000000005,5.5920000000000005,False,0.7353454036631232,0.5670680815547872
Myanmar,MMR,1975,5.488,5.488,False,0.684145941259848,0.5546679384762132
Myanmar,MMR,1976,5.3870000000000005,5.3870000000000005,False,0.634423386425898,0.542625491832598
Myanmar,MMR,1977,5.289,5.289,False,0.5861777391612729,0.5309407416239417
Myanmar,MMR,1978,5.194,5.194,False,0.5394089994659735,0.5196136878502443
Myanmar,MMR,1979,5.1,5.1,False,0.4931325622937824,0.5084058662215332
Myanmar,MMR,1980,5.001,5.001,False,0.44439461250604956,0.4966018838678908
Myanmar,MMR,1981,4.891,4.891,False,0.3902413349641237,0.483486347919399
Myanmar,MMR,1982,4.763999999999999,4.763999999999999,False,0.32771891452935464,0.4683438655061404
Myanmar,MMR,1983,4.619,4.619,False,0.2563350486786346,0.45105520448312864
Myanmar,MMR,1984,4.456,4.456,False,0.1760897374119632,0.4316203648503637
Myanmar,MMR,1985,4.279,4.279,False,0.08895219082177344,0.4105162751877906
Myanmar,MMR,1986,4.093999999999999,4.093999999999999,False,-0.002123775953283663,0.38845832836532723
Myanmar,MMR,1987,3.909,3.909,False,-0.09319974272834032,0.3664003815428639
Myanmar,MMR,1988,3.732,3.732,False,-0.18033728931852966,0.34529629188029093
Myanmar,MMR,1989,3.5660000000000003,3.5660000000000003,False,-0.2620595081545266,0.3255037558125671
Myanmar,MMR,1990,3.415,3.415,False,-0.33639718914389743,0.30749970191963755
Myanmar,MMR,1991,3.279,3.279,False,-0.40335033228664197,0.2912841302015023
Myanmar,MMR,1992,3.158,3.158,False,-0.46291893758276026,0.2768570406581614
Myanmar,MMR,1993,3.0460000000000003,3.0460000000000003,False,-0.5180568201709026,0.2635030404196972
Myanmar,MMR,1994,2.945,2.945,False,-0.5677793750048528,0.25146059377608204
Myanmar,MMR,1995,2.8510000000000004,2.8510000000000004,False,-0.6140558121770435,0.24025277214737098
Myanmar,MMR,1996,2.761,2.761,False,-0.6583630392568011,0.229521879098605
Myanmar,MMR,1997,2.675,2.675,False,-0.7007010562441249,0.21926791462978418
Myanmar,MMR,1998,2.59,2.59,False,-0.7425467707083403,0.20913318230594968
Myanmar,MMR,1999,2.508,2.508,False,-0.7829155776032303,0.19935614641707405
Myanmar,MMR,2000,2.428,2.428,False,-0.8222997794519035,0.189817574818171
Myanmar,MMR,2001,2.353,2.353,False,-0.8592224686850345,0.1808751639441994
Myanmar,MMR,2002,2.286,2.286,False,-0.8922067377332985,0.17288661023011806
Myanmar,MMR,2003,2.227,2.227,False,-0.9212525865966951,0.16585191367592703
Myanmar,MMR,2004,2.178,2.178,False,-0.9453754102290074,0.1600095385715989
Myanmar,MMR,2005,2.137,2.137,False,-0.9655598136764524,0.1551210206271611
Myanmar,MMR,2006,2.103,2.103,False,-0.9822980994621384,0.1510671276976273
Myanmar,MMR,2007,2.075,2.075,False,-0.996082570109174,0.14772862763801123
Myanmar,MMR,2008,2.049,2.049,False,-1.008882435709993,0.1446285918683677
Myanmar,MMR,2009,2.026,2.026,False,-1.0202053937414866,0.14188625253368306
Myanmar,MMR,2010,2.003,2.003,False,-1.03152835177298,0.13914391319899846
Myanmar,MMR,2011,1.98,1.98,False,-1.0428513098044736,0.1364015738643138
Namibia,NAM,1960,6.15,6.15,False,1.0100502115576189,0.633599618457136
Namibia,NAM,1961,6.1670000000000025,6.1670000000000025,False,1.018419354450463,0.6356265649219032
Namibia,NAM,1962,6.184,6.184,False,1.026788497343305,0.6376535113866698
Namibia,NAM,1963,6.199,6.199,False,1.034173035189931,0.639441993561464
Namibia,NAM,1964,6.216,6.216,False,1.0425421780827742,0.641468940026231
Namibia,NAM,1965,6.2360000000000015,6.2360000000000015,False,1.0523882285449433,0.643853582925957
Namibia,NAM,1966,6.263,6.263,False,1.0656803966688697,0.6470728508405865
Namibia,NAM,1967,6.301,6.301,False,1.0843878925469896,0.6516036723500656
Namibia,NAM,1968,6.347,6.347,False,1.1070338086099767,0.6570883510194349
Namibia,NAM,1969,6.401,6.401,False,1.1336181448578309,0.6635268868486943
Namibia,NAM,1970,6.459,6.459,False,1.162171691198119,0.670442351257899
Namibia,NAM,1971,6.517,6.517,False,1.1907252375384074,0.6773578156671038
Namibia,NAM,1972,6.57,6.57,False,1.2168172712631533,0.6836771193513771
Namibia,NAM,1973,6.613,6.613,False,1.2379862797568153,0.6888041015857875
Namibia,NAM,1974,6.642,6.642,False,1.2522630529269594,0.6922618337903899
Namibia,NAM,1975,6.654,6.654,False,1.25817068320426,0.6936926195302253
Namibia,NAM,1976,6.647,6.647,False,1.2547245655425012,0.6928579945153213
Namibia,NAM,1977,6.622000000000001,6.622000000000001,False,1.2424170024647911,0.6898771908906641
Namibia,NAM,1978,6.581,6.581,False,1.222232599017346,0.6849886729462262
Namibia,NAM,1979,6.524,6.524,False,1.194171355200166,0.6781924406820078
Namibia,NAM,1980,6.4510000000000005,6.4510000000000005,False,1.1582332710132521,0.6694884940980088
Namibia,NAM,1981,6.362,6.362,False,1.1144183464566029,0.6588768331942291
Namibia,NAM,1982,6.259,6.259,False,1.0637111865764362,0.6465959222606414
Namibia,NAM,1983,6.145,6.145,False,1.0075886989420764,0.6330034577322045
Namibia,NAM,1984,6.022,6.022,False,0.9470354885997417,0.6183379038988911
Namibia,NAM,1985,5.893,5.893,False,0.8835284631187559,0.6029569571956599
Namibia,NAM,1986,5.76,5.76,False,0.8180522275453366,0.5870990819124835
Namibia,NAM,1987,5.625,5.625,False,0.7515913869257006,0.5710027423393346
Namibia,NAM,1988,5.4910000000000005,5.4910000000000005,False,0.6856228488291732,0.5550256349111721
Namibia,NAM,1989,5.358,5.358,False,0.6201466132557536,0.5391677596279956
Namibia,NAM,1990,5.227,5.227,False,0.5556549827285514,0.5235483486347919
Namibia,NAM,1991,5.098,5.098,False,0.49214795724756566,0.5081674019315606
Namibia,NAM,1992,4.97,4.97,False,0.4291332342896884,0.49290568737331575
Namibia,NAM,1993,4.842,4.842,False,0.36611851133181117,0.4776439728150708
Namibia,NAM,1994,4.715,4.715,False,0.30359609089704254,0.4625014904018123
Namibia,NAM,1995,4.59,4.59,False,0.2420582755084906,0.44759747227852625
Namibia,NAM,1996,4.468999999999999,4.468999999999999,False,0.1824896702123721,0.4331703827351853
Namibia,NAM,1997,4.351,4.351,False,0.12439797248557938,0.41910098962680337
Namibia,NAM,1998,4.24,4.24,False,0.06975239242054539,0.4058662215333254
Namibia,NAM,1999,4.134,4.134,False,0.017568324971053408,0.39322761416477886
Namibia,NAM,2000,4.033,4.033,False,-0.03215422986289654,0.38118516752116377
Namibia,NAM,2001,3.938,3.938,False,-0.0789229695581961,0.36985811374746635
Namibia,NAM,2002,3.847,3.847,False,-0.123722499161062,0.3590079885537141
Namibia,NAM,2003,3.759,3.759,False,-0.1670451211946026,0.3485155597949207
Namibia,NAM,2004,3.674,3.674,False,-0.20889083565881789,0.3383808274710862
Namibia,NAM,2005,3.591,3.591,False,-0.24975194507681625,0.3284845594372243
Namibia,NAM,2006,3.512,3.512,False,-0.28864384440238117,0.3190652199833075
Namibia,NAM,2007,3.4360000000000004,3.4360000000000004,False,-0.3260588361586205,0.31000357696434966
Namibia,NAM,2008,3.364,3.364,False,-0.3615046178224267,0.30141886252533684
Namibia,NAM,2009,3.295,3.295,False,-0.39547349191690734,0.29319184452128294
Namibia,NAM,2010,3.229,3.229,False,-0.4279654584420627,0.2853225229521879
Namibia,NAM,2011,3.167,3.167,False,-0.4584882148747846,0.277930129963038
Nepal,NPL,1960,5.992999999999999,5.992999999999999,False,0.9327587154295972,0.6148801716942887
Nepal,NPL,1961,5.994,5.994,False,0.9332510179527058,0.614999403839275
Nepal,NPL,1962,5.995,5.995,False,0.9337433204758144,0.6151186359842613
Nepal,NPL,1963,5.996,5.996,False,0.9342356229989229,0.6152378681292476
Nepal,NPL,1964,5.997000000000001,5.997000000000001,False,0.9347279255220315,0.615357100274234
Nepal,NPL,1965,5.997000000000001,5.997000000000001,False,0.9347279255220315,0.615357100274234
Nepal,NPL,1966,5.996,5.996,False,0.9342356229989229,0.6152378681292476
Nepal,NPL,1967,5.994,5.994,False,0.9332510179527058,0.614999403839275
Nepal,NPL,1968,5.988,5.988,False,0.9302972028140557,0.6142840109693574
Nepal,NPL,1969,5.981,5.981,False,0.9268510851522964,0.6134493859544532
Nepal,NPL,1970,5.971,5.971,False,0.9219280599212124,0.6122570645045904
Nepal,NPL,1971,5.9579999999999975,5.9579999999999975,False,0.9155281271208018,0.6107070466197684
Nepal,NPL,1972,5.945,5.945,False,0.9091281943203937,0.6091570287349469
Nepal,NPL,1973,5.928999999999999,5.928999999999999,False,0.9012513539506586,0.6072493144151662
Nepal,NPL,1974,5.912000000000001,5.912000000000001,False,0.8928822110578163,0.6052223679503994
Nepal,NPL,1975,5.894,5.894,False,0.8840207656418645,0.6030761893406462
Nepal,NPL,1976,5.8729999999999976,5.8729999999999976,False,0.8736824126565864,0.6005723142959338
Nepal,NPL,1977,5.85,5.85,False,0.8623594546250939,0.5978299749612495
Nepal,NPL,1978,5.824,5.824,False,0.8495595890242752,0.594729939191606
Nepal,NPL,1979,5.795,5.795,False,0.8352828158541312,0.5912722069870037
Nepal,NPL,1980,5.76,5.76,False,0.8180522275453366,0.5870990819124835
Nepal,NPL,1981,5.721,5.721,False,0.7988524291441086,0.5824490282580183
Nepal,NPL,1982,5.676,5.676,False,0.7766988156042299,0.5770835817336354
Nepal,NPL,1983,5.625,5.625,False,0.7515913869257006,0.5710027423393346
Nepal,NPL,1984,5.569,5.569,False,0.7240224456316293,0.5643257422201025
Nepal,NPL,1985,5.507999999999999,5.507999999999999,False,0.6939919917220156,0.5570525813759388
Nepal,NPL,1986,5.444,5.444,False,0.6624846302430775,0.5494217240968164
Nepal,NPL,1987,5.377999999999999,5.377999999999999,False,0.6299926637179216,0.5415524025277213
Nepal,NPL,1988,5.31,5.31,False,0.5965160921465495,0.5334446166686537
Nepal,NPL,1989,5.239,5.239,False,0.5615626130058522,0.5249791343746273
Nepal,NPL,1990,5.165,5.165,False,0.5251322262958296,0.516155955645642
Nepal,NPL,1991,5.088,5.088,False,0.4872249320164816,0.5069750804816978
Nepal,NPL,1992,5.004,5.004,False,0.44587152007537445,0.49695958030284954
Nepal,NPL,1993,4.914,4.914,False,0.40156429299561713,0.4862286872540836
Nepal,NPL,1994,4.817,4.817,False,0.3538109482541011,0.47466316919041374
Nepal,NPL,1995,4.711,4.711,False,0.3016268808046091,0.4620245618218672
Nepal,NPL,1996,4.596,4.596,False,0.24501209064714122,0.44831286514844404
Nepal,NPL,1997,4.473,4.473,False,0.184458880304806,0.4336473113151305
Nepal,NPL,1998,4.343,4.343,False,0.12045955230071205,0.4181471324669131
Nepal,NPL,1999,4.208,4.208,False,0.053998711681076075,0.40205079289376416
Nepal,NPL,2000,4.0680000000000005,4.0680000000000005,False,-0.014923641554101929,0.3853582925956838
Nepal,NPL,2001,3.924,3.924,False,-0.08581520488171403,0.36818886371765824
Nepal,NPL,2002,3.778,3.778,False,-0.15769137325554264,0.3507809705496602
Nepal,NPL,2003,3.632,3.632,False,-0.22956754162937124,0.3333730773816621
Nepal,NPL,2004,3.486,3.486,False,-0.30144371000319986,0.31596518421366404
Nepal,NPL,2005,3.34,3.34,False,-0.3733198783770287,0.2985572910456659
Nepal,NPL,2006,3.194,3.194,False,-0.4451960467508573,0.2811493978776678
Nepal,NPL,2007,3.0460000000000003,3.0460000000000003,False,-0.5180568201709026,0.2635030404196972
Nepal,NPL,2008,2.899,2.899,False,-0.5904252910678398,0.24597591510671277
Nepal,NPL,2009,2.755,2.755,False,-0.6613168543954517,0.22880648622868724
Nepal,NPL,2010,2.619,2.619,False,-0.728269997538196,0.21259091451055206
Nepal,NPL,2011,2.496,2.496,False,-0.7888232078805312,0.1979253606772386
Netherlands,NLD,1960,3.122,3.122,False,-0.48064182841466324,0.27256468343865503
Netherlands,NLD,1961,3.217,3.217,False,-0.43387308871936364,0.28389173721235245
Netherlands,NLD,1962,3.176,3.176,False,-0.4540574921668087,0.27900321926791466
Netherlands,NLD,1963,3.193,3.193,False,-0.44568834927396567,0.2810301657326815
Netherlands,NLD,1964,3.1660000000000004,3.1660000000000004,False,-0.4589805173978927,0.2778108978180518
Netherlands,NLD,1965,3.039,3.039,False,-0.5215029378326616,0.26266841540479313
Netherlands,NLD,1966,2.903,2.903,False,-0.5884560809754061,0.24645284368665793
Netherlands,NLD,1967,2.814,2.814,False,-0.6322710055320551,0.23584118278287827
Netherlands,NLD,1968,2.716,2.716,False,-0.6805166527966797,0.22415643257422205
Netherlands,NLD,1969,2.748,2.748,False,-0.6647629720572105,0.22797186121378327
Netherlands,NLD,1970,2.572,2.572,False,-0.7514082161242917,0.20698700369619652
Netherlands,NLD,1971,2.362,2.362,False,-0.8547917459770589,0.18194825324907596
Netherlands,NLD,1972,2.151,2.151,False,-0.9586675783529346,0.1567902706569691
Netherlands,NLD,1973,1.904,1.904,False,-1.0802663015607132,0.12733993084535591
Netherlands,NLD,1974,1.773,1.773,False,-1.1447579320879158,0.11172051985215213
Netherlands,NLD,1975,1.664,1.664,False,-1.198418907106733,0.0987242160486467
Netherlands,NLD,1976,1.632,1.632,False,-1.2141725878462024,0.09490878740908548
Netherlands,NLD,1977,1.579,1.579,False,-1.2402646215709483,0.0885894837248122
Netherlands,NLD,1978,1.5830000000000002,1.5830000000000002,False,-1.2382954114785145,0.08906641230475738
Netherlands,NLD,1979,1.5630000000000002,1.5630000000000002,False,-1.2481414619406828,0.08668176940503161
Netherlands,NLD,1980,1.602,1.602,False,-1.2289416635394546,0.09133182305949684
Netherlands,NLD,1981,1.5630000000000002,1.5630000000000002,False,-1.2481414619406828,0.08668176940503161
Netherlands,NLD,1982,1.495,1.495,False,-1.281618033512055,0.07857398354596401
Netherlands,NLD,1983,1.4680000000000002,1.4680000000000002,False,-1.2949102016359824,0.07535471563133424
Netherlands,NLD,1984,1.491,1.491,False,-1.2835872436044886,0.07809705496601885
Netherlands,NLD,1985,1.511,1.511,False,-1.2737411931423204,0.08048169786574459
Netherlands,NLD,1986,1.5530000000000002,1.5530000000000002,False,-1.253064487171767,0.08548944795516873
Netherlands,NLD,1987,1.558,1.558,False,-1.250602974556225,0.08608560868010016
Netherlands,NLD,1988,1.55,1.55,False,-1.2545413947410924,0.08513175152020985
Netherlands,NLD,1989,1.55,1.55,False,-1.2545413947410924,0.08513175152020985
Netherlands,NLD,1990,1.62,1.62,False,-1.220080218123503,0.09347800166925004
Netherlands,NLD,1991,1.61,1.61,False,-1.2250032433545872,0.09228568021938716
Netherlands,NLD,1992,1.59,1.59,False,-1.2348492938167557,0.08990103731966138
Netherlands,NLD,1993,1.57,1.57,False,-1.2446953442789237,0.08751639441993563
Netherlands,NLD,1994,1.57,1.57,False,-1.2446953442789237,0.08751639441993563
Netherlands,NLD,1995,1.53,1.53,False,-1.2643874452032604,0.08274710862048408
Netherlands,NLD,1996,1.53,1.53,False,-1.2643874452032604,0.08274710862048408
Netherlands,NLD,1997,1.53,1.53,False,-1.2643874452032604,0.08274710862048408
Netherlands,NLD,1998,1.63,1.63,False,-1.215157192892419,0.0946703231191129
Netherlands,NLD,1999,1.65,1.65,False,-1.2053111424302507,0.09705496601883867
Netherlands,NLD,2000,1.72,1.72,False,-1.1708499658126617,0.10540121616787886
Netherlands,NLD,2001,1.71,1.71,False,-1.1757729910437458,0.10420889471801598
Netherlands,NLD,2002,1.73,1.73,False,-1.1659269405815775,0.10659353761774173
Netherlands,NLD,2003,1.75,1.75,False,-1.156080890119409,0.10897818051746751
Netherlands,NLD,2004,1.72,1.72,False,-1.1708499658126617,0.10540121616787886
Netherlands,NLD,2005,1.71,1.71,False,-1.1757729910437458,0.10420889471801598
Netherlands,NLD,2006,1.72,1.72,False,-1.1708499658126617,0.10540121616787886
Netherlands,NLD,2007,1.72,1.72,False,-1.1708499658126617,0.10540121616787886
Netherlands,NLD,2008,1.77,1.77,False,-1.1462348396572408,0.11136282341719328
Netherlands,NLD,2009,1.79,1.79,False,-1.1363887891950726,0.11374746631691904
Netherlands,NLD,2010,1.79,1.79,False,-1.1363887891950726,0.11374746631691904
Netherlands,NLD,2011,1.76,1.76,False,-1.1511578648883252,0.11017050196733039
New Caledonia,NCL,1960,6.278,6.278,False,1.0730649345154957,0.6488613330153808
New Caledonia,NCL,1961,6.144,6.144,False,1.0070963964189683,0.6328842255872182
New Caledonia,NCL,1962,6.01,6.01,False,0.9411278583224405,0.6169071181590556
New Caledonia,NCL,1963,5.8729999999999976,5.8729999999999976,False,0.8736824126565864,0.6005723142959338
New Caledonia,NCL,1964,5.737,5.737,False,0.8067292695138433,0.5843567425777989
New Caledonia,NCL,1965,5.6,5.6,False,0.7392838238479901,0.5680219387146773
New Caledonia,NCL,1966,5.385,5.385,False,0.6334387813796808,0.5423870275426254
New Caledonia,NCL,1967,5.17,5.17,False,0.5275937389113716,0.5167521163705734
New Caledonia,NCL,1968,4.88,4.88,False,0.3848260072099311,0.48217479432454985
New Caledonia,NCL,1969,4.59,4.59,False,0.2420582755084906,0.44759747227852625
New Caledonia,NCL,1970,4.3,4.3,False,0.09929054380705012,0.41302015023250266
New Caledonia,NCL,1971,4.176,4.176,False,0.038245030941606764,0.398235364254203
New Caledonia,NCL,1972,4.051,4.051,False,-0.023292784446945162,0.3833313461309169
New Caledonia,NCL,1973,3.927,3.927,False,-0.08433829731238873,0.36854656015261716
New Caledonia,NCL,1974,3.803,3.803,False,-0.1453838101778323,0.35376177417431737
New Caledonia,NCL,1975,3.679,3.679,False,-0.20642932304327585,0.3389769881960176
New Caledonia,NCL,1976,3.554,3.554,False,-0.2679671384318278,0.3240729700727316
New Caledonia,NCL,1977,3.43,3.43,False,-0.32901265129727114,0.3092881840944319
New Caledonia,NCL,1978,3.372,3.372,False,-0.35756619763755937,0.3023727196852271
New Caledonia,NCL,1979,3.314,3.314,False,-0.3861197439778474,0.2954572552760224
New Caledonia,NCL,1980,3.256,3.256,False,-0.4146732903181356,0.2885417908668177
New Caledonia,NCL,1981,3.198,3.198,False,-0.4432268366584236,0.281626326457613
New Caledonia,NCL,1982,3.14,3.14,False,-0.4717803829987116,0.2747108620484083
New Caledonia,NCL,1983,3.093,3.093,False,-0.4949186015848072,0.2691069512340527
New Caledonia,NCL,1984,3.047,3.047,False,-0.5175645176477942,0.26362227256468346
New Caledonia,NCL,1985,3.0,3.0,False,-0.5407027362338899,0.2580183617503279
New Caledonia,NCL,1986,3.025,3.025,False,-0.5283951731561796,0.2609991653749851
New Caledonia,NCL,1987,3.05,3.05,False,-0.5160876100784692,0.26397996899964227
New Caledonia,NCL,1988,3.097,3.097,False,-0.49294939149237355,0.26958387981399784
New Caledonia,NCL,1989,3.143,3.143,False,-0.47030347542938655,0.2750685584833671
New Caledonia,NCL,1990,3.19,3.19,False,-0.44716525684329095,0.28067246929772266
New Caledonia,NCL,1991,3.02,3.02,False,-0.5308566857717215,0.26040300465005367
New Caledonia,NCL,1992,2.85,2.85,False,-0.6145481147001521,0.24013354000238465
New Caledonia,NCL,1993,2.763,2.763,False,-0.6573784342105844,0.22976034338857756
New Caledonia,NCL,1994,2.677,2.677,False,-0.699716451197908,0.21950637891975677
New Caledonia,NCL,1995,2.59,2.59,False,-0.7425467707083403,0.20913318230594968
New Caledonia,NCL,1996,2.645,2.645,False,-0.7154701319373773,0.21569095028019555
New Caledonia,NCL,1997,2.7,2.7,False,-0.6883934931664144,0.22224871825444142
New Caledonia,NCL,1998,2.677,2.677,False,-0.699716451197908,0.21950637891975677
New Caledonia,NCL,1999,2.653,2.653,False,-0.71153171175251,0.21664480744008585
New Caledonia,NCL,2000,2.63,2.63,False,-0.7228546697840036,0.2139024681054012
New Caledonia,NCL,2001,2.47,2.47,False,-0.80162307348135,0.1948253249075951
New Caledonia,NCL,2002,2.37,2.37,False,-0.8508533257921915,0.18290211040896628
New Caledonia,NCL,2003,2.3,2.3,False,-0.8853145024097807,0.17455586025992606
New Caledonia,NCL,2004,2.18,2.18,False,-0.9443908051827904,0.1602480028615715
New Caledonia,NCL,2005,2.2,2.2,False,-0.9345447547206222,0.16263264576129727
New Caledonia,NCL,2006,2.29,2.29,False,-0.8902375276408648,0.1733635388100632
New Caledonia,NCL,2007,2.2,2.2,False,-0.9345447547206222,0.16263264576129727
New Caledonia,NCL,2008,2.166,2.166,False,-0.9512830405063084,0.15857875283176345
New Caledonia,NCL,2009,2.2,2.2,False,-0.9345447547206222,0.16263264576129727
New Caledonia,NCL,2010,2.193,2.193,False,-0.9379908723823811,0.16179802074639324
New Caledonia,NCL,2011,2.172,2.172,False,-0.9483292253676577,0.1592941457016812
New Zealand,NZL,1960,4.129,4.129,False,0.015106812355510946,0.39263145343984734
New Zealand,NZL,1961,4.099,4.099,False,0.0003377366622587988,0.38905448909025875
New Zealand,NZL,1962,4.107,4.107,False,0.004276156847126126,0.3900083462501491
New Zealand,NZL,1963,3.989,3.989,False,-0.053815540879667056,0.375938953141767
New Zealand,NZL,1964,3.733,3.733,False,-0.1798449867954213,0.3454155240252772
New Zealand,NZL,1965,3.54,3.54,False,-0.2748593737553455,0.32240372004292356
New Zealand,NZL,1966,3.41,3.41,False,-0.33885870175943944,0.3069035411947061
New Zealand,NZL,1967,3.354,3.354,False,-0.3664276430535107,0.300226541075474
New Zealand,NZL,1968,3.332,3.332,False,-0.377258298561896,0.2976034338857756
New Zealand,NZL,1969,3.269,3.269,False,-0.40827335751772603,0.2900918087516395
New Zealand,NZL,1970,3.158,3.158,False,-0.46291893758276026,0.2768570406581614
New Zealand,NZL,1971,3.194,3.194,False,-0.4451960467508573,0.2811493978776678
New Zealand,NZL,1972,3.0,3.0,False,-0.5407027362338899,0.2580183617503279
New Zealand,NZL,1973,2.696,2.696,False,-0.6903627032588481,0.22177178967449626
New Zealand,NZL,1974,2.57,2.57,False,-0.7523928211705085,0.2067485394062239
New Zealand,NZL,1975,2.331,2.331,False,-0.8700531241934197,0.178252056754501
New Zealand,NZL,1976,2.273,2.273,False,-0.8986066705337078,0.17133659234529633
New Zealand,NZL,1977,2.229,2.229,False,-0.9202679815504781,0.16609037796589962
New Zealand,NZL,1978,2.07,2.07,False,-0.9985440827247163,0.14713246691307977
New Zealand,NZL,1979,2.12,2.12,False,-0.9739289565692953,0.1530940741623942
New Zealand,NZL,1980,2.03,2.03,False,-1.018236183649053,0.14236318111362822
New Zealand,NZL,1981,2.01,2.01,False,-1.0280822341112212,0.13997853821390246
New Zealand,NZL,1982,1.95,1.95,False,-1.057620385497726,0.13282460951472516
New Zealand,NZL,1983,1.92,1.92,False,-1.0723894611909786,0.1292476451651365
New Zealand,NZL,1984,1.93,1.93,False,-1.0674664359598944,0.13043996661499938
New Zealand,NZL,1985,1.93,1.93,False,-1.0674664359598944,0.13043996661499938
New Zealand,NZL,1986,1.96,1.96,False,-1.0526973602666418,0.13401693096458805
New Zealand,NZL,1987,2.03,2.03,False,-1.018236183649053,0.14236318111362822
New Zealand,NZL,1988,2.1,2.1,False,-0.9837750070314637,0.15070943126266845
New Zealand,NZL,1989,2.12,2.12,False,-0.9739289565692953,0.1530940741623942
New Zealand,NZL,1990,2.18,2.18,False,-0.9443908051827904,0.1602480028615715
New Zealand,NZL,1991,2.16,2.16,False,-0.9542368556449587,0.15786335996184575
New Zealand,NZL,1992,2.12,2.12,False,-0.9739289565692953,0.1530940741623942
New Zealand,NZL,1993,2.05,2.05,False,-1.0083901331868845,0.14474782401335398
New Zealand,NZL,1994,2.0,2.0,False,-1.0330052593423054,0.1387862167640396
New Zealand,NZL,1995,1.99,1.99,False,-1.0379282845733893,0.13759389531417668
New Zealand,NZL,1996,1.96,1.96,False,-1.0526973602666418,0.13401693096458805
New Zealand,NZL,1997,1.95,1.95,False,-1.057620385497726,0.13282460951472516
New Zealand,NZL,1998,1.92,1.92,False,-1.0723894611909786,0.1292476451651365
New Zealand,NZL,1999,1.94,1.94,False,-1.0625434107288103,0.1316322880648623
New Zealand,NZL,2000,2.0,2.0,False,-1.0330052593423054,0.1387862167640396
New Zealand,NZL,2001,1.97,1.97,False,-1.047774335035558,0.13520925241445092
New Zealand,NZL,2002,1.89,1.89,False,-1.0871585368842311,0.12567068081554783
New Zealand,NZL,2003,1.91,1.91,False,-1.0773124864220627,0.12805532371527362
New Zealand,NZL,2004,2.0,2.0,False,-1.0330052593423054,0.1387862167640396
New Zealand,NZL,2005,1.96,1.96,False,-1.0526973602666418,0.13401693096458805
New Zealand,NZL,2006,2.0,2.0,False,-1.0330052593423054,0.1387862167640396
New Zealand,NZL,2007,2.11,2.11,False,-0.9788519818003797,0.15190175271253128
New Zealand,NZL,2008,2.19,2.19,False,-0.9394677799517064,0.16144032431143437
New Zealand,NZL,2009,2.14,2.14,False,-0.9640829061071271,0.15547871706211996
New Zealand,NZL,2010,2.16,2.16,False,-0.9542368556449587,0.15786335996184575
New Zealand,NZL,2011,2.1,2.1,False,-0.9837750070314637,0.15070943126266845
Nicaragua,NIC,1960,7.336,7.336,False,1.5939210039641996,0.7750089424108739
Nicaragua,NIC,1961,7.2570000000000014,7.2570000000000014,False,1.5550291046386353,0.7655896029569573
Nicaragua,NIC,1962,7.178999999999999,7.178999999999999,False,1.516629507836178,0.7562894956480266
Nicaragua,NIC,1963,7.109,7.109,False,1.4821683312185892,0.7479432454989865
Nicaragua,NIC,1964,7.0520000000000005,7.0520000000000005,False,1.4541070874014097,0.7411470132347681
Nicaragua,NIC,1965,7.01,7.01,False,1.433430381430856,0.7361392631453438
Nicaragua,NIC,1966,6.981,6.981,False,1.419153608260712,0.7326815309407415
Nicaragua,NIC,1967,6.961,6.961,False,1.4093075577985439,0.7302968880410158
Nicaragua,NIC,1968,6.941,6.941,False,1.3994615073363752,0.72791224514129
Nicaragua,NIC,1969,6.919,6.919,False,1.38863085182799,0.7252891379515917
Nicaragua,NIC,1970,6.892,6.892,False,1.375338683704063,0.7220698700369619
Nicaragua,NIC,1971,6.855,6.855,False,1.3571234903490519,0.7176582806724693
Nicaragua,NIC,1972,6.807,6.807,False,1.3334929692398478,0.7119351377131274
Nicaragua,NIC,1973,6.7479999999999976,6.7479999999999976,False,1.30444712037645,0.7049004411589361
Nicaragua,NIC,1974,6.678,6.678,False,1.269985943758862,0.6965541910098962
Nicaragua,NIC,1975,6.597,6.597,False,1.2301094393870806,0.6868963872660069
Nicaragua,NIC,1976,6.51,6.51,False,1.1872791198766481,0.6765231906521998
Nicaragua,NIC,1977,6.42,6.42,False,1.1429718927968908,0.6657922976034338
Nicaragua,NIC,1978,6.327000000000001,6.327000000000001,False,1.0971877581478087,0.6547037081197091
Nicaragua,NIC,1979,6.232,6.232,False,1.0504190184525088,0.6433766543460117
Nicaragua,NIC,1980,6.131,6.131,False,1.000696463618559,0.6313342077023966
Nicaragua,NIC,1981,6.018,6.018,False,0.9450662785073078,0.6178609753189459
Nicaragua,NIC,1982,5.89,5.89,False,0.8820515555494306,0.602599260760701
Nicaragua,NIC,1983,5.746,5.746,False,0.8111599922218191,0.5854298318826755
Nicaragua,NIC,1984,5.589,5.589,False,0.7338684960937979,0.5667103851198283
Nicaragua,NIC,1985,5.426,5.426,False,0.653623184827126,0.5472755454870633
Nicaragua,NIC,1986,5.267,5.267,False,0.5753470836528881,0.5283176344342434
Nicaragua,NIC,1987,5.118,5.118,False,0.5019940077097342,0.5105520448312865
Nicaragua,NIC,1988,4.985,4.985,False,0.43651777213631493,0.49469416954811013
Nicaragua,NIC,1989,4.865,4.865,False,0.377441469363305,0.4803863121497555
Nicaragua,NIC,1990,4.754,4.754,False,0.3227958892982706,0.4671515440562775
Nicaragua,NIC,1991,4.642,4.642,False,0.26765800671012846,0.45379754381781334
Nicaragua,NIC,1992,4.519,4.519,False,0.20710479636779325,0.4391319899844998
Nicaragua,NIC,1993,4.381,4.381,False,0.13916704817883196,0.4226779539763921
Nicaragua,NIC,1994,4.225,4.225,False,0.06236785457391887,0.40407773935853103
Nicaragua,NIC,1995,4.055,4.055,False,-0.021323574354511717,0.383808274710862
Nicaragua,NIC,1996,3.878,3.878,False,-0.10846112094470105,0.36270418504828905
Nicaragua,NIC,1997,3.702,3.702,False,-0.19510636501178225,0.3417193275307023
Nicaragua,NIC,1998,3.535,3.535,False,-0.27732088637088753,0.32180755931799215
Nicaragua,NIC,1999,3.384,3.384,False,-0.35165856736025836,0.30380350542506257
Nicaragua,NIC,2000,3.2510000000000003,3.2510000000000003,False,-0.41713480293367744,0.2879456301418863
Nicaragua,NIC,2001,3.139,3.139,False,-0.4722726855218202,0.27459162990342195
Nicaragua,NIC,2002,3.0460000000000003,3.0460000000000003,False,-0.5180568201709026,0.2635030404196972
Nicaragua,NIC,2003,2.967,2.967,False,-0.5569487194964675,0.25408370096578037
Nicaragua,NIC,2004,2.903,2.903,False,-0.5884560809754061,0.24645284368665793
Nicaragua,NIC,2005,2.8480000000000003,2.8480000000000003,False,-0.6155327197463688,0.23989507571241211
Nicaragua,NIC,2006,2.802,2.802,False,-0.6381786358093561,0.2344103970430428
Nicaragua,NIC,2007,2.759,2.759,False,-0.6593476443030181,0.2292834148086324
Nicaragua,NIC,2008,2.717,2.717,False,-0.6800243502735713,0.22427566471920832
Nicaragua,NIC,2009,2.675,2.675,False,-0.7007010562441249,0.21926791462978418
Nicaragua,NIC,2010,2.631,2.631,False,-0.7223623672608952,0.2140217002503875
Nicaragua,NIC,2011,2.585,2.585,False,-0.7450082833238822,0.20853702158101825
Niger,NER,1960,7.0520000000000005,7.0520000000000005,False,1.4541070874014097,0.7411470132347681
Niger,NER,1961,7.0829999999999975,7.0829999999999975,False,1.469368465617769,0.7448432097293427
Niger,NER,1962,7.1160000000000005,7.1160000000000005,False,1.4856144488803482,0.7487778705138906
Niger,NER,1963,7.15,7.15,False,1.5023527346660344,0.7528317634434243
Niger,NER,1964,7.185,7.185,False,1.5195833229748286,0.7570048885179443
Niger,NER,1965,7.222,7.222,False,1.5377985163298402,0.761416477882437
Niger,NER,1966,7.26,7.26,False,1.5565060122079597,0.765947299391916
Niger,NER,1967,7.3,7.3,False,1.5761981131322964,0.7707165851913675
Niger,NER,1968,7.341,7.341,False,1.5963825165797416,0.7756051031358053
Niger,NER,1969,7.3820000000000014,7.3820000000000014,False,1.6165669200271873,0.7804936210802433
Niger,NER,1970,7.4220000000000015,7.4220000000000015,False,1.636259020951524,0.7852629068796949
Niger,NER,1971,7.46,7.46,False,1.654966516829643,0.7897937283891736
Niger,NER,1972,7.495,7.495,False,1.6721971051384374,0.7939668534636938
Niger,NER,1973,7.526,7.526,False,1.6874584833547983,0.7976630499582686
Niger,NER,1974,7.553,7.553,False,1.7007506514787256,0.8008823178728984
Niger,NER,1975,7.5779999999999985,7.5779999999999985,False,1.7130582145564353,0.8038631214975555
Niger,NER,1976,7.603,7.603,False,1.7253657776341462,0.8068439251222128
Niger,NER,1977,7.627999999999999,7.627999999999999,False,1.7376733407118563,0.80982472874687
Niger,NER,1978,7.654,7.654,False,1.7504732063126756,0.8129247645165135
Niger,NER,1979,7.681,7.681,False,1.7637653744366029,0.8161440324311433
Niger,NER,1980,7.707000000000002,7.707000000000002,False,1.7765652400374223,0.8192440682007871
Niger,NER,1981,7.731,7.731,False,1.7883805005920235,0.8221056396804578
Niger,NER,1982,7.751,7.751,False,1.798226551054192,0.8244902825801835
Niger,NER,1983,7.7639999999999985,7.7639999999999985,False,1.8046264838546004,0.8260403004650051
Niger,NER,1984,7.773,7.773,False,1.8090572065625767,0.8271133897698818
Niger,NER,1985,7.775,7.775,False,1.810041811608794,0.8273518540598545
Niger,NER,1986,7.774,7.774,False,1.8095495090856855,0.8272326219148681
Niger,NER,1987,7.771,7.771,False,1.8080726015163602,0.8268749254799093
Niger,NER,1988,7.767,7.767,False,1.8061033914239266,0.8263979968999642
Niger,NER,1989,7.7639999999999985,7.7639999999999985,False,1.8046264838546004,0.8260403004650051
Niger,NER,1990,7.763,7.763,False,1.8041341813314928,0.825921068320019
Niger,NER,1991,7.7639999999999985,7.7639999999999985,False,1.8046264838546004,0.8260403004650051
Niger,NER,1992,7.766,7.766,False,1.8056110889008181,0.8262787647549779
Niger,NER,1993,7.769,7.769,False,1.8070879964701434,0.8266364611899367
Niger,NER,1994,7.771,7.771,False,1.8080726015163602,0.8268749254799093
Niger,NER,1995,7.773,7.773,False,1.8090572065625767,0.8271133897698818
Niger,NER,1996,7.772,7.772,False,1.8085649040394687,0.8269941576248956
Niger,NER,1997,7.767,7.767,False,1.8061033914239266,0.8263979968999642
Niger,NER,1998,7.7570000000000014,7.7570000000000014,False,1.801180366192843,0.8252056754501015
Niger,NER,1999,7.7429999999999986,7.7429999999999986,False,1.7942881308693237,0.823536425420293
Niger,NER,2000,7.725,7.725,False,1.785426685453373,0.82139024681054
Niger,NER,2001,7.704,7.704,False,1.7750883324680962,0.8188863717658279
Niger,NER,2002,7.681,7.681,False,1.7637653744366029,0.8161440324311433
Niger,NER,2003,7.657999999999999,7.657999999999999,False,1.7524424164051084,0.8134016930964586
Niger,NER,2004,7.636,7.636,False,1.741611760896724,0.8107785859067604
Niger,NER,2005,7.617000000000001,7.617000000000001,False,1.7322580129576646,0.808513175152021
Niger,NER,2006,7.602,7.602,False,1.7248734751110382,0.8067246929772266
Niger,NER,2007,7.593,7.593,False,1.720442752403062,0.80565160367235
Niger,NER,2008,7.587999999999999,7.587999999999999,False,1.7179812397875198,0.8050554429474185
Niger,NER,2009,7.585,7.585,False,1.7165043322181948,0.8046977465124596
Niger,NER,2010,7.584,7.584,False,1.7160120296950863,0.8045785143674733
Niger,NER,2011,7.581,7.581,False,1.7145351221257614,0.8042208179325145
Nigeria,NGA,1960,6.354,6.354,False,1.1104799262717355,0.6579229760343388
Nigeria,NGA,1961,6.351,6.351,False,1.1090030187024102,0.6575652795993799
Nigeria,NGA,1962,6.346,6.346,False,1.1065415060868682,0.6569691188744485
Nigeria,NGA,1963,6.341,6.341,False,1.1040799934713261,0.656372958149517
Nigeria,NGA,1964,6.336,6.336,False,1.101618480855784,0.6557767974245856
Nigeria,NGA,1965,6.335,6.335,False,1.1011261783326756,0.6556575652795993
Nigeria,NGA,1966,6.3420000000000005,6.3420000000000005,False,1.1045722959944348,0.6564921902945033
Nigeria,NGA,1967,6.359,6.359,False,1.1129414388872776,0.6585191367592702
Nigeria,NGA,1968,6.3870000000000005,6.3870000000000005,False,1.1267259095343134,0.6618576368188863
Nigeria,NGA,1969,6.425,6.425,False,1.1454334054124329,0.6663884583283652
Nigeria,NGA,1970,6.471,6.471,False,1.1680793214754202,0.6718731369977345
Nigeria,NGA,1971,6.522,6.522,False,1.1931867501539495,0.6779539763920353
Nigeria,NGA,1972,6.575,6.575,False,1.2192787838786954,0.6842732800763085
Nigeria,NGA,1973,6.625,6.625,False,1.243893910034116,0.6902348873256229
Nigeria,NGA,1974,6.669,6.669,False,1.2655552210508862,0.6954811017050195
Nigeria,NGA,1975,6.706,6.706,False,1.283770414405898,0.6998926910695124
Nigeria,NGA,1976,6.735,6.735,False,1.298047187576042,0.7033504232741147
Nigeria,NGA,1977,6.7570000000000014,6.7570000000000014,False,1.3088778430844277,0.7059735304638132
Nigeria,NGA,1978,6.772,6.772,False,1.3162623809310532,0.7077620126386073
Nigeria,NGA,1979,6.7810000000000015,6.7810000000000015,False,1.3206931036390297,0.7088351019434841
Nigeria,NGA,1980,6.783,6.783,False,1.3216777086852458,0.7090735662334565
Nigeria,NGA,1981,6.779,6.779,False,1.319708498592812,0.7085966376535113
Nigeria,NGA,1982,6.767,6.767,False,1.3138008683155111,0.7071658519136759
Nigeria,NGA,1983,6.749,6.749,False,1.3049394228995594,0.7050196733039227
Nigeria,NGA,1984,6.726,6.726,False,1.293616464868066,0.7022773339692381
Nigeria,NGA,1985,6.698,6.698,False,1.2798319942210306,0.698938833909622
Nigeria,NGA,1986,6.664,6.664,False,1.2630937084353442,0.6948849409800881
Nigeria,NGA,1987,6.625,6.625,False,1.243893910034116,0.6902348873256229
Nigeria,NGA,1988,6.5820000000000025,6.5820000000000025,False,1.2227249015404555,0.6851079050912128
Nigeria,NGA,1989,6.537000000000001,6.537000000000001,False,1.2005712880005759,0.6797424585668297
Nigeria,NGA,1990,6.49,6.49,False,1.1774330694144801,0.6741385477524741
Nigeria,NGA,1991,6.443,6.443,False,1.1542948508283843,0.6685346369381184
Nigeria,NGA,1992,6.395,6.395,False,1.1306643297191803,0.6628114939787766
Nigeria,NGA,1993,6.348,6.348,False,1.107526111133085,0.6572075831644211
Nigeria,NGA,1994,6.303,6.303,False,1.0853724975932062,0.6518421366400381
Nigeria,NGA,1995,6.261,6.261,False,1.064695791622653,0.646834386550614
Nigeria,NGA,1996,6.222,6.222,False,1.045495993221425,0.6421843328961487
Nigeria,NGA,1997,6.187,6.187,False,1.0282654049126303,0.6380112078216287
Nigeria,NGA,1998,6.154,6.154,False,1.0120194216500524,0.6340765470370812
Nigeria,NGA,1999,6.125,6.125,False,0.9977426484799083,0.6306188148324787
Nigeria,NGA,2000,6.099,6.099,False,0.9849427828790897,0.6275187790628353
Nigeria,NGA,2001,6.077000000000001,6.077000000000001,False,0.9741121273707049,0.624895671873137
Nigeria,NGA,2002,6.058,6.058,False,0.9647583794316444,0.6226302611183975
Nigeria,NGA,2003,6.0420000000000025,6.0420000000000025,False,0.9568815390619111,0.6207225467986172
Nigeria,NGA,2004,6.029,6.029,False,0.9504816062615005,0.619172528913795
Nigeria,NGA,2005,6.02,6.02,False,0.9460508835535245,0.6180994396089184
Nigeria,NGA,2006,6.015,6.015,False,0.9435893709379825,0.617503278883987
Nigeria,NGA,2007,6.015,6.015,False,0.9435893709379825,0.617503278883987
Nigeria,NGA,2008,6.017,6.017,False,0.9445739759841997,0.6177417431739597
Nigeria,NGA,2009,6.021,6.021,False,0.9465431860766331,0.6182186717539048
Nigeria,NGA,2010,6.022,6.022,False,0.9470354885997417,0.6183379038988911
Nigeria,NGA,2011,6.017,6.017,False,0.9445739759841997,0.6177417431739597
Norway,NOR,1960,2.846,2.846,False,-0.6165173247925858,0.2396566114224395
Norway,NOR,1961,2.9130000000000003,2.9130000000000003,False,-0.5835330557443219,0.24764516513652085
Norway,NOR,1962,2.887,2.887,False,-0.5963329213451408,0.2445451293668773
Norway,NOR,1963,2.906,2.906,False,-0.5869791734060809,0.2468105401216168
Norway,NOR,1964,2.964,2.964,False,-0.5584256270657928,0.2537260045308215
Norway,NOR,1965,2.932,2.932,False,-0.5741793078052622,0.24991057589126028
Norway,NOR,1966,2.893,2.893,False,-0.5933791062064904,0.245260522236795
Norway,NOR,1967,2.8,2.8,False,-0.6391632408555731,0.23417193275307022
Norway,NOR,1968,2.75,2.75,False,-0.6637783670109937,0.2282103255037558
Norway,NOR,1969,2.699,2.699,False,-0.688885795689523,0.2221294861094551
Norway,NOR,1970,2.503,2.503,False,-0.7853770902187722,0.19875998569214262
Norway,NOR,1971,2.498,2.498,False,-0.7878386028343143,0.1981638249672112
Norway,NOR,1972,2.372,2.372,False,-0.8498687207459747,0.18314057469893882
Norway,NOR,1973,2.238,2.238,False,-0.9158372588425024,0.16716346727077622
Norway,NOR,1974,2.137,2.137,False,-0.9655598136764524,0.1551210206271611
Norway,NOR,1975,1.991,1.991,False,-1.037435982050281,0.137713127459163
Norway,NOR,1976,1.871,1.871,False,-1.0965122848232909,0.1234052700608084
Norway,NOR,1977,1.76,1.76,False,-1.1511578648883252,0.11017050196733039
Norway,NOR,1978,1.775,1.775,False,-1.1437733270416988,0.1119589841421247
Norway,NOR,1979,1.755,1.755,False,-1.153619377503867,0.10957434124239894
Norway,NOR,1980,1.72,1.72,False,-1.1708499658126617,0.10540121616787886
Norway,NOR,1981,1.7,1.7,False,-1.18069601627483,0.10301657326815308
Norway,NOR,1982,1.69,1.69,False,-1.185619041505914,0.1018242518182902
Norway,NOR,1983,1.66,1.66,False,-1.2003881171991664,0.09824728746870155
Norway,NOR,1984,1.66,1.66,False,-1.2003881171991664,0.09824728746870155
Norway,NOR,1985,1.68,1.68,False,-1.1905420667369984,0.10063193036842732
Norway,NOR,1986,1.71,1.71,False,-1.1757729910437458,0.10420889471801598
Norway,NOR,1987,1.8,1.8,False,-1.1314657639639885,0.11493978776678193
Norway,NOR,1988,1.84,1.84,False,-1.1117736630396517,0.11970907356623345
Norway,NOR,1989,1.88,1.88,False,-1.0920815621153153,0.12447835936568499
Norway,NOR,1990,1.93,1.93,False,-1.0674664359598944,0.13043996661499938
Norway,NOR,1991,1.92,1.92,False,-1.0723894611909786,0.1292476451651365
Norway,NOR,1992,1.88,1.88,False,-1.0920815621153153,0.12447835936568499
Norway,NOR,1993,1.86,1.86,False,-1.1019276125774833,0.12209371646595922
Norway,NOR,1994,1.87,1.87,False,-1.0970045873463992,0.12328603791582213
Norway,NOR,1995,1.87,1.87,False,-1.0970045873463992,0.12328603791582213
Norway,NOR,1996,1.89,1.89,False,-1.0871585368842311,0.12567068081554783
Norway,NOR,1997,1.86,1.86,False,-1.1019276125774833,0.12209371646595922
Norway,NOR,1998,1.81,1.81,False,-1.1265427387329041,0.11613210921664481
Norway,NOR,1999,1.85,1.85,False,-1.1068506378085676,0.12090139501609636
Norway,NOR,2000,1.85,1.85,False,-1.1068506378085676,0.12090139501609636
Norway,NOR,2001,1.78,1.78,False,-1.1413118144261565,0.11255514486705616
Norway,NOR,2002,1.75,1.75,False,-1.156080890119409,0.10897818051746751
Norway,NOR,2003,1.8,1.8,False,-1.1314657639639885,0.11493978776678193
Norway,NOR,2004,1.83,1.83,False,-1.1166966882707359,0.11851675211637058
Norway,NOR,2005,1.84,1.84,False,-1.1117736630396517,0.11970907356623345
Norway,NOR,2006,1.9,1.9,False,-1.0822355116531468,0.12686300226541075
Norway,NOR,2007,1.9,1.9,False,-1.0822355116531468,0.12686300226541075
Norway,NOR,2008,1.96,1.96,False,-1.0526973602666418,0.13401693096458805
Norway,NOR,2009,1.98,1.98,False,-1.0428513098044736,0.1364015738643138
Norway,NOR,2010,1.95,1.95,False,-1.057620385497726,0.13282460951472516
Norway,NOR,2011,1.88,1.88,False,-1.0920815621153153,0.12447835936568499
OECD members,OED,1960,3.247,3.247,False,-0.4191040130261113,0.2874687015619411
OECD members,OED,1961,3.252,3.252,False,-0.41664250041056927,0.2880648622868725
OECD members,OED,1962,3.208,3.208,False,-0.4383038114273394,0.2828186479074759
OECD members,OED,1963,3.1910000000000003,3.1910000000000003,False,-0.4466729543201824,0.280791701442709
OECD members,OED,1964,3.173,3.173,False,-0.45553439973613397,0.2786455228329558
OECD members,OED,1965,3.08,3.08,False,-0.5013185343852166,0.267556933349231
OECD members,OED,1966,2.925,2.925,False,-0.5776254254670211,0.24907595087635626
OECD members,OED,1967,2.917,2.917,False,-0.5815638456518885,0.24812209371646593
OECD members,OED,1968,2.872,2.872,False,-0.6037174591917671,0.24275664719208298
OECD members,OED,1969,2.835,2.835,False,-0.6219326525467784,0.23834505782759033
OECD members,OED,1970,2.799,2.799,False,-0.6396555433786814,0.23405270060808395
OECD members,OED,1971,2.736,2.736,False,-0.6706706023345114,0.2265410754739478
OECD members,OED,1972,2.604,2.604,False,-0.7356545353848223,0.21080243233575774
OECD members,OED,1973,2.522,2.522,False,-0.7760233422797125,0.20102539644688205
OECD members,OED,1974,2.465,2.465,False,-0.8040845860968922,0.19422916418266364
OECD members,OED,1975,2.369,2.369,False,-0.8513456283152999,0.18278287826398001
OECD members,OED,1976,2.302,2.302,False,-0.8843298973635638,0.17479432454989866
OECD members,OED,1977,2.255,2.255,False,-0.9074681159496594,0.1691904137355431
OECD members,OED,1978,2.197,2.197,False,-0.9360216622899474,0.1622749493263384
OECD members,OED,1979,2.191,2.191,False,-0.938975477428598,0.16155955645642064
OECD members,OED,1980,2.169,2.169,False,-0.949806132936983,0.15893644926672232
OECD members,OED,1981,2.121,2.121,False,-0.9734366540461871,0.15321330630738048
OECD members,OED,1982,2.101,2.101,False,-0.9832827045083553,0.15082866340765472
OECD members,OED,1983,2.049,2.049,False,-1.008882435709993,0.1446285918683677
OECD members,OED,1984,2.022,2.022,False,-1.0221746038339203,0.14140932395373793
OECD members,OED,1985,2.0,2.0,False,-1.0330052593423054,0.1387862167640396
OECD members,OED,1986,1.975,1.975,False,-1.0453128224200157,0.1358054131393824
OECD members,OED,1987,1.958,1.958,False,-1.0536819653128586,0.13377846667461546
OECD members,OED,1988,1.963,1.963,False,-1.0512204526973166,0.13437462739954695
OECD members,OED,1989,1.954,1.954,False,-1.0556511754052924,0.1333015380946703
OECD members,OED,1990,1.965,1.965,False,-1.0502358476510998,0.1346130916895195
OECD members,OED,1991,1.943,1.943,False,-1.061066503159485,0.13198998449982116
OECD members,OED,1992,1.922,1.922,False,-1.0714048561447618,0.12948610945510908
OECD members,OED,1993,1.889,1.889,False,-1.0876508394073392,0.12555144867056156
OECD members,OED,1994,1.864,1.864,False,-1.0999584024850497,0.12257064504590437
OECD members,OED,1995,1.826,1.826,False,-1.1186658983631694,0.11803982353642542
OECD members,OED,1996,1.816,1.816,False,-1.1235889235942538,0.11684750208656254
OECD members,OED,1997,1.803,1.803,False,-1.1299888563946632,0.11529748420174078
OECD members,OED,1998,1.798,1.798,False,-1.1324503690102052,0.11470132347680935
OECD members,OED,1999,1.786,1.786,False,-1.1383579992875061,0.11327053773697389
OECD members,OED,2000,1.805,1.805,False,-1.1290042513484464,0.11553594849171335
OECD members,OED,2001,1.777,1.777,False,-1.1427887219954818,0.11219744843209728
OECD members,OED,2002,1.76,1.76,False,-1.1511578648883252,0.11017050196733039
OECD members,OED,2003,1.767,1.767,False,-1.147711747226566,0.1110051269822344
OECD members,OED,2004,1.7719999999999998,1.7719999999999998,False,-1.145250234611024,0.11160128770716582
OECD members,OED,2005,1.766,1.766,False,-1.1482040497496744,0.11088589483724812
OECD members,OED,2006,1.796,1.796,False,-1.1334349740564218,0.11446285918683677
OECD members,OED,2007,1.817,1.817,False,-1.1230966210711453,0.11696673423154881
OECD members,OED,2008,1.824,1.824,False,-1.1196505034093864,0.11780135924645285
OECD members,OED,2009,1.79,1.79,False,-1.1363887891950726,0.11374746631691904
OECD members,OED,2010,1.78,1.78,False,-1.1413118144261565,0.11255514486705616
OECD members,OED,2011,1.759,1.759,False,-1.1516501674114334,0.11005126982234409
Oman,OMN,1960,7.247000000000001,7.247000000000001,False,1.5501060794075507,0.7643972815070943
Oman,OMN,1961,7.247999999999997,7.247999999999997,False,1.5505983819306572,0.7645165136520802
Oman,OMN,1962,7.251,7.251,False,1.5520752894999843,0.7648742100870394
Oman,OMN,1963,7.256,7.256,False,1.5545368021155264,0.7654703708119709
Oman,OMN,1964,7.263,7.263,False,1.557982919777285,0.7663049958268748
Oman,OMN,1965,7.271,7.271,False,1.5619213399621523,0.7672588529867651
Oman,OMN,1966,7.277,7.277,False,1.5648751551008029,0.767974245856683
Oman,OMN,1967,7.282,7.282,False,1.567336667716345,0.7685704065816144
Oman,OMN,1968,7.286,7.286,False,1.5693058778087785,0.7690473351615594
Oman,OMN,1969,7.292999999999997,7.292999999999997,False,1.5727519954705358,0.769881960176463
Oman,OMN,1970,7.311,7.311,False,1.581613440886489,0.7720281387862167
Oman,OMN,1971,7.35,7.35,False,1.600813239287717,0.7766781924406819
Oman,OMN,1972,7.414,7.414,False,1.6323206007666557,0.7843090497198043
Oman,OMN,1973,7.504,7.504,False,1.676627827846413,0.7950399427685703
Oman,OMN,1974,7.617000000000001,7.617000000000001,False,1.7322580129576646,0.808513175152021
Oman,OMN,1975,7.747000000000001,7.747000000000001,False,1.7962573409617586,0.8240133540002385
Oman,OMN,1976,7.885,7.885,False,1.8641950891507193,0.8404673900083461
Oman,OMN,1977,8.017999999999999,8.017999999999999,False,1.9296713247241382,0.8563252652915224
Oman,OMN,1978,8.137,8.137,False,1.9882553249740404,0.8705138905448909
Oman,OMN,1979,8.232000000000001,8.232000000000001,False,2.03502406466934,0.8818409443185884
Oman,OMN,1980,8.299,8.299,False,2.068008333717603,0.8898294980326694
Oman,OMN,1981,8.338,8.338,False,2.0872081321188314,0.8944795516871347
Oman,OMN,1982,8.352,8.352,False,2.0941003674423495,0.8961488017169429
Oman,OMN,1983,8.34,8.34,False,2.0881927371650484,0.8947180159771073
Oman,OMN,1984,8.299,8.299,False,2.068008333717603,0.8898294980326694
Oman,OMN,1985,8.222000000000001,8.222000000000001,False,2.030101039438256,0.8806486228687255
Oman,OMN,1986,8.101,8.101,False,1.9705324341421377,0.8662215333253845
Oman,OMN,1987,7.933,7.933,False,1.8878256102599233,0.846190532967688
Oman,OMN,1988,7.7189999999999985,7.7189999999999985,False,1.782472870314722,0.8206748539406221
Oman,OMN,1989,7.4620000000000015,7.4620000000000015,False,1.6559511218758605,0.7900321926791464
Oman,OMN,1990,7.164,7.164,False,1.5092449699895518,0.7545010134732323
Oman,OMN,1991,6.831,6.831,False,1.3453082297944499,0.7147967091927984
Oman,OMN,1992,6.472,6.472,False,1.1685716239985287,0.6719923691427209
Oman,OMN,1993,6.098,6.098,False,0.984450480355981,0.6273995469178489
Oman,OMN,1994,5.72,5.72,False,0.798360126621,0.5823297961130319
Oman,OMN,1995,5.346,5.346,False,0.6142389829784528,0.5377369738881602
Oman,OMN,1996,4.982,4.982,False,0.43504086456698965,0.49433647311315126
Oman,OMN,1997,4.631,4.631,False,0.26224267895593584,0.45248599022296415
Oman,OMN,1998,4.298,4.298,False,0.09830593876083339,0.4127816859425301
Oman,OMN,1999,3.992,3.992,False,-0.052338633310341755,0.3762966495767259
Oman,OMN,2000,3.72,3.72,False,-0.18624491959583064,0.34386550614045547
Oman,OMN,2001,3.488,3.488,False,-0.30045910495698314,0.3162036485036366
Oman,OMN,2002,3.297,3.297,False,-0.3944888868706904,0.29343030881125554
Oman,OMN,2003,3.144,3.144,False,-0.46981117290627794,0.2751877906283534
Oman,OMN,2004,3.029,3.029,False,-0.5264259630637459,0.26147609395493027
Oman,OMN,2005,2.951,2.951,False,-0.5648255598662022,0.2521759866459998
Oman,OMN,2006,2.906,2.906,False,-0.5869791734060809,0.2468105401216168
Oman,OMN,2007,2.887,2.887,False,-0.5963329213451408,0.2445451293668773
Oman,OMN,2008,2.886,2.886,False,-0.5968252238682491,0.24442589722189104
Oman,OMN,2009,2.894,2.894,False,-0.5928868036833819,0.24537975438178133
Oman,OMN,2010,2.901,2.901,False,-0.589440686021623,0.24621437939668533
Oman,OMN,2011,2.899,2.899,False,-0.5904252910678398,0.24597591510671277
Other small states,OSS,1960,5.841,5.841,False,0.8579287319171185,0.5967568856563729
Other small states,OSS,1961,5.849,5.849,False,0.8618671521019858,0.5977107428162632
Other small states,OSS,1962,5.847,5.847,False,0.860882547055769,0.5974722785262907
Other small states,OSS,1963,5.8320000000000025,5.8320000000000025,False,0.8534980092091439,0.5956837963514966
Other small states,OSS,1964,5.803999999999999,5.803999999999999,False,0.8397135385621067,0.5923452962918802
Other small states,OSS,1965,5.768,5.768,False,0.8219906477302039,0.5880529390723738
Other small states,OSS,1966,5.733,5.733,False,0.8047600594214094,0.5838798139978537
Other small states,OSS,1967,5.7079999999999975,5.7079999999999975,False,0.7924524963436979,0.5808990103731962
Other small states,OSS,1968,5.695,5.695,False,0.7860525635432899,0.5793489924883748
Other small states,OSS,1969,5.698,5.698,False,0.7875294711126152,0.5797066889233337
Other small states,OSS,1970,5.71,5.71,False,0.793437101389916,0.5811374746631691
Other small states,OSS,1971,5.723,5.723,False,0.7998370341903253,0.5826874925479909
Other small states,OSS,1972,5.727,5.727,False,0.8018062442827592,0.5831644211279361
Other small states,OSS,1973,5.716,5.716,False,0.7963909165285665,0.5818528675330868
Other small states,OSS,1974,5.689,5.689,False,0.7830987484046392,0.5786335996184571
Other small states,OSS,1975,5.651,5.651,False,0.7643912525265193,0.5741027781089781
Other small states,OSS,1976,5.602,5.602,False,0.7402684288942072,0.56826040300465
Other small states,OSS,1977,5.569,5.569,False,0.7240224456316293,0.5643257422201025
Other small states,OSS,1978,5.537000000000001,5.537000000000001,False,0.7082687648921605,0.5605103135805414
Other small states,OSS,1979,5.511,5.511,False,0.6954688992913414,0.5574102778108978
Other small states,OSS,1980,5.487,5.487,False,0.6836536387367393,0.5545487063312269
Other small states,OSS,1981,5.462999999999999,5.462999999999999,False,0.671838378182137,0.5516871348515558
Other small states,OSS,1982,5.422999999999999,5.422999999999999,False,0.6521462772578003,0.5469178490521043
Other small states,OSS,1983,5.4,5.4,False,0.6408233192263073,0.5441755097174198
Other small states,OSS,1984,5.348,5.348,False,0.6152235880246695,0.5379754381781328
Other small states,OSS,1985,5.289,5.289,False,0.5861777391612729,0.5309407416239417
Other small states,OSS,1986,5.234,5.234,False,0.5591011003903102,0.5243829736496959
Other small states,OSS,1987,5.169,5.169,False,0.527101436388263,0.5166328842255871
Other small states,OSS,1988,5.129,5.129,False,0.5074093354639264,0.5118635984261356
Other small states,OSS,1989,5.073,5.073,False,0.4798403941698555,0.5051865983069035
Other small states,OSS,1990,5.012,5.012,False,0.4498099402602418,0.49791343746273986
Other small states,OSS,1991,4.94,4.94,False,0.41436415859643627,0.4893287230237272
Other small states,OSS,1992,4.863,4.863,False,0.3764568643170883,0.480147847859783
Other small states,OSS,1993,4.789,4.789,False,0.3400264776070652,0.4713246691307976
Other small states,OSS,1994,4.723,4.723,False,0.3075345110819099,0.4634553475617026
Other small states,OSS,1995,4.645,4.645,False,0.2691349142794533,0.4541552402527721
Other small states,OSS,1996,4.572,4.572,False,0.23319683009253922,0.4454512936687731
Other small states,OSS,1997,4.475,4.475,False,0.18544348535102273,0.4338857756051031
Other small states,OSS,1998,4.39,4.39,False,0.14359777088680742,0.4237510432812686
Other small states,OSS,1999,4.317,4.317,False,0.10765968669989334,0.4150470966972696
Other small states,OSS,2000,4.2360000000000015,4.2360000000000015,False,0.06778318232811237,0.4053892929533804
Other small states,OSS,2001,4.158,4.158,False,0.02938358552565539,0.3960891856444498
Other small states,OSS,2002,4.097,4.097,False,-0.0006468683839579236,0.3888160248002862
Other small states,OSS,2003,4.033,4.033,False,-0.03215422986289654,0.38118516752116377
Other small states,OSS,2004,3.968,3.968,False,-0.06415389386494373,0.37343507809705495
Other small states,OSS,2005,3.902,3.902,False,-0.09664586039009908,0.36556575652796
Other small states,OSS,2006,3.834,3.834,False,-0.13012243196147136,0.35745797066889234
Other small states,OSS,2007,3.777,3.777,False,-0.158183675778651,0.3506617384046739
Other small states,OSS,2008,3.733,3.733,False,-0.1798449867954213,0.3454155240252772
Other small states,OSS,2009,3.691,3.691,False,-0.20052169276597487,0.3404077739358531
Other small states,OSS,2010,3.646,3.646,False,-0.22267530630585353,0.3350423274114701
Other small states,OSS,2011,3.604,3.604,False,-0.24335201227640688,0.33003457732204605
Pacific island small states,PSS,1960,6.774,6.774,False,1.31724698597727,0.7080004769285799
Pacific island small states,PSS,1961,6.678999999999999,6.678999999999999,False,1.2704782462819701,0.6966734231548825
Pacific island small states,PSS,1962,6.572,6.572,False,1.21780187630937,0.6839155836413496
Pacific island small states,PSS,1963,6.4570000000000025,6.4570000000000025,False,1.1611870861519036,0.6702038869679268
Pacific island small states,PSS,1964,6.336,6.336,False,1.101618480855784,0.6557767974245856
Pacific island small states,PSS,1965,6.214,6.214,False,1.0415575730365576,0.6412304757362585
Pacific island small states,PSS,1966,6.091,6.091,False,0.9810043626942223,0.626564921902945
Pacific island small states,PSS,1967,5.968999999999999,5.968999999999999,False,0.9209434548749953,0.6120186002146177
Pacific island small states,PSS,1968,5.848,5.848,False,0.8613748495788772,0.5975915106712769
Pacific island small states,PSS,1969,5.73,5.73,False,0.8032831518520844,0.583522117562895
Pacific island small states,PSS,1970,5.6160000000000005,5.6160000000000005,False,0.7471606642177252,0.5699296530344581
Pacific island small states,PSS,1971,5.51,5.51,False,0.6949765967682328,0.5572910456659115
Pacific island small states,PSS,1972,5.412999999999999,5.412999999999999,False,0.6472232520267163,0.5457255276022415
Pacific island small states,PSS,1973,5.327999999999999,5.327999999999999,False,0.605377537562501,0.5355907952784069
Pacific island small states,PSS,1974,5.257999999999999,5.257999999999999,False,0.5709163609449117,0.5272445451293667
Pacific island small states,PSS,1975,5.202000000000001,5.202000000000001,False,0.5433474196508413,0.5205675450101348
Pacific island small states,PSS,1976,5.158,5.158,False,0.5216861086340708,0.515321330630738
Pacific island small states,PSS,1977,5.122000000000001,5.122000000000001,False,0.503963217802168,0.5110289734112317
Pacific island small states,PSS,1978,5.085,5.085,False,0.4857480244471563,0.506617384046739
Pacific island small states,PSS,1979,5.042,5.042,False,0.4645790159534944,0.5014904018123285
Pacific island small states,PSS,1980,4.99,4.99,False,0.43897928475185694,0.4952903302730416
Pacific island small states,PSS,1981,4.927,4.927,False,0.4079642257960265,0.48777870513890537
Pacific island small states,PSS,1982,4.855,4.855,False,0.37251844413222096,0.47919399069989266
Pacific island small states,PSS,1983,4.7780000000000005,4.7780000000000005,False,0.334611149852873,0.47001311553594854
Pacific island small states,PSS,1984,4.7010000000000005,4.7010000000000005,False,0.296703855573525,0.4608322403720043
Pacific island small states,PSS,1985,4.627,4.627,False,0.26027346886350194,0.4520090616430189
Pacific island small states,PSS,1986,4.56,4.56,False,0.227289199815238,0.4440205079289376
Pacific island small states,PSS,1987,4.501,4.501,False,0.19824335095184187,0.4369858113747467
Pacific island small states,PSS,1988,4.449,4.449,False,0.17264361975020404,0.4307857398354596
Pacific island small states,PSS,1989,4.402,4.402,False,0.14950540116410865,0.4251818290211041
Pacific island small states,PSS,1990,4.357,4.357,False,0.12735178762423,0.41981638249672115
Pacific island small states,PSS,1991,4.312,4.312,False,0.10519817408435132,0.4144509359723382
Pacific island small states,PSS,1992,4.263999999999999,4.263999999999999,False,0.08156765297514693,0.4087277930129962
Pacific island small states,PSS,1993,4.215,4.215,False,0.05744482934283482,0.40288541790866816
Pacific island small states,PSS,1994,4.163,4.163,False,0.03184509814119742,0.3966853463693812
Pacific island small states,PSS,1995,4.11,4.11,False,0.005753064416451428,0.39036604268510794
Pacific island small states,PSS,1996,4.056,4.056,False,-0.02083127183140314,0.38392750685584837
Pacific island small states,PSS,1997,4.002,4.002,False,-0.0474156080792577,0.37748897102658874
Pacific island small states,PSS,1998,3.948,3.948,False,-0.07399994432711206,0.37105043519732916
Pacific island small states,PSS,1999,3.894,3.894,False,-0.10058428057496639,0.36461189936806965
Pacific island small states,PSS,2000,3.842,3.842,False,-0.12618401177660402,0.35841182782878267
Pacific island small states,PSS,2001,3.791,3.791,False,-0.1512914404551333,0.3523309884344819
Pacific island small states,PSS,2002,3.741,3.741,False,-0.17590656661055398,0.3463693811851675
Pacific island small states,PSS,2003,3.693,3.693,False,-0.19953708771975792,0.3406462382258257
Pacific island small states,PSS,2004,3.646,3.646,False,-0.22267530630585353,0.3350423274114701
Pacific island small states,PSS,2005,3.6010000000000004,3.6010000000000004,False,-0.24482891984573196,0.3296768808870872
Pacific island small states,PSS,2006,3.557,3.557,False,-0.2664902308625025,0.3244306665076905
Pacific island small states,PSS,2007,3.514,3.514,False,-0.28765923935616444,0.31930368427328004
Pacific island small states,PSS,2008,3.472,3.472,False,-0.30833594532671776,0.314295934183856
Pacific island small states,PSS,2009,3.43,3.43,False,-0.32901265129727114,0.3092881840944319
Pacific island small states,PSS,2010,3.389,3.389,False,-0.34919705474471635,0.30439966614999403
Pacific island small states,PSS,2011,3.349,3.349,False,-0.3688891556690528,0.2996303803505425
Pakistan,PAK,1960,6.6,6.6,False,1.2315863469564055,0.6872540837009656
Pakistan,PAK,1961,6.6,6.6,False,1.2315863469564055,0.6872540837009656
Pakistan,PAK,1962,6.6,6.6,False,1.2315863469564055,0.6872540837009656
Pakistan,PAK,1963,6.6,6.6,False,1.2315863469564055,0.6872540837009656
Pakistan,PAK,1964,6.6,6.6,False,1.2315863469564055,0.6872540837009656
Pakistan,PAK,1965,6.6,6.6,False,1.2315863469564055,0.6872540837009656
Pakistan,PAK,1966,6.6,6.6,False,1.2315863469564055,0.6872540837009656
Pakistan,PAK,1967,6.6,6.6,False,1.2315863469564055,0.6872540837009656
Pakistan,PAK,1968,6.6,6.6,False,1.2315863469564055,0.6872540837009656
Pakistan,PAK,1969,6.6,6.6,False,1.2315863469564055,0.6872540837009656
Pakistan,PAK,1970,6.601,6.601,False,1.2320786494795142,0.687373315845952
Pakistan,PAK,1971,6.602,6.602,False,1.2325709520026227,0.6874925479909383
Pakistan,PAK,1972,6.605,6.605,False,1.234047859571948,0.6878502444258972
Pakistan,PAK,1973,6.608,6.608,False,1.2355247671412728,0.688207940860856
Pakistan,PAK,1974,6.6110000000000015,6.6110000000000015,False,1.237001674710599,0.6885656372958151
Pakistan,PAK,1975,6.612,6.612,False,1.2374939772337068,0.6886848694408012
Pakistan,PAK,1976,6.608,6.608,False,1.2355247671412728,0.688207940860856
Pakistan,PAK,1977,6.599,6.599,False,1.2310940444332974,0.6871348515559794
Pakistan,PAK,1978,6.5829999999999975,6.5829999999999975,False,1.2232172040635614,0.6852271372361985
Pakistan,PAK,1979,6.561,6.561,False,1.2123865485551775,0.6826040300465005
Pakistan,PAK,1980,6.535,6.535,False,1.1995866829543587,0.679503994276857
Pakistan,PAK,1981,6.507999999999999,6.507999999999999,False,1.1862945148304311,0.676284726362227
Pakistan,PAK,1982,6.483,6.483,False,1.1739869517527208,0.6733039227375699
Pakistan,PAK,1983,6.46,6.46,False,1.1626639937212275,0.6705615834028853
Pakistan,PAK,1984,6.436,6.436,False,1.1508487331666255,0.6677000119232144
Pakistan,PAK,1985,6.407,6.407,False,1.1365719599964814,0.664242279718612
Pakistan,PAK,1986,6.367000000000001,6.367000000000001,False,1.1168798590721454,0.6594729939191606
Pakistan,PAK,1987,6.31,6.31,False,1.088818615254965,0.652676761654942
Pakistan,PAK,1988,6.234,6.234,False,1.0514036234987256,0.6436151186359842
Pakistan,PAK,1989,6.138,6.138,False,1.0041425812803177,0.6321688327173005
Pakistan,PAK,1990,6.024,6.024,False,0.9480200936459584,0.6185763681888636
Pakistan,PAK,1991,5.899,5.899,False,0.8864822782574064,0.6036723500655776
Pakistan,PAK,1992,5.767,5.767,False,0.8214983452070957,0.5879337069273876
Pakistan,PAK,1993,5.634,5.634,False,0.7560221096336766,0.5720758316442113
Pakistan,PAK,1994,5.499,5.499,False,0.6895612690140401,0.5559794920710622
Pakistan,PAK,1995,5.359,5.359,False,0.6206389157788621,0.5392869917729819
Pakistan,PAK,1996,5.207999999999998,5.207999999999998,False,0.5463012347894907,0.5212829378800522
Pakistan,PAK,1997,5.042,5.042,False,0.4645790159534944,0.5014904018123285
Pakistan,PAK,1998,4.8610000000000015,4.8610000000000015,False,0.375472259270872,0.47990938356981055
Pakistan,PAK,1999,4.669,4.669,False,0.2809501748340553,0.457016811732443
Pakistan,PAK,2000,4.474,4.474,False,0.1849511828279146,0.43376654346011684
Pakistan,PAK,2001,4.29,4.29,False,0.09436751857596606,0.4118278287826398
Pakistan,PAK,2002,4.125,4.125,False,0.013137602263077502,0.3921545248599022
Pakistan,PAK,2003,3.986,3.986,False,-0.055292448448992136,0.3755812567068082
Pakistan,PAK,2004,3.873,3.873,False,-0.11092263356024308,0.3621080243233576
Pakistan,PAK,2005,3.785,3.785,False,-0.15424525559378366,0.35161559556456423
Pakistan,PAK,2006,3.713,3.713,False,-0.18969103725758962,0.34303088112555147
Pakistan,PAK,2007,3.648,3.648,False,-0.22169070125963658,0.3352807917014427
Pakistan,PAK,2008,3.5810000000000004,3.5810000000000004,False,-0.2546749703079003,0.32729223798736146
Pakistan,PAK,2009,3.509,3.509,False,-0.29012075197170645,0.31870752354834864
Pakistan,PAK,2010,3.43,3.43,False,-0.32901265129727114,0.3092881840944319
Pakistan,PAK,2011,3.347,3.347,False,-0.36987376071526973,0.2993919160605699
Palau,PLW,1960,,2.757,False,-0.6603322493492347,0.22904495051865986
Palau,PLW,1961,,2.757,False,-0.6603322493492347,0.22904495051865986
Palau,PLW,1962,,2.757,False,-0.6603322493492347,0.22904495051865986
Palau,PLW,1963,,2.757,False,-0.6603322493492347,0.22904495051865986
Palau,PLW,1964,,2.757,False,-0.6603322493492347,0.22904495051865986
Palau,PLW,1965,,2.757,False,-0.6603322493492347,0.22904495051865986
Palau,PLW,1966,,2.757,False,-0.6603322493492347,0.22904495051865986
Palau,PLW,1967,,2.757,False,-0.6603322493492347,0.22904495051865986
Palau,PLW,1968,,2.757,False,-0.6603322493492347,0.22904495051865986
Palau,PLW,1969,,2.757,False,-0.6603322493492347,0.22904495051865986
Palau,PLW,1970,,2.757,False,-0.6603322493492347,0.22904495051865986
Palau,PLW,1971,,2.757,False,-0.6603322493492347,0.22904495051865986
Palau,PLW,1972,,2.757,False,-0.6603322493492347,0.22904495051865986
Palau,PLW,1973,,2.757,False,-0.6603322493492347,0.22904495051865986
Palau,PLW,1974,,2.757,False,-0.6603322493492347,0.22904495051865986
Palau,PLW,1975,,2.757,False,-0.6603322493492347,0.22904495051865986
Palau,PLW,1976,,2.757,False,-0.6603322493492347,0.22904495051865986
Palau,PLW,1977,,2.757,False,-0.6603322493492347,0.22904495051865986
Palau,PLW,1978,,2.757,False,-0.6603322493492347,0.22904495051865986
Palau,PLW,1979,,2.757,False,-0.6603322493492347,0.22904495051865986
Palau,PLW,1980,,2.757,False,-0.6603322493492347,0.22904495051865986
Palau,PLW,1981,,2.757,False,-0.6603322493492347,0.22904495051865986
Palau,PLW,1982,,2.757,False,-0.6603322493492347,0.22904495051865986
Palau,PLW,1983,,2.757,False,-0.6603322493492347,0.22904495051865986
Palau,PLW,1984,,2.757,False,-0.6603322493492347,0.22904495051865986
Palau,PLW,1985,,2.757,False,-0.6603322493492347,0.22904495051865986
Palau,PLW,1986,,2.757,False,-0.6603322493492347,0.22904495051865986
Palau,PLW,1987,,2.757,False,-0.6603322493492347,0.22904495051865986
Palau,PLW,1988,,2.757,False,-0.6603322493492347,0.22904495051865986
Palau,PLW,1989,,2.757,False,-0.6603322493492347,0.22904495051865986
Palau,PLW,1990,2.757,2.757,False,-0.6603322493492347,0.22904495051865986
Palau,PLW,1991,,2.7778,False,-0.6500923568685797,0.23152497913437464
Palau,PLW,1992,,2.7986,False,-0.6398524643879248,0.23400500775008942
Palau,PLW,1993,,2.8194000000000004,False,-0.6296125719072695,0.23648503636580426
Palau,PLW,1994,,2.8402000000000003,False,-0.6193726794266144,0.23896506498151907
Palau,PLW,1995,2.861,2.861,False,-0.6091327869459595,0.24144509359723385
Palau,PLW,1996,,2.5958,False,-0.7396914160743113,0.20982472874687016
Palau,PLW,1997,,2.3306,False,-0.8702500452026631,0.1782043638965065
Palau,PLW,1998,,2.0654000000000003,False,-1.0008086743310147,0.1465839990461429
Palau,PLW,1999,,1.8002,False,-1.1313673034593665,0.11496363419577918
Palau,PLW,2000,1.535,1.535,False,-1.2619259325877183,0.08334326934541551
Palau,PLW,2001,,1.535,False,-1.2619259325877183,0.08334326934541551
Palau,PLW,2002,,1.535,False,-1.2619259325877183,0.08334326934541551
Palau,PLW,2003,,1.535,False,-1.2619259325877183,0.08334326934541551
Palau,PLW,2004,,1.535,False,-1.2619259325877183,0.08334326934541551
Palau,PLW,2005,,1.535,False,-1.2619259325877183,0.08334326934541551
Palau,PLW,2006,,1.535,False,-1.2619259325877183,0.08334326934541551
Palau,PLW,2007,,1.535,False,-1.2619259325877183,0.08334326934541551
Palau,PLW,2008,,1.535,False,-1.2619259325877183,0.08334326934541551
Palau,PLW,2009,,1.535,False,-1.2619259325877183,0.08334326934541551
Palau,PLW,2010,,1.535,False,-1.2619259325877183,0.08334326934541551
Palau,PLW,2011,,1.535,False,-1.2619259325877183,0.08334326934541551
Panama,PAN,1960,5.87,5.87,False,0.8722055050872625,0.6002146178609753
Panama,PAN,1961,5.846,5.846,False,0.8603902445326604,0.5973530463813044
Panama,PAN,1962,5.812,5.812,False,0.8436519587469744,0.5932991534517705
Panama,PAN,1963,5.765,5.765,False,0.8205137401608786,0.5876952426374149
Panama,PAN,1964,5.7070000000000025,5.7070000000000025,False,0.7919601938205919,0.5807797782282106
Panama,PAN,1965,5.638,5.638,False,0.75799131972611,0.5725527602241564
Panama,PAN,1966,5.559,5.559,False,0.7190994204005453,0.5631334207702396
Panama,PAN,1967,5.472,5.472,False,0.6762691008901133,0.5527602241564326
Panama,PAN,1968,5.377999999999999,5.377999999999999,False,0.6299926637179216,0.5415524025277213
Panama,PAN,1969,5.279,5.279,False,0.5812547139301889,0.5297484201740789
Panama,PAN,1970,5.172999999999999,5.172999999999999,False,0.5290706464806965,0.5171098128055323
Panama,PAN,1971,5.06,5.06,False,0.47344046136944573,0.5036365804220817
Panama,PAN,1972,4.939,4.939,False,0.41387185607332766,0.4892094908787408
Panama,PAN,1973,4.81,4.81,False,0.35036483059234186,0.4738285441755097
Panama,PAN,1974,4.675,4.675,False,0.2839039899727059,0.45773220460236075
Panama,PAN,1975,4.537,4.537,False,0.21596624178374463,0.441278168594253
Panama,PAN,1976,4.398,4.398,False,0.14753619107167476,0.4247049004411589
Panama,PAN,1977,4.26,4.26,False,0.07959844288271348,0.40825086443305114
Panama,PAN,1978,4.128,4.128,False,0.014614509832402804,0.39251222129486113
Panama,PAN,1979,4.002,4.002,False,-0.0474156080792577,0.37748897102658874
Panama,PAN,1980,3.884,3.884,False,-0.10550730580605067,0.3634195779182067
Panama,PAN,1981,3.775,3.775,False,-0.15916828082486795,0.3504232741147013
Panama,PAN,1982,3.673,3.673,False,-0.20938313818192625,0.3382615953260999
Panama,PAN,1983,3.579,3.579,False,-0.2556595753541172,0.32705377369738886
Panama,PAN,1984,3.492,3.492,False,-0.29848989486454947,0.3166805770835817
Panama,PAN,1985,3.41,3.41,False,-0.33885870175943944,0.3069035411947061
Panama,PAN,1986,3.334,3.334,False,-0.3762736935156791,0.2978418981757482
Panama,PAN,1987,3.262,3.262,False,-0.411719475179485,0.2892571837367354
Panama,PAN,1988,3.195,3.195,False,-0.44470374422774894,0.28126863002265406
Panama,PAN,1989,3.132,3.132,False,-0.47571880318357895,0.27375700488851795
Panama,PAN,1990,3.075,3.075,False,-0.5037800470007586,0.2669607726242995
Panama,PAN,1991,3.024,3.024,False,-0.5288874756792878,0.2608799332299988
Panama,PAN,1992,2.982,2.982,False,-0.5495641816498412,0.25587218314057475
Panama,PAN,1993,2.948,2.948,False,-0.5663024674355275,0.2518182902110409
Panama,PAN,1994,2.9210000000000003,2.9210000000000003,False,-0.5795946355594546,0.24859902229641115
Panama,PAN,1995,2.901,2.901,False,-0.589440686021623,0.24621437939668533
Panama,PAN,1996,2.884,2.884,False,-0.5978098289144661,0.24418743293191844
Panama,PAN,1997,2.87,2.87,False,-0.6047020642379838,0.2425181829021104
Panama,PAN,1998,2.855,2.855,False,-0.6120866020846101,0.2407297007273161
Panama,PAN,1999,2.839,2.839,False,-0.6199634424543448,0.23882198640753546
Panama,PAN,2000,2.821,2.821,False,-0.6288248878702961,0.2366758077977823
Panama,PAN,2001,2.799,2.799,False,-0.6396555433786814,0.23405270060808395
Panama,PAN,2002,2.775,2.775,False,-0.6514708039332834,0.23119112912841303
Panama,PAN,2003,2.75,2.75,False,-0.6637783670109937,0.2282103255037558
Panama,PAN,2004,2.724,2.724,False,-0.6765782326118124,0.22511028973411235
Panama,PAN,2005,2.696,2.696,False,-0.6903627032588481,0.22177178967449626
Panama,PAN,2006,2.667,2.667,False,-0.7046394764289923,0.21831405746989388
Panama,PAN,2007,2.637,2.637,False,-0.7194085521222446,0.21473709312030523
Panama,PAN,2008,2.608,2.608,False,-0.7336853252923886,0.2112793609157029
Panama,PAN,2009,2.5780000000000003,2.5780000000000003,False,-0.748454400985641,0.20770239656611428
Panama,PAN,2010,2.549,2.549,False,-0.7627311741557853,0.20424466436151187
Panama,PAN,2011,2.521,2.521,False,-0.7765156448028209,0.20090616430189578
Papua New Guinea,PNG,1960,6.275,6.275,False,1.0715880269461708,0.6485036365804221
Papua New Guinea,PNG,1961,6.278,6.278,False,1.0730649345154957,0.6488613330153808
Papua New Guinea,PNG,1962,6.278,6.278,False,1.0730649345154957,0.6488613330153808
Papua New Guinea,PNG,1963,6.275,6.275,False,1.0715880269461708,0.6485036365804221
Papua New Guinea,PNG,1964,6.268,6.268,False,1.0681419092844116,0.6476690115655179
Papua New Guinea,PNG,1965,6.257999999999999,6.257999999999999,False,1.0632188840533272,0.646476690115655
Papua New Guinea,PNG,1966,6.244,6.244,False,1.0563266487298097,0.644807440085847
Papua New Guinea,PNG,1967,6.227,6.227,False,1.0479575058369668,0.6427804936210803
Papua New Guinea,PNG,1968,6.2079999999999975,6.2079999999999975,False,1.0386037578979057,0.6405150828663404
Papua New Guinea,PNG,1969,6.187,6.187,False,1.0282654049126303,0.6380112078216287
Papua New Guinea,PNG,1970,6.162999999999999,6.162999999999999,False,1.0164501443580278,0.6351496363419576
Papua New Guinea,PNG,1971,6.1370000000000005,6.1370000000000005,False,1.0036502787572095,0.6320496005723143
Papua New Guinea,PNG,1972,6.108,6.108,False,0.9893735055870652,0.6285918683677119
Papua New Guinea,PNG,1973,6.077000000000001,6.077000000000001,False,0.9741121273707049,0.624895671873137
Papua New Guinea,PNG,1974,6.041,6.041,False,0.9563892365388016,0.6206033146536306
Papua New Guinea,PNG,1975,6.0,6.0,False,0.9362048330913564,0.6157147967091927
Papua New Guinea,PNG,1976,5.954,5.954,False,0.9135589170283692,0.6102301180398234
Papua New Guinea,PNG,1977,5.9,5.9,False,0.886974580780515,0.603791582210564
Papua New Guinea,PNG,1978,5.839,5.839,False,0.8569441268709017,0.5965184213664003
Papua New Guinea,PNG,1979,5.771,5.771,False,0.8234675552995292,0.5884106355073327
Papua New Guinea,PNG,1980,5.694,5.694,False,0.7855602610201813,0.5792297603433885
Papua New Guinea,PNG,1981,5.609,5.609,False,0.743714546555966,0.569095028019554
Papua New Guinea,PNG,1982,5.515,5.515,False,0.6974381093837748,0.5578872063908429
Papua New Guinea,PNG,1983,5.415,5.415,False,0.6482078570729334,0.5459639918922141
Papua New Guinea,PNG,1984,5.312,5.312,False,0.5975006971927668,0.5336830809586264
Papua New Guinea,PNG,1985,5.21,5.21,False,0.5472858398357082,0.521521402170025
Papua New Guinea,PNG,1986,5.11,5.11,False,0.49805558752486684,0.5095981876713962
Papua New Guinea,PNG,1987,5.018,5.018,False,0.45276375539889235,0.4986288303326576
Papua New Guinea,PNG,1988,4.934,4.934,False,0.41141034345778565,0.4886133301538094
Papua New Guinea,PNG,1989,4.8610000000000015,4.8610000000000015,False,0.375472259270872,0.47990938356981055
Papua New Guinea,PNG,1990,4.802,4.802,False,0.34642641040747457,0.47287468701561935
Papua New Guinea,PNG,1991,4.757,4.757,False,0.3242727968675959,0.4675092404912364
Papua New Guinea,PNG,1992,4.724,4.724,False,0.30802681360501843,0.4635745797066889
Papua New Guinea,PNG,1993,4.7010000000000005,4.7010000000000005,False,0.296703855573525,0.4608322403720043
Papua New Guinea,PNG,1994,4.685,4.685,False,0.28882701520378995,0.4589245260522236
Papua New Guinea,PNG,1995,4.671,4.671,False,0.28193477988027243,0.45725527602241567
Papua New Guinea,PNG,1996,4.654,4.654,False,0.2735656369874292,0.45522832955764875
Papua New Guinea,PNG,1997,4.631,4.631,False,0.26224267895593584,0.45248599022296415
Papua New Guinea,PNG,1998,4.599,4.599,False,0.2464889982164665,0.4486705615834029
Papua New Guinea,PNG,1999,4.557,4.557,False,0.22581229224591315,0.4436628114939788
Papua New Guinea,PNG,2000,4.507,4.507,False,0.20119716609049204,0.4377012042446643
Papua New Guinea,PNG,2001,4.4510000000000005,4.4510000000000005,False,0.17362822479642118,0.4310242041254323
Papua New Guinea,PNG,2002,4.392,4.392,False,0.1445823759330246,0.42398950757124126
Papua New Guinea,PNG,2003,4.335,4.335,False,0.11652113211584472,0.41719327530702277
Papua New Guinea,PNG,2004,4.279,4.279,False,0.08895219082177344,0.4105162751877906
Papua New Guinea,PNG,2005,4.226,4.226,False,0.06286015709702746,0.40419697150351735
Papua New Guinea,PNG,2006,4.174,4.174,False,0.03726042589539005,0.3979968999642304
Papua New Guinea,PNG,2007,4.122,4.122,False,0.011660694693752199,0.39179682842494334
Papua New Guinea,PNG,2008,4.067,4.067,False,-0.015415944077210508,0.3852390604506975
Papua New Guinea,PNG,2009,4.011,4.011,False,-0.0429848853712818,0.3785620603314654
Papua New Guinea,PNG,2010,3.954,3.954,False,-0.07104612918846144,0.37176582806724695
Papua New Guinea,PNG,2011,3.896,3.896,False,-0.09959967552874968,0.3648503636580422
Paraguay,PRY,1960,6.5,6.5,False,1.1823560946455642,0.6753308692023369
Paraguay,PRY,1961,6.489,6.489,False,1.1769407668913716,0.6740193156074877
Paraguay,PRY,1962,6.472,6.472,False,1.1685716239985287,0.6719923691427209
Paraguay,PRY,1963,6.447,6.447,False,1.1562640609208181,0.6690115655180636
Paraguay,PRY,1964,6.41,6.41,False,1.138048867565807,0.6645999761535709
Paraguay,PRY,1965,6.356,6.356,False,1.1114645313179523,0.6581614403243113
Paraguay,PRY,1966,6.276,6.276,False,1.072080329469279,0.6486228687254083
Paraguay,PRY,1967,6.17,6.17,False,1.0198962620197871,0.6359842613568617
Paraguay,PRY,1968,6.041,6.041,False,0.9563892365388016,0.6206033146536306
Paraguay,PRY,1969,5.894,5.894,False,0.8840207656418645,0.6030761893406462
Paraguay,PRY,1970,5.739,5.739,False,0.8077138745600599,0.5845952068677714
Paraguay,PRY,1971,5.589,5.589,False,0.7338684960937979,0.5667103851198283
Paraguay,PRY,1972,5.456,5.456,False,0.6683922605203786,0.5508525098366519
Paraguay,PRY,1973,5.347,5.347,False,0.6147312855015613,0.5378562060331465
Paraguay,PRY,1974,5.267,5.267,False,0.5753470836528881,0.5283176344342434
Paraguay,PRY,1975,5.2170000000000005,5.2170000000000005,False,0.5507319574974674,0.522356027184929
Paraguay,PRY,1976,5.1960000000000015,5.1960000000000015,False,0.5403936045121912,0.5198521521402171
Paraguay,PRY,1977,5.195,5.195,False,0.5399013019890821,0.5197329199952306
Paraguay,PRY,1978,5.202999999999999,5.202999999999999,False,0.543839722173949,0.5206867771551209
Paraguay,PRY,1979,5.214,5.214,False,0.5492550499281421,0.5219983307499702
Paraguay,PRY,1980,5.218999999999999,5.218999999999999,False,0.5517165625436837,0.5225944914749014
Paraguay,PRY,1981,5.212999999999999,5.212999999999999,False,0.5487627474050331,0.5218790986049837
Paraguay,PRY,1982,5.191,5.191,False,0.5379320918966483,0.5192559914152854
Paraguay,PRY,1983,5.151,5.151,False,0.5182399909723117,0.514486705615834
Paraguay,PRY,1984,5.093999999999999,5.093999999999999,False,0.49017874715513177,0.5076904733516154
Paraguay,PRY,1985,5.02,5.02,False,0.4537483604451091,0.49886729462263013
Paraguay,PRY,1986,4.931,4.931,False,0.4099334358884604,0.48825563371885056
Paraguay,PRY,1987,4.835,4.835,False,0.36267239367005244,0.4768093478001669
Paraguay,PRY,1988,4.7360000000000015,4.7360000000000015,False,0.3139344438823201,0.46500536544652454
Paraguay,PRY,1989,4.637,4.637,False,0.265196494094586,0.45320138309288177
Paraguay,PRY,1990,4.541,4.541,False,0.2179354518761785,0.4417550971741982
Paraguay,PRY,1991,4.448,4.448,False,0.17215131722709587,0.4306665076904734
Paraguay,PRY,1992,4.356,4.356,False,0.1268594851011214,0.4196971503517348
Paraguay,PRY,1993,4.266,4.266,False,0.08255225802136408,0.40896625730296887
Paraguay,PRY,1994,4.177,4.177,False,0.03873733346471491,0.3983545963991892
Paraguay,PRY,1995,4.09,4.09,False,-0.004092986045717108,0.3879813997853821
Paraguay,PRY,1996,4.005,4.005,False,-0.0459387005099324,0.3778466674615476
Paraguay,PRY,1997,3.921,3.921,False,-0.08729211245103934,0.3678311672826994
Paraguay,PRY,1998,3.839,3.839,False,-0.12766091934592932,0.35805413139382375
Paraguay,PRY,1999,3.758,3.758,False,-0.16753742371771096,0.34839632764993445
Paraguay,PRY,2000,3.677,3.677,False,-0.20741392808949258,0.3387385239060451
Paraguay,PRY,2001,3.595,3.595,False,-0.24778273498438258,0.32896148801716946
Paraguay,PRY,2002,3.512,3.512,False,-0.28864384440238117,0.3190652199833075
Paraguay,PRY,2003,3.429,3.429,False,-0.3295049538203797,0.30916895194944555
Paraguay,PRY,2004,3.346,3.346,False,-0.37036606323837806,0.29927268391558365
Paraguay,PRY,2005,3.266,3.266,False,-0.40975026508705137,0.28973411231668056
Paraguay,PRY,2006,3.1910000000000003,3.1910000000000003,False,-0.4466729543201824,0.280791701442709
Paraguay,PRY,2007,3.123,3.123,False,-0.48014952589155463,0.27268391558364136
Paraguay,PRY,2008,3.063,3.063,False,-0.5096876772780596,0.26552998688446405
Paraguay,PRY,2009,3.012,3.012,False,-0.5347951059565889,0.25944914749016335
Paraguay,PRY,2010,2.968,2.968,False,-0.5564564169733591,0.25420293311076664
Paraguay,PRY,2011,2.931,2.931,False,-0.5746716103283704,0.249791343746274
Peru,PER,1960,6.876,6.876,False,1.3674618433343284,0.7201621557171813
Peru,PER,1961,6.872000000000001,6.872000000000001,False,1.365492633241895,0.7196852271372363
Peru,PER,1962,6.86,6.86,False,1.359585002964594,0.7182544413974007
Peru,PER,1963,6.836,6.836,False,1.347769742409992,0.7153928699177298
Peru,PER,1964,6.8,6.8,False,1.3300468515780888,0.7111005126982234
Peru,PER,1965,6.75,6.75,False,1.305431725422668,0.705138905448909
Peru,PER,1966,6.684,6.684,False,1.2729397588975127,0.697269583879814
Peru,PER,1967,6.605,6.605,False,1.234047859571948,0.6878502444258972
Peru,PER,1968,6.515,6.515,False,1.1897406324921902,0.6771193513771312
Peru,PER,1969,6.415,6.415,False,1.1405103801813488,0.6651961368785024
Peru,PER,1970,6.307,6.307,False,1.0873417076856402,0.6523190652199833
Peru,PER,1971,6.192,6.192,False,1.0307269175281724,0.6386073685465601
Peru,PER,1972,6.073,6.073,False,0.972142917278271,0.6244187432931918
Peru,PER,1973,5.952000000000001,5.952000000000001,False,0.9125743119821529,0.609991653749851
Peru,PER,1974,5.827999999999999,5.827999999999999,False,0.8515287991167086,0.5952068677715511
Peru,PER,1975,5.702000000000001,5.702000000000001,False,0.7894986812050491,0.580183617503279
Peru,PER,1976,5.572,5.572,False,0.7254993532009546,0.5646834386550613
Peru,PER,1977,5.437,5.437,False,0.6590385125813186,0.5485870990819125
Peru,PER,1978,5.2970000000000015,5.2970000000000015,False,0.5901161593461411,0.5318945987838323
Peru,PER,1979,5.153,5.153,False,0.5192245960185283,0.5147251699058065
Peru,PER,1980,5.009,5.009,False,0.4483330326909169,0.49755574102778105
Peru,PER,1981,4.8660000000000005,4.8660000000000005,False,0.3779337718864136,0.48050554429474185
Peru,PER,1982,4.729,4.729,False,0.31048832622056044,0.4641707404316204
Peru,PER,1983,4.598,4.598,False,0.24599669569335794,0.4485513294384166
Peru,PER,1984,4.475,4.475,False,0.18544348535102273,0.4338857756051031
Peru,PER,1985,4.36,4.36,False,0.12882869519355528,0.42017407893168
Peru,PER,1986,4.25,4.25,False,0.07467541765162942,0.4070585429831883
Peru,PER,1987,4.144,4.144,False,0.022491350202137456,0.3944199356146417
Peru,PER,1988,4.038,4.038,False,-0.029692717247354516,0.3817813282460952
Peru,PER,1989,3.933,3.933,False,-0.08138448217373834,0.36926195302253484
Peru,PER,1990,3.828,3.828,False,-0.13307624710012195,0.35674257779897456
Peru,PER,1991,3.722,3.722,False,-0.18526031454961392,0.34410397043042806
Peru,PER,1992,3.617,3.617,False,-0.23695207947599753,0.3315845952068678
Peru,PER,1993,3.514,3.514,False,-0.28765923935616444,0.31930368427328004
Peru,PER,1994,3.4130000000000003,3.4130000000000003,False,-0.33738179419011416,0.307261237629665
Peru,PER,1995,3.317,3.317,False,-0.3846428364085221,0.2958149517109813
Peru,PER,1996,3.2260000000000004,3.2260000000000004,False,-0.42944236601138774,0.2849648265172291
Peru,PER,1997,3.142,3.142,False,-0.4707957779524949,0.2749493263383808
Peru,PER,1998,3.064,3.064,False,-0.5091953747549512,0.2656492190294503
Peru,PER,1999,2.9930000000000003,2.9930000000000003,False,-0.5441488538956486,0.25718373673542394
Peru,PER,2000,2.929,2.929,False,-0.5756562153745874,0.2495528794563014
Peru,PER,2001,2.872,2.872,False,-0.6037174591917671,0.24275664719208298
Peru,PER,2002,2.82,2.82,False,-0.6293171903934047,0.23655657565279598
Peru,PER,2003,2.773,2.773,False,-0.6524554089795,0.23095266483844046
Peru,PER,2004,2.73,2.73,False,-0.673624417473162,0.22582568260403005
Peru,PER,2005,2.689,2.689,False,-0.693808820920607,0.22093716465959223
Peru,PER,2006,2.65,2.65,False,-0.7130086193218353,0.216287111005127
Peru,PER,2007,2.614,2.614,False,-0.7307315101537383,0.2119947537856206
Peru,PER,2008,2.579,2.579,False,-0.7479620984625327,0.20782162871110055
Peru,PER,2009,2.545,2.545,False,-0.764700384248219,0.2037677357815667
Peru,PER,2010,2.511,2.511,False,-0.7814386700339049,0.19971384285203292
Peru,PER,2011,2.479,2.479,False,-0.7971923507733742,0.1958984142124717
Philippines,PHL,1960,7.148,7.148,False,1.5013681296198171,0.7525932991534516
Philippines,PHL,1961,7.0870000000000015,7.0870000000000015,False,1.4713376757102048,0.7453201383092883
Philippines,PHL,1962,7.02,7.02,False,1.43835340666194,0.7373315845952068
Philippines,PHL,1963,6.947,6.947,False,1.4024153224750258,0.7286276380112078
Philippines,PHL,1964,6.867000000000001,6.867000000000001,False,1.363031120626353,0.7190890664123047
Philippines,PHL,1965,6.7810000000000015,6.7810000000000015,False,1.3206931036390297,0.7088351019434841
Philippines,PHL,1966,6.689,6.689,False,1.2754012715130547,0.6978657446047454
Philippines,PHL,1967,6.589,6.589,False,1.2261710192022133,0.6859425301061166
Philippines,PHL,1968,6.485,6.485,False,1.174971556798938,0.6735423870275425
Philippines,PHL,1969,6.376,6.376,False,1.1213105817801208,0.6605460832240372
Philippines,PHL,1970,6.263999999999999,6.263999999999999,False,1.0661726991919778,0.6471920829855727
Philippines,PHL,1971,6.152,6.152,False,1.0110348166038357,0.6338380827471086
Philippines,PHL,1972,6.041,6.041,False,0.9563892365388016,0.6206033146536306
Philippines,PHL,1973,5.931,5.931,False,0.9022359589968758,0.6074877787051388
Philippines,PHL,1974,5.824,5.824,False,0.8495595890242752,0.594729939191606
Philippines,PHL,1975,5.718,5.718,False,0.7973755215747833,0.5820913318230594
Philippines,PHL,1976,5.613,5.613,False,0.7456837566483999,0.5695719565994992
Philippines,PHL,1977,5.506,5.506,False,0.6930073866757993,0.5568141170859663
Philippines,PHL,1978,5.399,5.399,False,0.6403310167031988,0.5440562775724335
Philippines,PHL,1979,5.29,5.29,False,0.5866700416843815,0.531059973768928
Philippines,PHL,1980,5.183,5.183,False,0.5339936717117809,0.5183021342553952
Philippines,PHL,1981,5.078,5.078,False,0.4823019067853975,0.505782759031835
Philippines,PHL,1982,4.978,4.978,False,0.43307165447455576,0.4938595445332061
Philippines,PHL,1983,4.883,4.883,False,0.3863029147792564,0.4825324907595087
Philippines,PHL,1984,4.795,4.795,False,0.3429802927457158,0.47204006200071535
Philippines,PHL,1985,4.712,4.712,False,0.30211918332771726,0.4621437939668534
Philippines,PHL,1986,4.632,4.632,False,0.26273498147904395,0.45260522236795037
Philippines,PHL,1987,4.553999999999999,4.553999999999999,False,0.22433538467658742,0.4433051150590198
Philippines,PHL,1988,4.476,4.476,False,0.18593578787413131,0.43400500775008943
Philippines,PHL,1989,4.397,4.397,False,0.14704388854856662,0.42458566829617267
Philippines,PHL,1990,4.32,4.32,False,0.10913659426921865,0.4154047931322285
Philippines,PHL,1991,4.246,4.246,False,0.07270620755919599,0.40658161440324314
Philippines,PHL,1992,4.177,4.177,False,0.03873733346471491,0.3983545963991892
Philippines,PHL,1993,4.113,4.113,False,0.00722997198577673,0.3907237391200668
Philippines,PHL,1994,4.056,4.056,False,-0.02083127183140314,0.38392750685584837
Philippines,PHL,1995,4.006,4.006,False,-0.045446397986823824,0.37796589960653393
Philippines,PHL,1996,3.962,3.962,False,-0.06710770900359413,0.3727196852271373
Philippines,PHL,1997,3.923,3.923,False,-0.08630750740482239,0.368069631572672
Philippines,PHL,1998,3.888,3.888,False,-0.10353809571361701,0.36389650649815186
Philippines,PHL,1999,3.852,3.852,False,-0.12126098654551998,0.3596041492786455
Philippines,PHL,2000,3.813,3.813,False,-0.14046078494674802,0.3549540956241803
Philippines,PHL,2001,3.766,3.766,False,-0.16359900353284362,0.3493501848098247
Philippines,PHL,2002,3.709,3.709,False,-0.19166024735002327,0.3425539525456063
Philippines,PHL,2003,3.642,3.642,False,-0.2246445163982872,0.334565398831525
Philippines,PHL,2004,3.5660000000000003,3.5660000000000003,False,-0.2620595081545266,0.3255037558125671
Philippines,PHL,2005,3.485,3.485,False,-0.3019360125263084,0.3158459520686777
Philippines,PHL,2006,3.403,3.403,False,-0.34230481942119845,0.3060689161798021
Philippines,PHL,2007,3.326,3.326,False,-0.3802121137005464,0.29688804101585786
Philippines,PHL,2008,3.257,3.257,False,-0.41418098779502704,0.288661023011804
Philippines,PHL,2009,3.199,3.199,False,-0.44273453413531527,0.28174555860259926
Philippines,PHL,2010,3.151,3.151,False,-0.4663650552445192,0.2760224156432574
Philippines,PHL,2011,3.111,3.111,False,-0.48605715616885564,0.2712531298438059
Poland,POL,1960,2.98,2.98,False,-0.5505487866960582,0.2556337188506021
Poland,POL,1961,2.83,2.83,False,-0.6243941651623205,0.2377488971026589
Poland,POL,1962,2.72,2.72,False,-0.678547442704246,0.22463336115416718
Poland,POL,1963,2.697,2.697,False,-0.6898704007357397,0.22189102181948256
Poland,POL,1964,2.57,2.57,False,-0.7523928211705085,0.2067485394062239
Poland,POL,1965,2.52,2.52,False,-0.7770079473259293,0.20078693215690951
Poland,POL,1966,2.34,2.34,False,-0.8656224014854441,0.1793251460593776
Poland,POL,1967,2.33,2.33,False,-0.8705454267165281,0.17813282460951474
Poland,POL,1968,2.24,2.24,False,-0.9148526537962854,0.1674019315607488
Poland,POL,1969,2.2,2.2,False,-0.9345447547206222,0.16263264576129727
Poland,POL,1970,2.2,2.2,False,-0.9345447547206222,0.16263264576129727
Poland,POL,1971,2.25,2.25,False,-0.9099296285652014,0.16859425301061168
Poland,POL,1972,2.235,2.235,False,-0.9173141664118277,0.16680577083581732
Poland,POL,1973,2.255,2.255,False,-0.9074681159496594,0.1691904137355431
Poland,POL,1974,2.26,2.26,False,-0.9050066033341174,0.16978657446047452
Poland,POL,1975,2.27,2.27,False,-0.9000835781030331,0.17097889591033744
Poland,POL,1976,2.302,2.302,False,-0.8843298973635638,0.17479432454989866
Poland,POL,1977,2.23,2.23,False,-0.9197756790273698,0.1662096101108859
Poland,POL,1978,2.205,2.205,False,-0.9320832421050801,0.1632288064862287
Poland,POL,1979,2.28,2.28,False,-0.8951605528719491,0.1721712173602003
Poland,POL,1980,2.276,2.276,False,-0.8971297629643827,0.17169428878025514
Poland,POL,1981,2.235,2.235,False,-0.9173141664118277,0.16680577083581732
Poland,POL,1982,2.336,2.336,False,-0.8675916115778778,0.17884821747943244
Poland,POL,1983,2.416,2.416,False,-0.8282074097292045,0.1883867890783355
Poland,POL,1984,2.372,2.372,False,-0.8498687207459747,0.18314057469893882
Poland,POL,1985,2.329,2.329,False,-0.8710377292396365,0.17801359246452847
Poland,POL,1986,2.22,2.22,False,-0.9246987042584538,0.16501728866102305
Poland,POL,1987,2.154,2.154,False,-0.9571906707836093,0.157147967091928
Poland,POL,1988,2.13,2.13,False,-0.9690059313382113,0.15428639561225707
Poland,POL,1989,2.0780000000000003,2.0780000000000003,False,-0.9946056625398487,0.14808632407297012
Poland,POL,1990,2.04,2.04,False,-1.0133131584179687,0.14355550256349114
Poland,POL,1991,2.05,2.05,False,-1.0083901331868845,0.14474782401335398
Poland,POL,1992,1.93,1.93,False,-1.0674664359598944,0.13043996661499938
Poland,POL,1993,1.85,1.85,False,-1.1068506378085676,0.12090139501609636
Poland,POL,1994,1.798,1.798,False,-1.1324503690102052,0.11470132347680935
Poland,POL,1995,1.61,1.61,False,-1.2250032433545872,0.09228568021938716
Poland,POL,1996,1.58,1.58,False,-1.2397723190478398,0.0887087158697985
Poland,POL,1997,1.513,1.513,False,-1.2727565880961036,0.08072016215571717
Poland,POL,1998,1.44,1.44,False,-1.308694672283018,0.07201621557171813
Poland,POL,1999,1.37,1.37,False,-1.343155848900607,0.06366996542267797
Poland,POL,2000,1.35,1.35,False,-1.3530018993627753,0.0612853225229522
Poland,POL,2001,1.31,1.31,False,-1.372694000287112,0.05651603672350066
Poland,POL,2002,1.25,1.25,False,-1.402232151673617,0.04936210802432336
Poland,POL,2003,1.22,1.22,False,-1.4170012273668695,0.045785143674734706
Poland,POL,2004,1.23,1.23,False,-1.4120782021357852,0.04697746512459759
Poland,POL,2005,1.24,1.24,False,-1.4071551769047008,0.04816978657446048
Poland,POL,2006,1.27,1.27,False,-1.3923861012114485,0.05174675092404913
Poland,POL,2007,1.31,1.31,False,-1.372694000287112,0.05651603672350066
Poland,POL,2008,1.39,1.39,False,-1.3333097984384388,0.06605460832240372
Poland,POL,2009,1.4,1.4,False,-1.3283867732073547,0.0672469297722666
Poland,POL,2010,1.38,1.38,False,-1.338232823669523,0.06486228687254082
Poland,POL,2011,1.3,1.3,False,-1.377617025518196,0.05532371527363778
Portugal,PRT,1960,3.006,3.006,False,-0.5377489210952394,0.2587337546202456
Portugal,PRT,1961,3.1830000000000003,3.1830000000000003,False,-0.4506113745050497,0.27983784428281866
Portugal,PRT,1962,3.213,3.213,False,-0.4358422988117973,0.2834148086324073
Portugal,PRT,1963,3.084,3.084,False,-0.4993493242927829,0.2680338619291761
Portugal,PRT,1964,3.153,3.153,False,-0.46538045019830226,0.27626087993323
Portugal,PRT,1965,3.0780000000000003,3.0780000000000003,False,-0.5023031394314333,0.26731846905925843
Portugal,PRT,1966,3.052,3.052,False,-0.5151030050322523,0.26421843328961486
Portugal,PRT,1967,2.9960000000000004,2.9960000000000004,False,-0.5426719463263233,0.2575414331703828
Portugal,PRT,1968,2.902,2.902,False,-0.5889483834985145,0.24633361154167166
Portugal,PRT,1969,2.849,2.849,False,-0.6150404172232605,0.24001430785739838
Portugal,PRT,1970,2.759,2.759,False,-0.6593476443030181,0.2292834148086324
Portugal,PRT,1971,2.799,2.799,False,-0.6396555433786814,0.23405270060808395
Portugal,PRT,1972,2.697,2.697,False,-0.6898704007357397,0.22189102181948256
Portugal,PRT,1973,2.655,2.655,False,-0.7105471067062933,0.21688327173005842
Portugal,PRT,1974,2.599,2.599,False,-0.7381160480003643,0.2102062716108263
Portugal,PRT,1975,2.517,2.517,False,-0.7784848548952545,0.20042923572195062
Portugal,PRT,1976,2.569,2.569,False,-0.7528851236936169,0.20662930726123763
Portugal,PRT,1977,2.448,2.448,False,-0.8124537289897352,0.19220221771789675
Portugal,PRT,1978,2.231,2.231,False,-0.9192833765042614,0.1663288422558722
Portugal,PRT,1979,2.112,2.112,False,-0.9778673767541627,0.1521402170025039
Portugal,PRT,1980,2.19,2.19,False,-0.9394677799517064,0.16144032431143437
Portugal,PRT,1981,2.144,2.144,False,-0.9621136960146934,0.15595564564206513
Portugal,PRT,1982,2.19,2.19,False,-0.9394677799517064,0.16144032431143437
Portugal,PRT,1983,1.946,1.946,False,-1.0595895955901597,0.13234768093478
Portugal,PRT,1984,1.92,1.92,False,-1.0723894611909786,0.1292476451651365
Portugal,PRT,1985,1.74,1.74,False,-1.1610039153504932,0.10778585906760463
Portugal,PRT,1986,1.63,1.63,False,-1.215157192892419,0.0946703231191129
Portugal,PRT,1987,1.57,1.57,False,-1.2446953442789237,0.08751639441993563
Portugal,PRT,1988,1.53,1.53,False,-1.2643874452032604,0.08274710862048408
Portugal,PRT,1989,1.48,1.48,False,-1.2890025713586812,0.07678550137116967
Portugal,PRT,1990,1.43,1.43,False,-1.3136176975141023,0.07082389412185525
Portugal,PRT,1991,1.42,1.42,False,-1.3185407227451862,0.06963157267199237
Portugal,PRT,1992,1.48,1.48,False,-1.2890025713586812,0.07678550137116967
Portugal,PRT,1993,1.53,1.53,False,-1.2643874452032604,0.08274710862048408
Portugal,PRT,1994,1.44,1.44,False,-1.308694672283018,0.07201621557171813
Portugal,PRT,1995,1.38,1.38,False,-1.338232823669523,0.06486228687254082
Portugal,PRT,1996,1.43,1.43,False,-1.3136176975141023,0.07082389412185525
Portugal,PRT,1997,1.46,1.46,False,-1.2988486218208497,0.0744008584714439
Portugal,PRT,1998,1.48,1.48,False,-1.2890025713586812,0.07678550137116967
Portugal,PRT,1999,1.5,1.5,False,-1.279156520896513,0.07917014427089543
Portugal,PRT,2000,1.55,1.55,False,-1.2545413947410924,0.08513175152020985
Portugal,PRT,2001,1.45,1.45,False,-1.3037716470519336,0.07320853702158102
Portugal,PRT,2002,1.47,1.47,False,-1.2939255965897656,0.07559317992130678
Portugal,PRT,2003,1.44,1.44,False,-1.308694672283018,0.07201621557171813
Portugal,PRT,2004,1.4,1.4,False,-1.3283867732073547,0.0672469297722666
Portugal,PRT,2005,1.4,1.4,False,-1.3283867732073547,0.0672469297722666
Portugal,PRT,2006,1.36,1.36,False,-1.348078874131691,0.062477643972815085
Portugal,PRT,2007,1.33,1.33,False,-1.3628479498249435,0.05890067962322643
Portugal,PRT,2008,1.37,1.37,False,-1.343155848900607,0.06366996542267797
Portugal,PRT,2009,1.32,1.32,False,-1.3677709750560276,0.05770835817336355
Portugal,PRT,2010,1.36,1.36,False,-1.348078874131691,0.062477643972815085
Portugal,PRT,2011,1.35,1.35,False,-1.3530018993627753,0.0612853225229522
Puerto Rico,PRI,1960,4.657,4.657,False,0.27504254455675453,0.4555860259926076
Puerto Rico,PRI,1961,4.547,4.547,False,0.22088926701482867,0.44247049004411587
Puerto Rico,PRI,1962,4.4110000000000005,4.4110000000000005,False,0.15393612387208455,0.4262549183259807
Puerto Rico,PRI,1963,4.252,4.252,False,0.07566002269784615,0.4072970072731608
Puerto Rico,PRI,1964,4.075,4.075,False,-0.011477523892343182,0.3861929176105878
Puerto Rico,PRI,1965,3.888,3.888,False,-0.10353809571361701,0.36389650649815186
Puerto Rico,PRI,1966,3.703,3.703,False,-0.19461406248867388,0.34183855967568855
Puerto Rico,PRI,1967,3.53,3.53,False,-0.27978239898642976,0.3212113985930607
Puerto Rico,PRI,1968,3.377,3.377,False,-0.35510468502201736,0.30296888041015857
Puerto Rico,PRI,1969,3.248,3.248,False,-0.4186117105030027,0.2875879337069274
Puerto Rico,PRI,1970,3.1460000000000004,3.1460000000000004,False,-0.46882656786006105,0.275426254918326
Puerto Rico,PRI,1971,3.068,3.068,False,-0.5072261646625176,0.2661261476093955
Puerto Rico,PRI,1972,3.006,3.006,False,-0.5377489210952394,0.2587337546202456
Puerto Rico,PRI,1973,2.955,2.955,False,-0.5628563497737685,0.2526529152259449
Puerto Rico,PRI,1974,2.908,2.908,False,-0.5859945683598641,0.24704900441158936
Puerto Rico,PRI,1975,2.864,2.864,False,-0.6076558793766345,0.24180279003219268
Puerto Rico,PRI,1976,2.818,2.818,False,-0.6303017954396214,0.23631811136282344
Puerto Rico,PRI,1977,2.769,2.769,False,-0.6544246190719337,0.23047573625849532
Puerto Rico,PRI,1978,2.718,2.718,False,-0.679532047750463,0.2243948968641946
Puerto Rico,PRI,1979,2.664,2.664,False,-0.7061163839983173,0.21795636103493504
Puerto Rico,PRI,1980,2.607,2.607,False,-0.734177627815497,0.2111601287707166
Puerto Rico,PRI,1981,2.548,2.548,False,-0.7632234766788936,0.2041254322165256
Puerto Rico,PRI,1982,2.49,2.49,False,-0.7917770230191816,0.1972099678073209
Puerto Rico,PRI,1983,2.436,2.436,False,-0.8183613592670361,0.1907714319780613
Puerto Rico,PRI,1984,2.387,2.387,False,-0.8424841828993485,0.18492905687373318
Puerto Rico,PRI,1985,2.344,2.344,False,-0.8636531913930104,0.17980207463932274
Puerto Rico,PRI,1986,2.3080000000000003,2.3080000000000003,False,-0.8813760822249131,0.1755097174198164
Puerto Rico,PRI,1987,2.279,2.279,False,-0.8956528553950575,0.17205198521521403
Puerto Rico,PRI,1988,2.256,2.256,False,-0.906975813426551,0.16930964588052938
Puerto Rico,PRI,1989,2.236,2.236,False,-0.9168218638887191,0.16692500298080365
Puerto Rico,PRI,1990,2.219,2.219,False,-0.9251910067815624,0.16489805651603673
Puerto Rico,PRI,1991,2.201,2.201,False,-0.9340524521975138,0.16275187790628354
Puerto Rico,PRI,1992,2.18,2.18,False,-0.9443908051827904,0.1602480028615715
Puerto Rico,PRI,1993,2.154,2.154,False,-0.9571906707836093,0.157147967091928
Puerto Rico,PRI,1994,2.124,2.124,False,-0.9719597464768617,0.15357100274233937
Puerto Rico,PRI,1995,2.088,2.088,False,-0.9896826373087647,0.149278645522833
Puerto Rico,PRI,1996,1.94,1.94,False,-1.0625434107288103,0.1316322880648623
Puerto Rico,PRI,1997,1.9,1.9,False,-1.0822355116531468,0.12686300226541075
Puerto Rico,PRI,1998,1.9,1.9,False,-1.0822355116531468,0.12686300226541075
Puerto Rico,PRI,1999,1.974,1.974,False,-1.045805124943124,0.13568618099439608
Puerto Rico,PRI,2000,2.049,2.049,False,-1.008882435709993,0.1446285918683677
Puerto Rico,PRI,2001,1.935,1.935,False,-1.0650049233443522,0.13103612733993086
Puerto Rico,PRI,2002,1.832,1.832,False,-1.115712083224519,0.11875521640634315
Puerto Rico,PRI,2003,1.7619999999999998,1.7619999999999998,False,-1.1501732598421084,0.11040896625730294
Puerto Rico,PRI,2004,1.7819999999999998,1.7819999999999998,False,-1.14032720937994,0.11279360915702871
Puerto Rico,PRI,2005,1.77,1.77,False,-1.1462348396572408,0.11136282341719328
Puerto Rico,PRI,2006,1.712,1.712,False,-1.174788385997529,0.10444735900798854
Puerto Rico,PRI,2007,1.651,1.651,False,-1.2048188399071424,0.09717419816382497
Puerto Rico,PRI,2008,1.652,1.652,False,-1.2043265373840337,0.09729343030881124
Puerto Rico,PRI,2009,1.653,1.653,False,-1.2038342348609254,0.09741266245379755
Puerto Rico,PRI,2010,1.664,1.664,False,-1.198418907106733,0.0987242160486467
Puerto Rico,PRI,2011,1.653,1.653,False,-1.2038342348609254,0.09741266245379755
Qatar,QAT,1960,6.971,6.971,False,1.4142305830296278,0.7314892094908787
Qatar,QAT,1961,6.973,6.973,False,1.4152151880758446,0.7317276737808512
Qatar,QAT,1962,6.977,6.977,False,1.4171843981682783,0.7322046023607964
Qatar,QAT,1963,6.981,6.981,False,1.419153608260712,0.7326815309407415
Qatar,QAT,1964,6.985,6.985,False,1.4211228183531457,0.7331584595206867
Qatar,QAT,1965,6.987,6.987,False,1.4221074233993625,0.7333969238106592
Qatar,QAT,1966,6.987,6.987,False,1.4221074233993625,0.7333969238106592
Qatar,QAT,1967,6.983,6.983,False,1.4201382133069287,0.732919995230714
Qatar,QAT,1968,6.973,6.973,False,1.4152151880758446,0.7317276737808512
Qatar,QAT,1969,6.952000000000001,6.952000000000001,False,1.4048768350905683,0.7292237987361393
Qatar,QAT,1970,6.9179999999999975,6.9179999999999975,False,1.3881385493048806,0.7251699058066051
Qatar,QAT,1971,6.8660000000000005,6.8660000000000005,False,1.3625388181032445,0.7189698342673184
Qatar,QAT,1972,6.794,6.794,False,1.327093036439438,0.7103851198283055
Qatar,QAT,1973,6.702999999999999,6.702999999999999,False,1.2822935068365722,0.6995349946345534
Qatar,QAT,1974,6.595,6.595,False,1.2291248343408634,0.6866579229760342
Qatar,QAT,1975,6.474,6.474,False,1.1695562290447454,0.6722308334326934
Qatar,QAT,1976,6.343999999999999,6.343999999999999,False,1.105556901040651,0.6567306545844759
Qatar,QAT,1977,6.211,6.211,False,1.0400806654672323,0.6408727793012996
Qatar,QAT,1978,6.079,6.079,False,0.9750967324169211,0.6251341361631094
Qatar,QAT,1979,5.947,5.947,False,0.9101127993666105,0.6093954930249195
Qatar,QAT,1980,5.811,5.811,False,0.8431596562238659,0.5931799213067842
Qatar,QAT,1981,5.665,5.665,False,0.7712834878500373,0.5757720281387861
Qatar,QAT,1982,5.504,5.504,False,0.6920227816295822,0.5565756527959936
Qatar,QAT,1983,5.3260000000000005,5.3260000000000005,False,0.6043929325162847,0.5353523309884345
Qatar,QAT,1984,5.1320000000000014,5.1320000000000014,False,0.5088862430332526,0.5122212948610947
Qatar,QAT,1985,4.928999999999999,4.928999999999999,False,0.4089488308422432,0.4880171694288779
Qatar,QAT,1986,4.722,4.722,False,0.3070422085588017,0.4633361154167164
Qatar,QAT,1987,4.521,4.521,False,0.20808940141400997,0.43937045427447236
Qatar,QAT,1988,4.333,4.333,False,0.115536527069628,0.41695481101705023
Qatar,QAT,1989,4.163,4.163,False,0.03184509814119742,0.3966853463693812
Qatar,QAT,1990,4.016,4.016,False,-0.04052337275573977,0.3791582210563968
Qatar,QAT,1991,3.894,3.894,False,-0.10058428057496639,0.36461189936806965
Qatar,QAT,1992,3.796,3.796,False,-0.14882992783959126,0.35292714915941337
Qatar,QAT,1993,3.715,3.715,False,-0.1887064322113729,0.343269345415524
Qatar,QAT,1994,3.648,3.648,False,-0.22169070125963658,0.3352807917014427
Qatar,QAT,1995,3.59,3.59,False,-0.2502442475999248,0.328365327292238
Qatar,QAT,1996,3.534,3.534,False,-0.2778131888939961,0.32168832717300583
Qatar,QAT,1997,3.477,3.477,False,-0.30587443271117576,0.3148920949087874
Qatar,QAT,1998,3.411,3.411,False,-0.3383663992363311,0.3070227733396924
Qatar,QAT,1999,3.334,3.334,False,-0.3762736935156791,0.2978418981757482
Qatar,QAT,2000,3.241,3.241,False,-0.4220578281647617,0.28675330869202337
Qatar,QAT,2001,3.127,3.127,False,-0.4781803157991212,0.2731608441635865
Qatar,QAT,2002,2.9960000000000004,2.9960000000000004,False,-0.5426719463263233,0.2575414331703828
Qatar,QAT,2003,2.853,2.853,False,-0.6130712071308269,0.24049123643734355
Qatar,QAT,2004,2.7030000000000003,2.7030000000000003,False,-0.6869165855970891,0.2226064146894003
Qatar,QAT,2005,2.555,2.555,False,-0.7597773590171346,0.20496005723142963
Qatar,QAT,2006,2.418,2.418,False,-0.8272228046829876,0.18862525336830813
Qatar,QAT,2007,2.299,2.299,False,-0.8858068049328891,0.1744366281149398
Qatar,QAT,2008,2.2030000000000003,2.2030000000000003,False,-0.9330678471512968,0.16299034219625616
Qatar,QAT,2009,2.133,2.133,False,-0.967529023768886,0.15464409204721594
Qatar,QAT,2010,2.085,2.085,False,-0.99115954487809,0.1489209490878741
Qatar,QAT,2011,2.055,2.055,False,-1.0059286205713422,0.14534398473828547
Romania,ROU,1960,2.34,2.34,False,-0.8656224014854441,0.1793251460593776
Romania,ROU,1961,2.173,2.173,False,-0.9478369228445493,0.15941337784666748
Romania,ROU,1962,2.04,2.04,False,-1.0133131584179687,0.14355550256349114
Romania,ROU,1963,2.008,2.008,False,-1.029066839157438,0.1397400739239299
Romania,ROU,1964,1.963,1.963,False,-1.0512204526973166,0.13437462739954695
Romania,ROU,1965,1.907,1.907,False,-1.078789393991388,0.12769762728031478
Romania,ROU,1966,1.9,1.9,False,-1.0822355116531468,0.12686300226541075
Romania,ROU,1967,3.66,3.66,False,-0.2157830709823356,0.33671157744127816
Romania,ROU,1968,3.63,3.63,False,-0.23055214667558818,0.3331346130916895
Romania,ROU,1969,3.19,3.19,False,-0.44716525684329095,0.28067246929772266
Romania,ROU,1970,2.886,2.886,False,-0.5968252238682491,0.24442589722189104
Romania,ROU,1971,2.67,2.67,False,-0.703162568859667,0.21867175390485274
Romania,ROU,1972,2.548,2.548,False,-0.7632234766788936,0.2041254322165256
Romania,ROU,1973,2.439,2.439,False,-0.8168844516977108,0.19112912841302016
Romania,ROU,1974,2.71,2.71,False,-0.6834704679353304,0.2234410397043043
Romania,ROU,1975,2.6,2.6,False,-0.737623745477256,0.21032550375581258
Romania,ROU,1976,2.55,2.55,False,-0.7622388716326769,0.20436389650649814
Romania,ROU,1977,2.57,2.57,False,-0.7523928211705085,0.2067485394062239
Romania,ROU,1978,2.52,2.52,False,-0.7770079473259293,0.20078693215690951
Romania,ROU,1979,2.48,2.48,False,-0.7967000482502659,0.19601764635745797
Romania,ROU,1980,2.43,2.43,False,-0.8213151744056866,0.1900560391081436
Romania,ROU,1981,2.36,2.36,False,-0.8557763510232758,0.18170978895910336
Romania,ROU,1982,2.166,2.166,False,-0.9512830405063084,0.15857875283176345
Romania,ROU,1983,2.06,2.06,False,-1.0034671079558004,0.1459401454632169
Romania,ROU,1984,2.26,2.26,False,-0.9050066033341174,0.16978657446047452
Romania,ROU,1985,2.31,2.31,False,-0.8803914771786965,0.17574818170978898
Romania,ROU,1986,2.386,2.386,False,-0.8429764854224568,0.18480982472874688
Romania,ROU,1987,2.313,2.313,False,-0.8789145696093712,0.17610587814474785
Romania,ROU,1988,2.306,2.306,False,-0.8823606872711302,0.17527125312984382
Romania,ROU,1989,2.2,2.2,False,-0.9345447547206222,0.16263264576129727
Romania,ROU,1990,1.84,1.84,False,-1.1117736630396517,0.11970907356623345
Romania,ROU,1991,1.57,1.57,False,-1.2446953442789237,0.08751639441993563
Romania,ROU,1992,1.52,1.52,False,-1.2693104704343448,0.0815547871706212
Romania,ROU,1993,1.44,1.44,False,-1.308694672283018,0.07201621557171813
Romania,ROU,1994,1.41,1.41,False,-1.3234637479762703,0.06843925122212947
Romania,ROU,1995,1.3430000000000002,1.3430000000000002,False,-1.3564480170245343,0.06045069750804819
Romania,ROU,1996,1.3,1.3,False,-1.377617025518196,0.05532371527363778
Romania,ROU,1997,1.32,1.32,False,-1.3677709750560276,0.05770835817336355
Romania,ROU,1998,1.32,1.32,False,-1.3677709750560276,0.05770835817336355
Romania,ROU,1999,1.3,1.3,False,-1.377617025518196,0.05532371527363778
Romania,ROU,2000,1.31,1.31,False,-1.372694000287112,0.05651603672350066
Romania,ROU,2001,1.27,1.27,False,-1.3923861012114485,0.05174675092404913
Romania,ROU,2002,1.25,1.25,False,-1.402232151673617,0.04936210802432336
Romania,ROU,2003,1.27,1.27,False,-1.3923861012114485,0.05174675092404913
Romania,ROU,2004,1.29,1.29,False,-1.3825400507492802,0.054131393823774895
Romania,ROU,2005,1.32,1.32,False,-1.3677709750560276,0.05770835817336355
Romania,ROU,2006,1.32,1.32,False,-1.3677709750560276,0.05770835817336355
Romania,ROU,2007,1.3,1.3,False,-1.377617025518196,0.05532371527363778
Romania,ROU,2008,1.35,1.35,False,-1.3530018993627753,0.0612853225229522
Romania,ROU,2009,1.38,1.38,False,-1.338232823669523,0.06486228687254082
Romania,ROU,2010,1.33,1.33,False,-1.3628479498249435,0.05890067962322643
Romania,ROU,2011,1.25,1.25,False,-1.402232151673617,0.04936210802432336
Russian Federation,RUS,1960,2.52,2.52,False,-0.7770079473259293,0.20078693215690951
Russian Federation,RUS,1961,2.45,2.45,False,-0.8114691239435182,0.19244068200786935
Russian Federation,RUS,1962,2.36,2.36,False,-0.8557763510232758,0.18170978895910336
Russian Federation,RUS,1963,2.27,2.27,False,-0.9000835781030331,0.17097889591033744
Russian Federation,RUS,1964,2.18,2.18,False,-0.9443908051827904,0.1602480028615715
Russian Federation,RUS,1965,2.13,2.13,False,-0.9690059313382113,0.15428639561225707
Russian Federation,RUS,1966,2.1,2.1,False,-0.9837750070314637,0.15070943126266845
Russian Federation,RUS,1967,2.04,2.04,False,-1.0133131584179687,0.14355550256349114
Russian Federation,RUS,1968,1.99,1.99,False,-1.0379282845733893,0.13759389531417668
Russian Federation,RUS,1969,1.97,1.97,False,-1.047774335035558,0.13520925241445092
Russian Federation,RUS,1970,1.99,1.99,False,-1.0379282845733893,0.13759389531417668
Russian Federation,RUS,1971,2.03,2.03,False,-1.018236183649053,0.14236318111362822
Russian Federation,RUS,1972,2.04,2.04,False,-1.0133131584179687,0.14355550256349114
Russian Federation,RUS,1973,2.01,2.01,False,-1.0280822341112212,0.13997853821390246
Russian Federation,RUS,1974,2.0,2.0,False,-1.0330052593423054,0.1387862167640396
Russian Federation,RUS,1975,1.98,1.98,False,-1.0428513098044736,0.1364015738643138
Russian Federation,RUS,1976,1.97,1.97,False,-1.047774335035558,0.13520925241445092
Russian Federation,RUS,1977,1.95,1.95,False,-1.057620385497726,0.13282460951472516
Russian Federation,RUS,1978,1.92,1.92,False,-1.0723894611909786,0.1292476451651365
Russian Federation,RUS,1979,1.9,1.9,False,-1.0822355116531468,0.12686300226541075
Russian Federation,RUS,1980,1.89,1.89,False,-1.0871585368842311,0.12567068081554783
Russian Federation,RUS,1981,1.91,1.91,False,-1.0773124864220627,0.12805532371527362
Russian Federation,RUS,1982,2.04,2.04,False,-1.0133131584179687,0.14355550256349114
Russian Federation,RUS,1983,2.11,2.11,False,-0.9788519818003797,0.15190175271253128
Russian Federation,RUS,1984,2.06,2.06,False,-1.0034671079558004,0.1459401454632169
Russian Federation,RUS,1985,2.05,2.05,False,-1.0083901331868845,0.14474782401335398
Russian Federation,RUS,1986,2.15,2.15,False,-0.959159880876043,0.15667103851198283
Russian Federation,RUS,1987,2.22,2.22,False,-0.9246987042584538,0.16501728866102305
Russian Federation,RUS,1988,2.12,2.12,False,-0.9739289565692953,0.1530940741623942
Russian Federation,RUS,1989,2.01,2.01,False,-1.0280822341112212,0.13997853821390246
Russian Federation,RUS,1990,1.89,1.89,False,-1.0871585368842311,0.12567068081554783
Russian Federation,RUS,1991,1.732,1.732,False,-1.1649423355353605,0.10683200190771432
Russian Federation,RUS,1992,1.5519999999999998,1.5519999999999998,False,-1.2535567896948756,0.0853702158101824
Russian Federation,RUS,1993,1.385,1.385,False,-1.3357713110539808,0.06545844759747228
Russian Federation,RUS,1994,1.4,1.4,False,-1.3283867732073547,0.0672469297722666
Russian Federation,RUS,1995,1.34,1.34,False,-1.3579249245938596,0.06009300107308931
Russian Federation,RUS,1996,1.277,1.277,False,-1.3889399835496896,0.05258137593895313
Russian Federation,RUS,1997,1.23,1.23,False,-1.4120782021357852,0.04697746512459759
Russian Federation,RUS,1998,1.24,1.24,False,-1.4071551769047008,0.04816978657446048
Russian Federation,RUS,1999,1.17,1.17,False,-1.4416163535222901,0.03982353642542029
Russian Federation,RUS,2000,1.21,1.21,False,-1.4219242525979534,0.04459282222487182
Russian Federation,RUS,2001,1.25,1.25,False,-1.402232151673617,0.04936210802432336
Russian Federation,RUS,2002,1.3,1.3,False,-1.377617025518196,0.05532371527363778
Russian Federation,RUS,2003,1.31,1.31,False,-1.372694000287112,0.05651603672350066
Russian Federation,RUS,2004,1.33,1.33,False,-1.3628479498249435,0.05890067962322643
Russian Federation,RUS,2005,1.29,1.29,False,-1.3825400507492802,0.054131393823774895
Russian Federation,RUS,2006,1.3,1.3,False,-1.377617025518196,0.05532371527363778
Russian Federation,RUS,2007,1.41,1.41,False,-1.3234637479762703,0.06843925122212947
Russian Federation,RUS,2008,1.49,1.49,False,-1.2840795461275971,0.07797782282103255
Russian Federation,RUS,2009,1.54,1.54,False,-1.2594644199721763,0.08393943007034697
Russian Federation,RUS,2010,1.54,1.54,False,-1.2594644199721763,0.08393943007034697
Russian Federation,RUS,2011,1.54,1.54,False,-1.2594644199721763,0.08393943007034697
Rwanda,RWA,1960,8.187000000000001,8.187000000000001,False,2.0128704511294617,0.8764754977942054
Rwanda,RWA,1961,8.193999999999999,8.193999999999999,False,2.0163165687912192,0.8773101228091091
Rwanda,RWA,1962,8.197000000000001,8.197000000000001,False,2.0177934763605454,0.8776678192440682
Rwanda,RWA,1963,8.198,8.198,False,2.0182857788836537,0.8777870513890544
Rwanda,RWA,1964,8.198,8.198,False,2.0182857788836537,0.8777870513890544
Rwanda,RWA,1965,8.198,8.198,False,2.0182857788836537,0.8777870513890544
Rwanda,RWA,1966,8.198,8.198,False,2.0182857788836537,0.8777870513890544
Rwanda,RWA,1967,8.201,8.201,False,2.019762686452979,0.8781447478240133
Rwanda,RWA,1968,8.207,8.207,False,2.0227165015916295,0.878860140693931
Rwanda,RWA,1969,8.217,8.217,False,2.0276395268227136,0.880052462143794
Rwanda,RWA,1970,8.231,8.231,False,2.0345317621462313,0.881721712173602
Rwanda,RWA,1971,8.252,8.252,False,2.0448701151315083,0.884225587218314
Rwanda,RWA,1972,8.277999999999999,8.277999999999999,False,2.057669980732326,0.8873256229879574
Rwanda,RWA,1973,8.307,8.307,False,2.071946753902471,0.8907833551925599
Rwanda,RWA,1974,8.339,8.339,False,2.08770043464194,0.8945987838321211
Rwanda,RWA,1975,8.37,8.37,False,2.1029618128583007,0.8982949803266959
Rwanda,RWA,1976,8.399,8.399,False,2.1172385860284444,0.9017527125312983
Rwanda,RWA,1977,8.423,8.423,False,2.129053846583047,0.9046142840109693
Rwanda,RWA,1978,8.441,8.441,False,2.1379152919989988,0.9067604626207225
Rwanda,RWA,1979,8.449,8.449,False,2.141853712183866,0.9077143197806128
Rwanda,RWA,1980,8.448,8.448,False,2.1413614096607576,0.9075950876356266
Rwanda,RWA,1981,8.439,8.439,False,2.1369306869527818,0.9065219983307499
Rwanda,RWA,1982,8.423,8.423,False,2.129053846583047,0.9046142840109693
Rwanda,RWA,1983,8.397,8.397,False,2.1162539809822283,0.9015142482413258
Rwanda,RWA,1984,8.355,8.355,False,2.095577275011675,0.8965064981519018
Rwanda,RWA,1985,8.283999999999999,8.283999999999999,False,2.0606237958709768,0.8880410158578751
Rwanda,RWA,1986,8.169,8.169,False,2.0040090057135096,0.8743293191844521
Rwanda,RWA,1987,8.004,8.004,False,1.9227790894006207,0.8546560152617144
Rwanda,RWA,1988,7.792000000000002,7.792000000000002,False,1.8184109545016376,0.8293788005246215
Rwanda,RWA,1989,7.541,7.541,False,1.6948430212014247,0.7994515321330631
Rwanda,RWA,1990,7.271,7.271,False,1.5619213399621523,0.7672588529867651
Rwanda,RWA,1991,7.005,7.005,False,1.430968868815314,0.7355431024204124
Rwanda,RWA,1992,6.766,6.766,False,1.3133085657924026,0.7070466197686895
Rwanda,RWA,1993,6.568,6.568,False,1.215832666216936,0.6834386550614044
Rwanda,RWA,1994,6.416,6.416,False,1.1410026827044575,0.6653153690234888
Rwanda,RWA,1995,6.307,6.307,False,1.0873417076856402,0.6523190652199833
Rwanda,RWA,1996,6.229,6.229,False,1.0489421108831836,0.6430189579110528
Rwanda,RWA,1997,6.16,6.16,False,1.014973236788703,0.6347919399069989
Rwanda,RWA,1998,6.085,6.085,False,0.9780505475555717,0.6258495290330273
Rwanda,RWA,1999,5.9979999999999976,5.9979999999999976,False,0.9352202280451384,0.6154763324192198
Rwanda,RWA,2000,5.897,5.897,False,0.8854976732111898,0.6034338857756051
Rwanda,RWA,2001,5.7860000000000005,5.7860000000000005,False,0.8308520931461557,0.5901991176821271
Rwanda,RWA,2002,5.674,5.674,False,0.7757142105580132,0.5768451174436627
Rwanda,RWA,2003,5.566,5.566,False,0.722545538062304,0.5639680457851436
Rwanda,RWA,2004,5.462999999999999,5.462999999999999,False,0.671838378182137,0.5516871348515558
Rwanda,RWA,2005,5.365,5.365,False,0.6235927309175128,0.5400023846428997
Rwanda,RWA,2006,5.267,5.267,False,0.5753470836528881,0.5283176344342434
Rwanda,RWA,2007,5.167000000000002,5.167000000000002,False,0.5261168313420471,0.5163944199356147
Rwanda,RWA,2008,5.062,5.062,False,0.4744250664156629,0.5038750447120544
Rwanda,RWA,2009,4.954,4.954,False,0.4212563939199538,0.49099797305353515
Rwanda,RWA,2010,4.841,4.841,False,0.36562620880870306,0.4775247406700846
Rwanda,RWA,2011,4.728,4.728,False,0.3099960236974519,0.46405150828663405
Samoa,WSM,1960,7.651,7.651,False,1.7489962987433503,0.8125670680815547
Samoa,WSM,1961,7.645,7.645,False,1.7460424836046995,0.8118516752116369
Samoa,WSM,1962,7.63,7.63,False,1.7386579457580735,0.8100631930368426
Samoa,WSM,1963,7.604,7.604,False,1.7258580801572547,0.8069631572671991
Samoa,WSM,1964,7.567,7.567,False,1.7076428868022435,0.8025515679027065
Samoa,WSM,1965,7.519,7.519,False,1.6840123656930395,0.7968284249433647
Samoa,WSM,1966,7.4620000000000015,7.4620000000000015,False,1.6559511218758605,0.7900321926791464
Samoa,WSM,1967,7.4,7.4,False,1.6254283654431383,0.7826397996899964
Samoa,WSM,1968,7.334,7.334,False,1.5929363989179823,0.7747704781209013
Samoa,WSM,1969,7.265,7.265,False,1.5589675248235018,0.7665434601168474
Samoa,WSM,1970,7.194,7.194,False,1.5240140456828044,0.7580779778228209
Samoa,WSM,1971,7.119,7.119,False,1.4870913564496733,0.7491355669488493
Samoa,WSM,1972,7.039,7.039,False,1.4477071546009999,0.7395969953499463
Samoa,WSM,1973,6.952000000000001,6.952000000000001,False,1.4048768350905683,0.7292237987361393
Samoa,WSM,1974,6.859,6.859,False,1.3590927004414852,0.7181352092524144
Samoa,WSM,1975,6.761,6.761,False,1.3108470531768606,0.7064504590437581
Samoa,WSM,1976,6.6560000000000015,6.6560000000000015,False,1.2591552882504777,0.6939310838201981
Samoa,WSM,1977,6.5470000000000015,6.5470000000000015,False,1.2054943132316605,0.6809347800166926
Samoa,WSM,1978,6.434,6.434,False,1.1498641281204087,0.6674615476332418
Samoa,WSM,1979,6.32,6.32,False,1.0937416404860496,0.6538690831048051
Samoa,WSM,1980,6.202999999999999,6.202999999999999,False,1.0361422452823645,0.6399189221414092
Samoa,WSM,1981,6.086,6.086,False,0.9785428500786802,0.6259687611780136
Samoa,WSM,1982,5.968,5.968,False,0.9204511523518871,0.6118993680696315
Samoa,WSM,1983,5.85,5.85,False,0.8623594546250939,0.5978299749612495
Samoa,WSM,1984,5.734,5.734,False,0.8052523619445179,0.58399904614284
Samoa,WSM,1985,5.62,5.62,False,0.7491298743101586,0.5704065816144032
Samoa,WSM,1986,5.51,5.51,False,0.6949765967682328,0.5572910456659115
Samoa,WSM,1987,5.404,5.404,False,0.6427925293187408,0.5446524382973649
Samoa,WSM,1988,5.303,5.303,False,0.5930699744847908,0.5326099916537498
Samoa,WSM,1989,5.207999999999998,5.207999999999998,False,0.5463012347894907,0.5212829378800522
Samoa,WSM,1990,5.118,5.118,False,0.5019940077097342,0.5105520448312865
Samoa,WSM,1991,5.034,5.034,False,0.46064059576862704,0.5005365446524382
Samoa,WSM,1992,4.956,4.956,False,0.4222409989661709,0.4912364373435078
Samoa,WSM,1993,4.882,4.882,False,0.3858106122561478,0.4824132586145224
Samoa,WSM,1994,4.815,4.815,False,0.35282634320788436,0.4744247049004412
Samoa,WSM,1995,4.751,4.751,False,0.32131898172894574,0.46679384762131876
Samoa,WSM,1996,4.692,4.692,False,0.2922731328655491,0.4597591510671277
Samoa,WSM,1997,4.637,4.637,False,0.265196494094586,0.45320138309288177
Samoa,WSM,1998,4.587,4.587,False,0.2405813679391653,0.4472397758435674
Samoa,WSM,1999,4.541,4.541,False,0.2179354518761785,0.4417550971741982
Samoa,WSM,2000,4.503,4.503,False,0.1992279559980586,0.4372242756647192
Samoa,WSM,2001,4.476,4.476,False,0.18593578787413131,0.43400500775008943
Samoa,WSM,2002,4.46,4.46,False,0.17805894750439666,0.4320972934303088
Samoa,WSM,2003,4.454,4.454,False,0.17510513236574604,0.43138190056039105
Samoa,WSM,2004,4.456,4.456,False,0.1760897374119632,0.4316203648503637
Samoa,WSM,2005,4.46,4.46,False,0.17805894750439666,0.4320972934303088
Samoa,WSM,2006,4.46,4.46,False,0.17805894750439666,0.4320972934303088
Samoa,WSM,2007,4.45,4.45,False,0.1731359222733126,0.4309049719804459
Samoa,WSM,2008,4.426,4.426,False,0.16132066171871062,0.428043400500775
Samoa,WSM,2009,4.388999999999999,4.388999999999999,False,0.14310546836369886,0.42363181113628223
Samoa,WSM,2010,4.338,4.338,False,0.11799803968517003,0.41755097174198164
Samoa,WSM,2011,4.277,4.277,False,0.08796758577555672,0.41027781089781806
Sao Tome and Principe,STP,1960,6.242000000000001,6.242000000000001,False,1.0553420436835934,0.6445689757958746
Sao Tome and Principe,STP,1961,6.263,6.263,False,1.0656803966688697,0.6470728508405865
Sao Tome and Principe,STP,1962,6.284,6.284,False,1.0760187496541462,0.6495767258852986
Sao Tome and Principe,STP,1963,6.306,6.306,False,1.0868494051625315,0.652199833074997
Sao Tome and Principe,STP,1964,6.327000000000001,6.327000000000001,False,1.0971877581478087,0.6547037081197091
Sao Tome and Principe,STP,1965,6.349,6.349,False,1.1080184136561935,0.6573268153094074
Sao Tome and Principe,STP,1966,6.371,6.371,False,1.1188490691645787,0.6599499224991058
Sao Tome and Principe,STP,1967,6.394,6.394,False,1.1301720271960722,0.6626922618337904
Sao Tome and Principe,STP,1968,6.419,6.419,False,1.1424795902737823,0.6656730654584475
Sao Tome and Principe,STP,1969,6.444,6.444,False,1.1547871533514928,0.6686538690831048
Sao Tome and Principe,STP,1970,6.468,6.468,False,1.1666024139060949,0.6715154405627757
Sao Tome and Principe,STP,1971,6.49,6.49,False,1.1774330694144801,0.6741385477524741
Sao Tome and Principe,STP,1972,6.51,6.51,False,1.1872791198766481,0.6765231906521998
Sao Tome and Principe,STP,1973,6.525,6.525,False,1.1946636577232748,0.6783116728269941
Sao Tome and Principe,STP,1974,6.534,6.534,False,1.1990943804312502,0.6793847621318707
Sao Tome and Principe,STP,1975,6.535,6.535,False,1.1995866829543587,0.679503994276857
Sao Tome and Principe,STP,1976,6.528,6.528,False,1.1961405652925996,0.6786693692619529
Sao Tome and Principe,STP,1977,6.513,6.513,False,1.1887560274459734,0.6768808870871587
Sao Tome and Principe,STP,1978,6.489,6.489,False,1.1769407668913716,0.6740193156074877
Sao Tome and Principe,STP,1979,6.455,6.455,False,1.1602024811056855,0.6699654226779539
Sao Tome and Principe,STP,1980,6.409,6.409,False,1.1375565650426982,0.6644807440085846
Sao Tome and Principe,STP,1981,6.348,6.348,False,1.107526111133085,0.6572075831644211
Sao Tome and Principe,STP,1982,6.271,6.271,False,1.069618816853737,0.6480267080004768
Sao Tome and Principe,STP,1983,6.181,6.181,False,1.0253115897739797,0.637295814951711
Sao Tome and Principe,STP,1984,6.077999999999999,6.077999999999999,False,0.9746044298938126,0.6250149040181231
Sao Tome and Principe,STP,1985,5.9670000000000005,5.9670000000000005,False,0.919958849828779,0.6117801359246453
Sao Tome and Principe,STP,1986,5.849,5.849,False,0.8618671521019858,0.5977107428162632
Sao Tome and Principe,STP,1987,5.73,5.73,False,0.8032831518520844,0.583522117562895
Sao Tome and Principe,STP,1988,5.613,5.613,False,0.7456837566483999,0.5695719565994992
Sao Tome and Principe,STP,1989,5.501,5.501,False,0.6905458740602572,0.5562179563610349
Sao Tome and Principe,STP,1990,5.395,5.395,False,0.6383618066107649,0.5435793489924883
Sao Tome and Principe,STP,1991,5.296,5.296,False,0.5896238568230321,0.5317753666388458
Sao Tome and Principe,STP,1992,5.202999999999999,5.202999999999999,False,0.543839722173949,0.5206867771551209
Sao Tome and Principe,STP,1993,5.115,5.115,False,0.5005171001404088,0.5101943483963276
Sao Tome and Principe,STP,1994,5.032,5.032,False,0.4596559907224103,0.5002980803624657
Sao Tome and Principe,STP,1995,4.956,4.956,False,0.4222409989661709,0.4912364373435078
Sao Tome and Principe,STP,1996,4.887,4.887,False,0.3882721248716898,0.4830094193394538
Sao Tome and Principe,STP,1997,4.8260000000000005,4.8260000000000005,False,0.358241670962077,0.4757362584952904
Sao Tome and Principe,STP,1998,4.773,4.773,False,0.33214963723733054,0.46941695481101703
Sao Tome and Principe,STP,1999,4.727,4.727,False,0.3095037211743437,0.46393227614164784
Sao Tome and Principe,STP,2000,4.687,4.687,False,0.2898116202500071,0.45916299034219626
Sao Tome and Principe,STP,2001,4.654,4.654,False,0.2735656369874292,0.45522832955764875
Sao Tome and Principe,STP,2002,4.625,4.625,False,0.2592888638172852,0.45177059735304637
Sao Tome and Principe,STP,2003,4.598,4.598,False,0.24599669569335794,0.4485513294384166
Sao Tome and Principe,STP,2004,4.572,4.572,False,0.23319683009253922,0.4454512936687731
Sao Tome and Principe,STP,2005,4.542,4.542,False,0.21842775439928663,0.4418743293191844
Sao Tome and Principe,STP,2006,4.506,4.506,False,0.2007048635673839,0.4375819720996781
Sao Tome and Principe,STP,2007,4.462,4.462,False,0.17904355255061338,0.4323357577202814
Sao Tome and Principe,STP,2008,4.4110000000000005,4.4110000000000005,False,0.15393612387208455,0.4262549183259807
Sao Tome and Principe,STP,2009,4.352,4.352,False,0.12489027500868796,0.4192202217717897
Sao Tome and Principe,STP,2010,4.287,4.287,False,0.09289061100664077,0.41147013234768093
Sao Tome and Principe,STP,2011,4.217,4.217,False,0.05842943438905154,0.4031238821986407
Saudi Arabia,SAU,1960,7.216,7.216,False,1.5348447011911897,0.7607010850125193
Saudi Arabia,SAU,1961,7.23,7.23,False,1.5417369365147076,0.7623703350423274
Saudi Arabia,SAU,1962,7.2429999999999986,7.2429999999999986,False,1.548136869315116,0.7639203529271489
Saudi Arabia,SAU,1963,7.252000000000002,7.252000000000002,False,1.5525675920230932,0.7649934422320258
Saudi Arabia,SAU,1964,7.2570000000000014,7.2570000000000014,False,1.5550291046386353,0.7655896029569573
Saudi Arabia,SAU,1965,7.26,7.26,False,1.5565060122079597,0.765947299391916
Saudi Arabia,SAU,1966,7.262,7.262,False,1.5574906172541765,0.7661857636818885
Saudi Arabia,SAU,1967,7.2639999999999985,7.2639999999999985,False,1.5584752223003928,0.7664242279718609
Saudi Arabia,SAU,1968,7.267,7.267,False,1.559952129869719,0.76678192440682
Saudi Arabia,SAU,1969,7.273,7.273,False,1.562905945008369,0.7674973172767376
Saudi Arabia,SAU,1970,7.28,7.28,False,1.5663520626701284,0.7683319422916418
Saudi Arabia,SAU,1971,7.289,7.289,False,1.5707827853781038,0.7694050315965183
Saudi Arabia,SAU,1972,7.298999999999999,7.298999999999999,False,1.5757058106091875,0.7705973530463811
Saudi Arabia,SAU,1973,7.307,7.307,False,1.5796442307940555,0.7715512102062716
Saudi Arabia,SAU,1974,7.312,7.312,False,1.5821057434095975,0.772147370931203
Saudi Arabia,SAU,1975,7.313,7.313,False,1.5825980459327058,0.7722666030761892
Saudi Arabia,SAU,1976,7.309,7.309,False,1.5806288358402723,0.7717896744962441
Saudi Arabia,SAU,1977,7.298999999999999,7.298999999999999,False,1.5757058106091875,0.7705973530463811
Saudi Arabia,SAU,1978,7.2810000000000015,7.2810000000000015,False,1.5668443651932373,0.7684511744366282
Saudi Arabia,SAU,1979,7.252000000000002,7.252000000000002,False,1.5525675920230932,0.7649934422320258
Saudi Arabia,SAU,1980,7.206,7.206,False,1.5299216759601055,0.7595087635626565
Saudi Arabia,SAU,1981,7.14,7.14,False,1.4974297094349498,0.7516394419935614
Saudi Arabia,SAU,1982,7.05,7.05,False,1.4531224823551925,0.7409085489447954
Saudi Arabia,SAU,1983,6.939,6.939,False,1.3984769022901586,0.7276737808513174
Saudi Arabia,SAU,1984,6.806,6.806,False,1.3330006667167393,0.7118159055681411
Saudi Arabia,SAU,1985,6.6560000000000015,6.6560000000000015,False,1.2591552882504777,0.6939310838201981
Saudi Arabia,SAU,1986,6.496,6.496,False,1.1803868845531307,0.6748539406223918
Saudi Arabia,SAU,1987,6.331,6.331,False,1.0991569682402422,0.6551806366996542
Saudi Arabia,SAU,1988,6.166,6.166,False,1.0179270519273536,0.6355073327769166
Saudi Arabia,SAU,1989,6.004,6.004,False,0.9381740431837898,0.6161917252891378
Saudi Arabia,SAU,1990,5.843999999999999,5.843999999999999,False,0.8594056394864433,0.5971145820913317
Saudi Arabia,SAU,1991,5.685,5.685,False,0.7811295383122053,0.5781566710385119
Saudi Arabia,SAU,1992,5.522,5.522,False,0.700884227045534,0.5587218314057469
Saudi Arabia,SAU,1993,5.352,5.352,False,0.6171927981171034,0.538452366758078
Saudi Arabia,SAU,1994,5.174,5.174,False,0.5295629490038055,0.5172290449505187
Saudi Arabia,SAU,1995,4.989,4.989,False,0.4384869822287484,0.49517109812805526
Saudi Arabia,SAU,1996,4.795,4.795,False,0.3429802927457158,0.47204006200071535
Saudi Arabia,SAU,1997,4.593999999999999,4.593999999999999,False,0.24402748560092405,0.4480744008584714
Saudi Arabia,SAU,1998,4.39,4.39,False,0.14359777088680742,0.4237510432812686
Saudi Arabia,SAU,1999,4.187,4.187,False,0.043660358695799394,0.3995469178490521
Saudi Arabia,SAU,2000,3.99,3.99,False,-0.05332323835655847,0.37605818528675333
Saudi Arabia,SAU,2001,3.804,3.804,False,-0.14489150765472394,0.35388100631930364
Saudi Arabia,SAU,2002,3.634,3.634,False,-0.2285829365831545,0.33361154167163465
Saudi Arabia,SAU,2003,3.482,3.482,False,-0.30341292009563353,0.31548825563371885
Saudi Arabia,SAU,2004,3.349,3.349,False,-0.3688891556690528,0.2996303803505425
Saudi Arabia,SAU,2005,3.234,3.234,False,-0.4255039458265206,0.28591868367711937
Saudi Arabia,SAU,2006,3.136,3.136,False,-0.4737495930911453,0.2742339334684631
Saudi Arabia,SAU,2007,3.05,3.05,False,-0.5160876100784692,0.26397996899964227
Saudi Arabia,SAU,2008,2.971,2.971,False,-0.5549795094040338,0.25456062954572556
Saudi Arabia,SAU,2009,2.898,2.898,False,-0.5909175935909482,0.2458566829617265
Saudi Arabia,SAU,2010,2.829,2.829,False,-0.6248864676854288,0.23762966495767263
Saudi Arabia,SAU,2011,2.763,2.763,False,-0.6573784342105844,0.22976034338857756
Senegal,SEN,1960,6.9510000000000005,6.9510000000000005,False,1.4043845325674598,0.729104566591153
Senegal,SEN,1961,6.994,6.994,False,1.4255535410611213,0.7342315488255633
Senegal,SEN,1962,7.0360000000000005,7.0360000000000005,False,1.446230247031675,0.7392392989149874
Senegal,SEN,1963,7.075,7.075,False,1.465430045432903,0.7438893525694527
Senegal,SEN,1964,7.114,7.114,False,1.4846298438341312,0.7485394062239179
Senegal,SEN,1965,7.152,7.152,False,1.5033373397122511,0.7530702277333968
Senegal,SEN,1966,7.189,7.189,False,1.5215525330672623,0.7574818170978895
Senegal,SEN,1967,7.227,7.227,False,1.5402600289453823,0.7620126386073685
Senegal,SEN,1968,7.266,7.266,False,1.5594598273466103,0.7666626922618337
Senegal,SEN,1969,7.303,7.303,False,1.5776750207016217,0.7710742816263264
Senegal,SEN,1970,7.338999999999999,7.338999999999999,False,1.595397911533524,0.7753666388458326
Senegal,SEN,1971,7.374,7.374,False,1.612628499842319,0.7795397639203528
Senegal,SEN,1972,7.405,7.405,False,1.6278898780586801,0.7832359604149278
Senegal,SEN,1973,7.432,7.432,False,1.6411820461826074,0.7864552283295576
Senegal,SEN,1974,7.452000000000001,7.452000000000001,False,1.6510280966447761,0.7888398712292835
Senegal,SEN,1975,7.465,7.465,False,1.6574280294451849,0.790389889114105
Senegal,SEN,1976,7.468,7.468,False,1.6589049370145104,0.790747585549064
Senegal,SEN,1977,7.461,7.461,False,1.6554588193527515,0.7899129605341599
Senegal,SEN,1978,7.445,7.445,False,1.6475819789830168,0.7880052462143794
Senegal,SEN,1979,7.417999999999997,7.417999999999997,False,1.6342898108590878,0.7847859782997492
Senegal,SEN,1980,7.3820000000000014,7.3820000000000014,False,1.6165669200271873,0.7804936210802433
Senegal,SEN,1981,7.3370000000000015,7.3370000000000015,False,1.5944133064873085,0.7751281745558604
Senegal,SEN,1982,7.284,7.284,False,1.5683212727625617,0.7688088708715869
Senegal,SEN,1983,7.225,7.225,False,1.539275423899165,0.7617741743173958
Senegal,SEN,1984,7.16,7.16,False,1.5072757598971185,0.7540240848932872
Senegal,SEN,1985,7.087999999999999,7.087999999999999,False,1.471829978233312,0.7454393704542743
Senegal,SEN,1986,7.01,7.01,False,1.433430381430856,0.7361392631453438
Senegal,SEN,1987,6.925,6.925,False,1.3915846669666405,0.7260045308215094
Senegal,SEN,1988,6.8320000000000025,6.8320000000000025,False,1.3458005323175593,0.7149159413377849
Senegal,SEN,1989,6.734,6.734,False,1.2975548850529333,0.7032311911291284
Senegal,SEN,1990,6.629,6.629,False,1.2458631201265495,0.690711815905568
Senegal,SEN,1991,6.519,6.519,False,1.1917098425846242,0.6775962799570764
Senegal,SEN,1992,6.404,6.404,False,1.1350950524271561,0.6638845832836532
Senegal,SEN,1993,6.287000000000001,6.287000000000001,False,1.077495657223472,0.6499344223202576
Senegal,SEN,1994,6.169,6.169,False,1.0194039594966784,0.6358650292118754
Senegal,SEN,1995,6.053999999999999,6.053999999999999,False,0.9627891693392105,0.6221533325384522
Senegal,SEN,1996,5.943,5.943,False,0.9081435892741766,0.6089185644449743
Senegal,SEN,1997,5.8370000000000015,5.8370000000000015,False,0.8559595218246855,0.5962799570764279
Senegal,SEN,1998,5.737,5.737,False,0.8067292695138433,0.5843567425777989
Senegal,SEN,1999,5.645,5.645,False,0.7614374373878687,0.5733873852390603
Senegal,SEN,2000,5.561,5.561,False,0.720084025446762,0.5633718850602122
Senegal,SEN,2001,5.484,5.484,False,0.6821767311674141,0.554191009896268
Senegal,SEN,2002,5.412999999999999,5.412999999999999,False,0.6472232520267163,0.5457255276022415
Senegal,SEN,2003,5.346,5.346,False,0.6142389829784528,0.5377369738881602
Senegal,SEN,2004,5.285,5.285,False,0.5842085290688395,0.5304638130439966
Senegal,SEN,2005,5.229,5.229,False,0.5566395877747682,0.5237868129247645
Senegal,SEN,2006,5.181,5.181,False,0.5330090666655642,0.5180636699654226
Senegal,SEN,2007,5.14,5.14,False,0.512824663218119,0.5131751520209847
Senegal,SEN,2008,5.107,5.107,False,0.49657867995554156,0.5092404912364373
Senegal,SEN,2009,5.078,5.078,False,0.4823019067853975,0.505782759031835
Senegal,SEN,2010,5.05,5.05,False,0.46851743613836166,0.5024442589722188
Senegal,SEN,2011,5.019,5.019,False,0.45325605792200097,0.4987480624776439
Serbia,SRB,1960,,2.5,False,-0.7868539977880976,0.19840228925718376
Serbia,SRB,1961,2.5,2.5,False,-0.7868539977880976,0.19840228925718376
Serbia,SRB,1962,,2.48,False,-0.7967000482502659,0.19601764635745797
Serbia,SRB,1963,,2.46,False,-0.8065460987124342,0.1936330034577322
Serbia,SRB,1964,,2.44,False,-0.8163921491746026,0.19124836055800645
Serbia,SRB,1965,,2.42,False,-0.8262381996367708,0.18886371765828067
Serbia,SRB,1966,,2.4,False,-0.8360842500989392,0.1864790747585549
Serbia,SRB,1967,,2.38,False,-0.8459303005611075,0.18409443185882912
Serbia,SRB,1968,,2.36,False,-0.8557763510232758,0.18170978895910336
Serbia,SRB,1969,,2.34,False,-0.8656224014854441,0.1793251460593776
Serbia,SRB,1970,,2.32,False,-0.8754684519476125,0.17694050315965182
Serbia,SRB,1971,2.3,2.3,False,-0.8853145024097807,0.17455586025992606
Serbia,SRB,1972,,2.28,False,-0.8951605528719491,0.1721712173602003
Serbia,SRB,1973,,2.26,False,-0.9050066033341174,0.16978657446047452
Serbia,SRB,1974,,2.2399999999999998,False,-0.9148526537962857,0.16740193156074876
Serbia,SRB,1975,,2.2199999999999998,False,-0.924698704258454,0.165017288661023
Serbia,SRB,1976,,2.2,False,-0.9345447547206222,0.16263264576129727
Serbia,SRB,1977,,2.18,False,-0.9443908051827904,0.1602480028615715
Serbia,SRB,1978,,2.16,False,-0.9542368556449587,0.15786335996184575
Serbia,SRB,1979,,2.14,False,-0.9640829061071271,0.15547871706211996
Serbia,SRB,1980,,2.12,False,-0.9739289565692953,0.1530940741623942
Serbia,SRB,1981,2.1,2.1,False,-0.9837750070314637,0.15070943126266845
Serbia,SRB,1982,,2.0700000000000003,False,-0.9985440827247161,0.1471324669130798
Serbia,SRB,1983,,2.04,False,-1.0133131584179687,0.14355550256349114
Serbia,SRB,1984,,2.0100000000000002,False,-1.028082234111221,0.1399785382139025
Serbia,SRB,1985,,1.98,False,-1.0428513098044736,0.1364015738643138
Serbia,SRB,1986,,1.9500000000000002,False,-1.057620385497726,0.1328246095147252
Serbia,SRB,1987,,1.92,False,-1.0723894611909786,0.1292476451651365
Serbia,SRB,1988,,1.8900000000000001,False,-1.087158536884231,0.12567068081554789
Serbia,SRB,1989,,1.86,False,-1.1019276125774833,0.12209371646595922
Serbia,SRB,1990,,1.83,False,-1.1166966882707359,0.11851675211637058
Serbia,SRB,1991,1.8,1.8,False,-1.1314657639639885,0.11493978776678193
Serbia,SRB,1992,,1.775,False,-1.1437733270416988,0.1119589841421247
Serbia,SRB,1993,,1.75,False,-1.156080890119409,0.10897818051746751
Serbia,SRB,1994,,1.725,False,-1.1683884531971194,0.10599737689281032
Serbia,SRB,1995,1.7,1.7,False,-1.18069601627483,0.10301657326815308
Serbia,SRB,1996,,1.65,False,-1.2053111424302507,0.09705496601883867
Serbia,SRB,1997,1.6,1.6,False,-1.2299262685856713,0.09109335876952428
Serbia,SRB,1998,,1.56,False,-1.249618369510008,0.08632407297007273
Serbia,SRB,1999,,1.52,False,-1.2693104704343448,0.0815547871706212
Serbia,SRB,2000,1.48,1.48,False,-1.2890025713586812,0.07678550137116967
Serbia,SRB,2001,1.58,1.58,False,-1.2397723190478398,0.0887087158697985
Serbia,SRB,2002,1.57,1.57,False,-1.2446953442789237,0.08751639441993563
Serbia,SRB,2003,1.59,1.59,False,-1.2348492938167557,0.08990103731966138
Serbia,SRB,2004,1.57,1.57,False,-1.2446953442789237,0.08751639441993563
Serbia,SRB,2005,1.45,1.45,False,-1.3037716470519336,0.07320853702158102
Serbia,SRB,2006,1.43,1.43,False,-1.3136176975141023,0.07082389412185525
Serbia,SRB,2007,1.38,1.38,False,-1.338232823669523,0.06486228687254082
Serbia,SRB,2008,1.4,1.4,False,-1.3283867732073547,0.0672469297722666
Serbia,SRB,2009,1.44,1.44,False,-1.308694672283018,0.07201621557171813
Serbia,SRB,2010,1.4,1.4,False,-1.3283867732073547,0.0672469297722666
Serbia,SRB,2011,1.36,1.36,False,-1.348078874131691,0.062477643972815085
Seychelles,SYC,1960,,4.5,False,0.19775104842873328,0.43686657922976035
Seychelles,SYC,1961,,4.5,False,0.19775104842873328,0.43686657922976035
Seychelles,SYC,1962,,4.5,False,0.19775104842873328,0.43686657922976035
Seychelles,SYC,1963,,4.5,False,0.19775104842873328,0.43686657922976035
Seychelles,SYC,1964,,4.5,False,0.19775104842873328,0.43686657922976035
Seychelles,SYC,1965,,4.5,False,0.19775104842873328,0.43686657922976035
Seychelles,SYC,1966,,4.5,False,0.19775104842873328,0.43686657922976035
Seychelles,SYC,1967,,4.5,False,0.19775104842873328,0.43686657922976035
Seychelles,SYC,1968,,4.5,False,0.19775104842873328,0.43686657922976035
Seychelles,SYC,1969,,4.5,False,0.19775104842873328,0.43686657922976035
Seychelles,SYC,1970,,4.5,False,0.19775104842873328,0.43686657922976035
Seychelles,SYC,1971,,4.5,False,0.19775104842873328,0.43686657922976035
Seychelles,SYC,1972,,4.5,False,0.19775104842873328,0.43686657922976035
Seychelles,SYC,1973,,4.5,False,0.19775104842873328,0.43686657922976035
Seychelles,SYC,1974,,4.5,False,0.19775104842873328,0.43686657922976035
Seychelles,SYC,1975,,4.5,False,0.19775104842873328,0.43686657922976035
Seychelles,SYC,1976,4.5,4.5,False,0.19775104842873328,0.43686657922976035
Seychelles,SYC,1977,,4.333333333333333,False,0.1157006279106639,0.4169945550653789
Seychelles,SYC,1978,,4.166666666666667,False,0.03365020739259496,0.3971225309009976
Seychelles,SYC,1979,,4.0,False,-0.04840021312547443,0.3772505067366162
Seychelles,SYC,1980,,3.8333333333333335,False,-0.1304506336435436,0.3573784825722348
Seychelles,SYC,1981,,3.666666666666667,False,-0.21250105416161275,0.3375064584078535
Seychelles,SYC,1982,3.5,3.5,False,-0.2945514746796821,0.31763443424347204
Seychelles,SYC,1983,,3.4,False,-0.34378172699052373,0.3057112197448432
Seychelles,SYC,1984,,3.3,False,-0.39301197930136533,0.29378800524621435
Seychelles,SYC,1985,,3.2,False,-0.44224223161220666,0.2818647907475856
Seychelles,SYC,1986,,3.1,False,-0.49147248392304826,0.2699415762489567
Seychelles,SYC,1987,3.0,3.0,False,-0.5407027362338899,0.2580183617503279
Seychelles,SYC,1988,,2.9392,False,-0.5706347296388815,0.2507690473351616
Seychelles,SYC,1989,,2.8784,False,-0.6005667230438732,0.24351973291999524
Seychelles,SYC,1990,,2.8176,False,-0.6304987164488648,0.2362704185048289
Seychelles,SYC,1991,,2.7568,False,-0.6604307098538564,0.22902110408966259
Seychelles,SYC,1992,2.696,2.696,False,-0.6903627032588481,0.22177178967449626
Seychelles,SYC,1993,,2.5768,False,-0.7490451640133713,0.20755931799213068
Seychelles,SYC,1994,,2.4576000000000002,False,-0.8077276247678943,0.19334684630976515
Seychelles,SYC,1995,,2.3384,False,-0.8664100855224175,0.17913437462739956
Seychelles,SYC,1996,,2.2192000000000003,False,-0.9250925462769405,0.16492190294503403
Seychelles,SYC,1997,2.1,2.1,False,-0.9837750070314637,0.15070943126266845
Seychelles,SYC,1998,2.04,2.04,False,-1.0133131584179687,0.14355550256349114
Seychelles,SYC,1999,2.04,2.04,False,-1.0133131584179687,0.14355550256349114
Seychelles,SYC,2000,2.08,2.08,False,-0.993621057493632,0.14832478836294266
Seychelles,SYC,2001,1.98,1.98,False,-1.0428513098044736,0.1364015738643138
Seychelles,SYC,2002,2.04,2.04,False,-1.0133131584179687,0.14355550256349114
Seychelles,SYC,2003,2.1,2.1,False,-0.9837750070314637,0.15070943126266845
Seychelles,SYC,2004,2.0,2.0,False,-1.0330052593423054,0.1387862167640396
Seychelles,SYC,2005,2.2,2.2,False,-0.9345447547206222,0.16263264576129727
Seychelles,SYC,2006,2.1,2.1,False,-0.9837750070314637,0.15070943126266845
Seychelles,SYC,2007,2.24,2.24,False,-0.9148526537962854,0.1674019315607488
Seychelles,SYC,2008,2.3,2.3,False,-0.8853145024097807,0.17455586025992606
Seychelles,SYC,2009,2.4,2.4,False,-0.8360842500989392,0.1864790747585549
Seychelles,SYC,2010,2.1,2.1,False,-0.9837750070314637,0.15070943126266845
Seychelles,SYC,2011,2.1,2.1,False,-0.9837750070314637,0.15070943126266845
Sierra Leone,SLE,1960,6.033,6.033,False,0.9524508163539344,0.6196494574937403
Sierra Leone,SLE,1961,6.093,6.093,False,0.9819889677404391,0.6268033861929175
Sierra Leone,SLE,1962,6.158,6.158,False,1.0139886317424862,0.6345534756170264
Sierra Leone,SLE,1963,6.229,6.229,False,1.0489421108831836,0.6430189579110528
Sierra Leone,SLE,1964,6.3020000000000005,6.3020000000000005,False,1.0848801950700981,0.6517229044950519
Sierra Leone,SLE,1965,6.376,6.376,False,1.1213105817801208,0.6605460832240372
Sierra Leone,SLE,1966,6.449,6.449,False,1.157248665967035,0.6692500298080362
Sierra Leone,SLE,1967,6.519,6.519,False,1.1917098425846242,0.6775962799570764
Sierra Leone,SLE,1968,6.5829999999999975,6.5829999999999975,False,1.2232172040635614,0.6852271372361985
Sierra Leone,SLE,1969,6.643,6.643,False,1.2527553554500674,0.6923810659353761
Sierra Leone,SLE,1970,6.697,6.697,False,1.279339691697922,0.6988196017646356
Sierra Leone,SLE,1971,6.7479999999999976,6.7479999999999976,False,1.30444712037645,0.7049004411589361
Sierra Leone,SLE,1972,6.797999999999999,6.797999999999999,False,1.3290622465318715,0.7108620484082507
Sierra Leone,SLE,1973,6.847,6.847,False,1.3531850701641845,0.716704423512579
Sierra Leone,SLE,1974,6.894,6.894,False,1.3763232887502799,0.7223083343269345
Sierra Leone,SLE,1975,6.938,6.938,False,1.39798459976705,0.7275545487063311
Sierra Leone,SLE,1976,6.979,6.979,False,1.4181690032144951,0.732443066650769
Sierra Leone,SLE,1977,7.013,7.013,False,1.4349072890001813,0.7364969595803028
Sierra Leone,SLE,1978,7.037999999999999,7.037999999999999,False,1.4472148520778914,0.73947776320496
Sierra Leone,SLE,1979,7.053999999999999,7.053999999999999,False,1.455091692447626,0.7413854775247405
Sierra Leone,SLE,1980,7.058,7.058,False,1.4570609025400598,0.7418624061046857
Sierra Leone,SLE,1981,7.047999999999999,7.047999999999999,False,1.4521378773089755,0.7406700846548228
Sierra Leone,SLE,1982,7.025,7.025,False,1.4408149192774824,0.7379277453201383
Sierra Leone,SLE,1983,6.99,6.99,False,1.4235843309686878,0.7337546202456182
Sierra Leone,SLE,1984,6.945,6.945,False,1.4014307174288092,0.7283891737212352
Sierra Leone,SLE,1985,6.888999999999999,6.888999999999999,False,1.3738617761347374,0.7217121736020029
Sierra Leone,SLE,1986,6.824,6.824,False,1.3418621121326906,0.7139620841778943
Sierra Leone,SLE,1987,6.752999999999999,6.752999999999999,False,1.3069086329919928,0.7054966018838678
Sierra Leone,SLE,1988,6.678,6.678,False,1.269985943758862,0.6965541910098962
Sierra Leone,SLE,1989,6.601,6.601,False,1.2320786494795142,0.687373315845952
Sierra Leone,SLE,1990,6.525,6.525,False,1.1946636577232748,0.6783116728269941
Sierra Leone,SLE,1991,6.452999999999999,6.452999999999999,False,1.1592178760594682,0.6697269583879812
Sierra Leone,SLE,1992,6.385,6.385,False,1.1257413044880962,0.6616191725289137
Sierra Leone,SLE,1993,6.32,6.32,False,1.0937416404860496,0.6538690831048051
Sierra Leone,SLE,1994,6.26,6.26,False,1.0642034890995444,0.6467151544056277
Sierra Leone,SLE,1995,6.204,6.204,False,1.036634547805473,0.6400381542863955
Sierra Leone,SLE,1996,6.15,6.15,False,1.0100502115576189,0.633599618457136
Sierra Leone,SLE,1997,6.098,6.098,False,0.984450480355981,0.6273995469178489
Sierra Leone,SLE,1998,6.0429999999999975,6.0429999999999975,False,0.957373841585017,0.6208417789436028
Sierra Leone,SLE,1999,5.985,5.985,False,0.9288202952447303,0.6139263145343985
Sierra Leone,SLE,2000,5.92,5.92,False,0.8968206312426832,0.6061762251102897
Sierra Leone,SLE,2001,5.845,5.845,False,0.8598979420095519,0.597233814236318
Sierra Leone,SLE,2002,5.759,5.759,False,0.8175599250222285,0.5869798497674973
Sierra Leone,SLE,2003,5.664,5.664,False,0.7707911853269287,0.5756527959937998
Sierra Leone,SLE,2004,5.56,5.56,False,0.7195917229236535,0.5632526529152259
Sierra Leone,SLE,2005,5.4510000000000005,5.4510000000000005,False,0.6659307479048366,0.5502563491117205
Sierra Leone,SLE,2006,5.34,5.34,False,0.6112851678398021,0.5370215810182425
Sierra Leone,SLE,2007,5.232,5.232,False,0.5581164953440935,0.5241445093597233
Sierra Leone,SLE,2008,5.127999999999999,5.127999999999999,False,0.5069170329408178,0.5117443662811493
Sierra Leone,SLE,2009,5.032,5.032,False,0.4596559907224103,0.5002980803624657
Sierra Leone,SLE,2010,4.9430000000000005,4.9430000000000005,False,0.41584106616576155,0.4896864194586861
Sierra Leone,SLE,2011,4.8610000000000015,4.8610000000000015,False,0.375472259270872,0.47990938356981055
Singapore,SGP,1960,5.454,5.454,False,0.6674076554741615,0.5506140455466793
Singapore,SGP,1961,5.256,5.256,False,0.5699317558986955,0.5270060808393943
Singapore,SGP,1962,5.2,5.2,False,0.5423628146046242,0.5203290807201622
Singapore,SGP,1963,5.007,5.007,False,0.44734842764469973,0.4973172767378084
Singapore,SGP,1964,4.853,4.853,False,0.3715338390860038,0.47895552640992
Singapore,SGP,1965,4.698,4.698,False,0.29522694800419974,0.46047454393704546
Singapore,SGP,1966,4.498,4.498,False,0.19676644338251656,0.43662811493978776
Singapore,SGP,1967,3.946,3.946,False,-0.07498454937332877,0.3708119709073566
Singapore,SGP,1968,3.562,3.562,False,-0.26402871824696045,0.3250268272326219
Singapore,SGP,1969,3.2460000000000004,3.2460000000000004,False,-0.41959631554921945,0.2873494694169549
Singapore,SGP,1970,3.0860000000000003,3.0860000000000003,False,-0.498364719246566,0.2682723262191487
Singapore,SGP,1971,3.0380000000000003,3.0380000000000003,False,-0.5219952403557699,0.26254918325980686
Singapore,SGP,1972,3.048,3.048,False,-0.5170722151246859,0.2637415047096697
Singapore,SGP,1973,2.8,2.8,False,-0.6391632408555731,0.23417193275307022
Singapore,SGP,1974,2.359,2.359,False,-0.8562686535463842,0.1815905568141171
Singapore,SGP,1975,2.079,2.079,False,-0.9941133600167403,0.1482055562179564
Singapore,SGP,1976,2.111,2.111,False,-0.9783596792772711,0.1520209848575176
Singapore,SGP,1977,1.82,1.82,False,-1.12161971350182,0.11732443066650769
Singapore,SGP,1978,1.759,1.759,False,-1.1516501674114334,0.11005126982234409
Singapore,SGP,1979,1.791,1.791,False,-1.135896486671964,0.11386669846190532
Singapore,SGP,1980,1.737,1.737,False,-1.1624808229198185,0.10742816263264578
Singapore,SGP,1981,1.723,1.723,False,-1.1693730582433364,0.10575891260283773
Singapore,SGP,1982,1.706,1.706,False,-1.1777422011361793,0.10373196613807081
Singapore,SGP,1983,1.608,1.608,False,-1.225987848400804,0.09204721592941457
Singapore,SGP,1984,1.615,1.615,False,-1.2225417307390452,0.09288184094431859
Singapore,SGP,1985,1.614,1.614,False,-1.2230340332621537,0.0927626087993323
Singapore,SGP,1986,1.433,1.433,False,-1.312140789944777,0.07118159055681413
Singapore,SGP,1987,1.621,1.621,False,-1.2195879156003948,0.09359723381423632
Singapore,SGP,1988,1.956,1.956,False,-1.0546665703590756,0.1335400023846429
Singapore,SGP,1989,1.754,1.754,False,-1.1541116800269755,0.10945510909741266
Singapore,SGP,1990,1.865,1.865,False,-1.0994660999619412,0.12268987719089065
Singapore,SGP,1991,1.77,1.77,False,-1.1462348396572408,0.11136282341719328
Singapore,SGP,1992,1.76,1.76,False,-1.1511578648883252,0.11017050196733039
Singapore,SGP,1993,1.778,1.778,False,-1.1422964194723735,0.11231668057708358
Singapore,SGP,1994,1.75,1.75,False,-1.156080890119409,0.10897818051746751
Singapore,SGP,1995,1.71,1.71,False,-1.1757729910437458,0.10420889471801598
Singapore,SGP,1996,1.696,1.696,False,-1.1826652263672637,0.10253964468820793
Singapore,SGP,1997,1.635,1.635,False,-1.212695680276877,0.09526648384404436
Singapore,SGP,1998,1.494,1.494,False,-1.2821103360351636,0.0784547514009777
Singapore,SGP,1999,1.475,1.475,False,-1.2914640839742233,0.07618934064623824
Singapore,SGP,2000,,1.4425,False,-1.307463915975247,0.07231429593418384
Singapore,SGP,2001,1.41,1.41,False,-1.3234637479762703,0.06843925122212947
Singapore,SGP,2002,1.37,1.37,False,-1.343155848900607,0.06366996542267797
Singapore,SGP,2003,1.27,1.27,False,-1.3923861012114485,0.05174675092404913
Singapore,SGP,2004,1.26,1.26,False,-1.3973091264425328,0.050554429474186244
Singapore,SGP,2005,1.26,1.26,False,-1.3973091264425328,0.050554429474186244
Singapore,SGP,2006,1.28,1.28,False,-1.3874630759803643,0.05293907237391201
Singapore,SGP,2007,1.29,1.29,False,-1.3825400507492802,0.054131393823774895
Singapore,SGP,2008,1.28,1.28,False,-1.3874630759803643,0.05293907237391201
Singapore,SGP,2009,1.22,1.22,False,-1.4170012273668695,0.045785143674734706
Singapore,SGP,2010,1.15,1.15,False,-1.4514624039844584,0.03743889352569452
Singapore,SGP,2011,1.2,1.2,False,-1.4268472778290375,0.04340050077500894
Sint Maarten (Dutch part),SXM,1960,,1.5,False,-1.279156520896513,0.07917014427089543
Sint Maarten (Dutch part),SXM,1961,,1.5,False,-1.279156520896513,0.07917014427089543
Sint Maarten (Dutch part),SXM,1962,,1.5,False,-1.279156520896513,0.07917014427089543
Sint Maarten (Dutch part),SXM,1963,,1.5,False,-1.279156520896513,0.07917014427089543
Sint Maarten (Dutch part),SXM,1964,,1.5,False,-1.279156520896513,0.07917014427089543
Sint Maarten (Dutch part),SXM,1965,,1.5,False,-1.279156520896513,0.07917014427089543
Sint Maarten (Dutch part),SXM,1966,,1.5,False,-1.279156520896513,0.07917014427089543
Sint Maarten (Dutch part),SXM,1967,,1.5,False,-1.279156520896513,0.07917014427089543
Sint Maarten (Dutch part),SXM,1968,,1.5,False,-1.279156520896513,0.07917014427089543
Sint Maarten (Dutch part),SXM,1969,,1.5,False,-1.279156520896513,0.07917014427089543
Sint Maarten (Dutch part),SXM,1970,,1.5,False,-1.279156520896513,0.07917014427089543
Sint Maarten (Dutch part),SXM,1971,,1.5,False,-1.279156520896513,0.07917014427089543
Sint Maarten (Dutch part),SXM,1972,,1.5,False,-1.279156520896513,0.07917014427089543
Sint Maarten (Dutch part),SXM,1973,,1.5,False,-1.279156520896513,0.07917014427089543
Sint Maarten (Dutch part),SXM,1974,,1.5,False,-1.279156520896513,0.07917014427089543
Sint Maarten (Dutch part),SXM,1975,,1.5,False,-1.279156520896513,0.07917014427089543
Sint Maarten (Dutch part),SXM,1976,,1.5,False,-1.279156520896513,0.07917014427089543
Sint Maarten (Dutch part),SXM,1977,,1.5,False,-1.279156520896513,0.07917014427089543
Sint Maarten (Dutch part),SXM,1978,,1.5,False,-1.279156520896513,0.07917014427089543
Sint Maarten (Dutch part),SXM,1979,,1.5,False,-1.279156520896513,0.07917014427089543
Sint Maarten (Dutch part),SXM,1980,,1.5,False,-1.279156520896513,0.07917014427089543
Sint Maarten (Dutch part),SXM,1981,,1.5,False,-1.279156520896513,0.07917014427089543
Sint Maarten (Dutch part),SXM,1982,,1.5,False,-1.279156520896513,0.07917014427089543
Sint Maarten (Dutch part),SXM,1983,,1.5,False,-1.279156520896513,0.07917014427089543
Sint Maarten (Dutch part),SXM,1984,,1.5,False,-1.279156520896513,0.07917014427089543
Sint Maarten (Dutch part),SXM,1985,,1.5,False,-1.279156520896513,0.07917014427089543
Sint Maarten (Dutch part),SXM,1986,,1.5,False,-1.279156520896513,0.07917014427089543
Sint Maarten (Dutch part),SXM,1987,,1.5,False,-1.279156520896513,0.07917014427089543
Sint Maarten (Dutch part),SXM,1988,,1.5,False,-1.279156520896513,0.07917014427089543
Sint Maarten (Dutch part),SXM,1989,,1.5,False,-1.279156520896513,0.07917014427089543
Sint Maarten (Dutch part),SXM,1990,,1.5,False,-1.279156520896513,0.07917014427089543
Sint Maarten (Dutch part),SXM,1991,,1.5,False,-1.279156520896513,0.07917014427089543
Sint Maarten (Dutch part),SXM,1992,,1.5,False,-1.279156520896513,0.07917014427089543
Sint Maarten (Dutch part),SXM,1993,,1.5,False,-1.279156520896513,0.07917014427089543
Sint Maarten (Dutch part),SXM,1994,,1.5,False,-1.279156520896513,0.07917014427089543
Sint Maarten (Dutch part),SXM,1995,,1.5,False,-1.279156520896513,0.07917014427089543
Sint Maarten (Dutch part),SXM,1996,,1.5,False,-1.279156520896513,0.07917014427089543
Sint Maarten (Dutch part),SXM,1997,,1.5,False,-1.279156520896513,0.07917014427089543
Sint Maarten (Dutch part),SXM,1998,,1.5,False,-1.279156520896513,0.07917014427089543
Sint Maarten (Dutch part),SXM,1999,,1.5,False,-1.279156520896513,0.07917014427089543
Sint Maarten (Dutch part),SXM,2000,,1.5,False,-1.279156520896513,0.07917014427089543
Sint Maarten (Dutch part),SXM,2001,,1.5,False,-1.279156520896513,0.07917014427089543
Sint Maarten (Dutch part),SXM,2002,,1.5,False,-1.279156520896513,0.07917014427089543
Sint Maarten (Dutch part),SXM,2003,,1.5,False,-1.279156520896513,0.07917014427089543
Sint Maarten (Dutch part),SXM,2004,,1.5,False,-1.279156520896513,0.07917014427089543
Sint Maarten (Dutch part),SXM,2005,,1.5,False,-1.279156520896513,0.07917014427089543
Sint Maarten (Dutch part),SXM,2006,,1.5,False,-1.279156520896513,0.07917014427089543
Sint Maarten (Dutch part),SXM,2007,1.5,1.5,False,-1.279156520896513,0.07917014427089543
Sint Maarten (Dutch part),SXM,2008,1.7,1.7,False,-1.18069601627483,0.10301657326815308
Sint Maarten (Dutch part),SXM,2009,1.7,1.7,False,-1.18069601627483,0.10301657326815308
Sint Maarten (Dutch part),SXM,2010,,1.7,False,-1.18069601627483,0.10301657326815308
Sint Maarten (Dutch part),SXM,2011,,1.7,False,-1.18069601627483,0.10301657326815308
Slovak Republic,SVK,1960,3.04,3.04,False,-0.5210106353095533,0.2627876475497794
Slovak Republic,SVK,1961,2.96,2.96,False,-0.5603948371582265,0.25324907595087637
Slovak Republic,SVK,1962,2.83,2.83,False,-0.6243941651623205,0.2377488971026589
Slovak Republic,SVK,1963,2.92,2.92,False,-0.5800869380825632,0.24847979015142482
Slovak Republic,SVK,1964,2.89,2.89,False,-0.5948560137758155,0.2449028258018362
Slovak Republic,SVK,1965,2.78,2.78,False,-0.6490092913177413,0.23178728985334443
Slovak Republic,SVK,1966,2.66,2.66,False,-0.708085594090751,0.21747943245498988
Slovak Republic,SVK,1967,2.48,2.48,False,-0.7967000482502659,0.19601764635745797
Slovak Republic,SVK,1968,2.39,2.39,False,-0.8410072753300232,0.18528675330869204
Slovak Republic,SVK,1969,2.43,2.43,False,-0.8213151744056866,0.1900560391081436
Slovak Republic,SVK,1970,2.41,2.41,False,-0.8311612248678549,0.1876713962084178
Slovak Republic,SVK,1971,2.43,2.43,False,-0.8213151744056866,0.1900560391081436
Slovak Republic,SVK,1972,2.49,2.49,False,-0.7917770230191816,0.1972099678073209
Slovak Republic,SVK,1973,2.56,2.56,False,-0.7573158464015927,0.20555621795636106
Slovak Republic,SVK,1974,2.61,2.61,False,-0.7327007202461719,0.21151782520567544
Slovak Republic,SVK,1975,2.55,2.55,False,-0.7622388716326769,0.20436389650649814
Slovak Republic,SVK,1976,2.55,2.55,False,-0.7622388716326769,0.20436389650649814
Slovak Republic,SVK,1977,2.49,2.49,False,-0.7917770230191816,0.1972099678073209
Slovak Republic,SVK,1978,2.47,2.47,False,-0.80162307348135,0.1948253249075951
Slovak Republic,SVK,1979,2.45,2.45,False,-0.8114691239435182,0.19244068200786935
Slovak Republic,SVK,1980,2.32,2.32,False,-0.8754684519476125,0.17694050315965182
Slovak Republic,SVK,1981,2.29,2.29,False,-0.8902375276408648,0.1733635388100632
Slovak Republic,SVK,1982,2.28,2.28,False,-0.8951605528719491,0.1721712173602003
Slovak Republic,SVK,1983,2.28,2.28,False,-0.8951605528719491,0.1721712173602003
Slovak Republic,SVK,1984,2.26,2.26,False,-0.9050066033341174,0.16978657446047452
Slovak Republic,SVK,1985,2.26,2.26,False,-0.9050066033341174,0.16978657446047452
Slovak Republic,SVK,1986,2.2,2.2,False,-0.9345447547206222,0.16263264576129727
Slovak Republic,SVK,1987,2.14,2.14,False,-0.9640829061071271,0.15547871706211996
Slovak Republic,SVK,1988,2.13,2.13,False,-0.9690059313382113,0.15428639561225707
Slovak Republic,SVK,1989,2.07,2.07,False,-0.9985440827247163,0.14713246691307977
Slovak Republic,SVK,1990,2.09,2.09,False,-0.9886980322625479,0.14951710981280553
Slovak Republic,SVK,1991,2.05,2.05,False,-1.0083901331868845,0.14474782401335398
Slovak Republic,SVK,1992,1.93,1.93,False,-1.0674664359598944,0.13043996661499938
Slovak Republic,SVK,1993,1.87,1.87,False,-1.0970045873463992,0.12328603791582213
Slovak Republic,SVK,1994,1.67,1.67,False,-1.1954650919680825,0.09943960891856443
Slovak Republic,SVK,1995,1.52,1.52,False,-1.2693104704343448,0.0815547871706212
Slovak Republic,SVK,1996,1.47,1.47,False,-1.2939255965897656,0.07559317992130678
Slovak Republic,SVK,1997,1.43,1.43,False,-1.3136176975141023,0.07082389412185525
Slovak Republic,SVK,1998,1.37,1.37,False,-1.343155848900607,0.06366996542267797
Slovak Republic,SVK,1999,1.33,1.33,False,-1.3628479498249435,0.05890067962322643
Slovak Republic,SVK,2000,1.3,1.3,False,-1.377617025518196,0.05532371527363778
Slovak Republic,SVK,2001,1.2,1.2,False,-1.4268472778290375,0.04340050077500894
Slovak Republic,SVK,2002,1.19,1.19,False,-1.4317703030601219,0.042208179325146054
Slovak Republic,SVK,2003,1.2,1.2,False,-1.4268472778290375,0.04340050077500894
Slovak Republic,SVK,2004,1.24,1.24,False,-1.4071551769047008,0.04816978657446048
Slovak Republic,SVK,2005,1.25,1.25,False,-1.402232151673617,0.04936210802432336
Slovak Republic,SVK,2006,1.24,1.24,False,-1.4071551769047008,0.04816978657446048
Slovak Republic,SVK,2007,1.25,1.25,False,-1.402232151673617,0.04936210802432336
Slovak Republic,SVK,2008,1.32,1.32,False,-1.3677709750560276,0.05770835817336355
Slovak Republic,SVK,2009,1.41,1.41,False,-1.3234637479762703,0.06843925122212947
Slovak Republic,SVK,2010,1.4,1.4,False,-1.3283867732073547,0.0672469297722666
Slovak Republic,SVK,2011,1.45,1.45,False,-1.3037716470519336,0.07320853702158102
Slovenia,SVN,1960,2.324,2.324,False,-0.8734992418551788,0.17741743173959698
Slovenia,SVN,1961,2.325,2.325,False,-0.8730069393320702,0.1775366638845833
Slovenia,SVN,1962,2.33,2.33,False,-0.8705454267165281,0.17813282460951474
Slovenia,SVN,1963,2.336,2.336,False,-0.8675916115778778,0.17884821747943244
Slovenia,SVN,1964,2.34,2.34,False,-0.8656224014854441,0.1793251460593776
Slovenia,SVN,1965,2.341,2.341,False,-0.8651300989623355,0.17944437820436393
Slovenia,SVN,1966,2.336,2.336,False,-0.8675916115778778,0.17884821747943244
Slovenia,SVN,1967,2.326,2.326,False,-0.8725146368089618,0.17765589602956958
Slovenia,SVN,1968,2.312,2.312,False,-0.8794068721324797,0.17598664599976152
Slovenia,SVN,1969,2.294,2.294,False,-0.8882683175484312,0.17384046739000836
Slovenia,SVN,1970,2.273,2.273,False,-0.8986066705337078,0.17133659234529633
Slovenia,SVN,1971,2.255,2.255,False,-0.9074681159496594,0.1691904137355431
Slovenia,SVN,1972,2.239,2.239,False,-0.915344956319394,0.1672826994157625
Slovenia,SVN,1973,2.227,2.227,False,-0.9212525865966951,0.16585191367592703
Slovenia,SVN,1974,2.218,2.218,False,-0.9256833093046707,0.16477882437105043
Slovenia,SVN,1975,2.209,2.209,False,-0.9301140320126464,0.16370573506617386
Slovenia,SVN,1976,2.195,2.195,False,-0.9370062673361643,0.1620364850363658
Slovenia,SVN,1977,2.172,2.172,False,-0.9483292253676577,0.1592941457016812
Slovenia,SVN,1978,2.138,2.138,False,-0.965067511153344,0.15524025277214737
Slovenia,SVN,1979,2.093,2.093,False,-0.9872211246932227,0.1498748062477644
Slovenia,SVN,1980,2.039,2.039,False,-1.013805460941077,0.14343627041850485
Slovenia,SVN,1981,1.978,1.978,False,-1.0438359148506906,0.13616310957434122
Slovenia,SVN,1982,1.93,1.93,False,-1.0674664359598944,0.13043996661499938
Slovenia,SVN,1983,1.81,1.81,False,-1.1265427387329041,0.11613210921664481
Slovenia,SVN,1984,1.74,1.74,False,-1.1610039153504932,0.10778585906760463
Slovenia,SVN,1985,1.71,1.71,False,-1.1757729910437458,0.10420889471801598
Slovenia,SVN,1986,1.67,1.67,False,-1.1954650919680825,0.09943960891856443
Slovenia,SVN,1987,1.65,1.65,False,-1.2053111424302507,0.09705496601883867
Slovenia,SVN,1988,1.63,1.63,False,-1.215157192892419,0.0946703231191129
Slovenia,SVN,1989,1.52,1.52,False,-1.2693104704343448,0.0815547871706212
Slovenia,SVN,1990,1.46,1.46,False,-1.2988486218208497,0.0744008584714439
Slovenia,SVN,1991,1.42,1.42,False,-1.3185407227451862,0.06963157267199237
Slovenia,SVN,1992,1.33,1.33,False,-1.3628479498249435,0.05890067962322643
Slovenia,SVN,1993,1.33,1.33,False,-1.3628479498249435,0.05890067962322643
Slovenia,SVN,1994,1.32,1.32,False,-1.3677709750560276,0.05770835817336355
Slovenia,SVN,1995,1.29,1.29,False,-1.3825400507492802,0.054131393823774895
Slovenia,SVN,1996,1.28,1.28,False,-1.3874630759803643,0.05293907237391201
Slovenia,SVN,1997,1.25,1.25,False,-1.402232151673617,0.04936210802432336
Slovenia,SVN,1998,1.23,1.23,False,-1.4120782021357852,0.04697746512459759
Slovenia,SVN,1999,1.21,1.21,False,-1.4219242525979534,0.04459282222487182
Slovenia,SVN,2000,1.26,1.26,False,-1.3973091264425328,0.050554429474186244
Slovenia,SVN,2001,1.21,1.21,False,-1.4219242525979534,0.04459282222487182
Slovenia,SVN,2002,1.21,1.21,False,-1.4219242525979534,0.04459282222487182
Slovenia,SVN,2003,1.2,1.2,False,-1.4268472778290375,0.04340050077500894
Slovenia,SVN,2004,1.25,1.25,False,-1.402232151673617,0.04936210802432336
Slovenia,SVN,2005,1.26,1.26,False,-1.3973091264425328,0.050554429474186244
Slovenia,SVN,2006,1.31,1.31,False,-1.372694000287112,0.05651603672350066
Slovenia,SVN,2007,1.38,1.38,False,-1.338232823669523,0.06486228687254082
Slovenia,SVN,2008,1.53,1.53,False,-1.2643874452032604,0.08274710862048408
Slovenia,SVN,2009,1.53,1.53,False,-1.2643874452032604,0.08274710862048408
Slovenia,SVN,2010,1.57,1.57,False,-1.2446953442789237,0.08751639441993563
Slovenia,SVN,2011,1.56,1.56,False,-1.249618369510008,0.08632407297007273
Solomon Islands,SLB,1960,6.388,6.388,False,1.1272182120574215,0.6619768689638725
Solomon Islands,SLB,1961,6.385,6.385,False,1.1257413044880962,0.6616191725289137
Solomon Islands,SLB,1962,6.382999999999999,6.382999999999999,False,1.1247566994418792,0.661380708238941
Solomon Islands,SLB,1963,6.385,6.385,False,1.1257413044880962,0.6616191725289137
Solomon Islands,SLB,1964,6.394,6.394,False,1.1301720271960722,0.6626922618337904
Solomon Islands,SLB,1965,6.419,6.419,False,1.1424795902737823,0.6656730654584475
Solomon Islands,SLB,1966,6.47,6.47,False,1.1675870189523117,0.6717539048527482
Solomon Islands,SLB,1967,6.549,6.549,False,1.2064789182778768,0.681173244306665
Solomon Islands,SLB,1968,6.655,6.655,False,1.2586629857273686,0.6938118516752116
Solomon Islands,SLB,1969,6.7810000000000015,6.7810000000000015,False,1.3206931036390297,0.7088351019434841
Solomon Islands,SLB,1970,6.914,6.914,False,1.386169339212448,0.7246929772266602
Solomon Islands,SLB,1971,7.04,7.04,False,1.4481994571241086,0.7397162274949326
Solomon Islands,SLB,1972,7.145,7.145,False,1.4998912220504919,0.7522356027184928
Solomon Islands,SLB,1973,7.216,7.216,False,1.5348447011911897,0.7607010850125193
Solomon Islands,SLB,1974,7.247999999999997,7.247999999999997,False,1.5505983819306572,0.7645165136520802
Solomon Islands,SLB,1975,7.2360000000000015,7.2360000000000015,False,1.5446907516533586,0.7630857279122453
Solomon Islands,SLB,1976,7.182,7.182,False,1.5181064154055037,0.7566471920829856
Solomon Islands,SLB,1977,7.096,7.096,False,1.4757683984181797,0.7463932276141647
Solomon Islands,SLB,1978,6.99,6.99,False,1.4235843309686878,0.7337546202456182
Solomon Islands,SLB,1979,6.871,6.871,False,1.3650003307187866,0.7195659949922499
Solomon Islands,SLB,1980,6.7479999999999976,6.7479999999999976,False,1.30444712037645,0.7049004411589361
Solomon Islands,SLB,1981,6.6320000000000014,6.6320000000000014,False,1.2473400276958757,0.6910695123405272
Solomon Islands,SLB,1982,6.525,6.525,False,1.1946636577232748,0.6783116728269941
Solomon Islands,SLB,1983,6.431,6.431,False,1.1483872205510834,0.667103851198283
Solomon Islands,SLB,1984,6.349,6.349,False,1.1080184136561935,0.6573268153094074
Solomon Islands,SLB,1985,6.278,6.278,False,1.0730649345154957,0.6488613330153808
Solomon Islands,SLB,1986,6.211,6.211,False,1.0400806654672323,0.6408727793012996
Solomon Islands,SLB,1987,6.138999999999999,6.138999999999999,False,1.0046348838034258,0.6322880648622867
Solomon Islands,SLB,1988,6.056,6.056,False,0.9637737743854277,0.6223917968284248
Solomon Islands,SLB,1989,5.961,5.961,False,0.9170050346901284,0.6110647430547275
Solomon Islands,SLB,1990,5.851,5.851,False,0.8628517571482025,0.5979492071062358
Solomon Islands,SLB,1991,5.728,5.728,False,0.8022985468058673,0.5832836532729223
Solomon Islands,SLB,1992,5.596,5.596,False,0.7373146137555566,0.5675450101347322
Solomon Islands,SLB,1993,5.461,5.461,False,0.6708537731359207,0.5514486705615834
Solomon Islands,SLB,1994,5.3260000000000005,5.3260000000000005,False,0.6043929325162847,0.5353523309884345
Solomon Islands,SLB,1995,5.197,5.197,False,0.5408859070352988,0.5199713842852033
Solomon Islands,SLB,1996,5.077,5.077,False,0.48180960426228897,0.5056635268868487
Solomon Islands,SLB,1997,4.968,4.968,False,0.4281486292434717,0.4926672230833432
Solomon Islands,SLB,1998,4.872,4.872,False,0.38088758702506376,0.4812209371646595
Solomon Islands,SLB,1999,4.789,4.789,False,0.3400264776070652,0.4713246691307976
Solomon Islands,SLB,2000,4.72,4.72,False,0.30605760351258454,0.4630976511267437
Solomon Islands,SLB,2001,4.665,4.665,False,0.2789809647416219,0.4565398831524979
Solomon Islands,SLB,2002,4.618,4.618,False,0.2558427461555265,0.4509359723381424
Solomon Islands,SLB,2003,4.578,4.578,False,0.23615064523118984,0.44616668653869085
Solomon Islands,SLB,2004,4.54,4.54,False,0.2174431493530699,0.44163586502921187
Solomon Islands,SLB,2005,4.502,4.502,False,0.19873565347495,0.4371050435197329
Solomon Islands,SLB,2006,4.459,4.459,False,0.17756664498128807,0.43197806128532246
Solomon Islands,SLB,2007,4.412,4.412,False,0.1544284263951927,0.42637415047096694
Solomon Islands,SLB,2008,4.359,4.359,False,0.1283363926704467,0.4200548467866937
Solomon Islands,SLB,2009,4.3,4.3,False,0.09929054380705012,0.41302015023250266
Solomon Islands,SLB,2010,4.2360000000000015,4.2360000000000015,False,0.06778318232811237,0.4053892929533804
Solomon Islands,SLB,2011,4.168,4.168,False,0.034306610756739436,0.39728150709431265
Somalia,SOM,1960,7.25,7.25,False,1.5515829869768758,0.764754977942053
Somalia,SOM,1961,7.252000000000002,7.252000000000002,False,1.5525675920230932,0.7649934422320258
Somalia,SOM,1962,7.255,7.255,False,1.5540444995924176,0.7653511386669846
Somalia,SOM,1963,7.257999999999999,7.257999999999999,False,1.5555214071617427,0.7657088351019433
Somalia,SOM,1964,7.261,7.261,False,1.5569983147310684,0.7660665315369023
Somalia,SOM,1965,7.261,7.261,False,1.5569983147310684,0.7660665315369023
Somalia,SOM,1966,7.2570000000000014,7.2570000000000014,False,1.5550291046386353,0.7655896029569573
Somalia,SOM,1967,7.247999999999997,7.247999999999997,False,1.5505983819306572,0.7645165136520802
Somalia,SOM,1968,7.232,7.232,False,1.5427215415609243,0.7626087993323
Somalia,SOM,1969,7.209,7.209,False,1.5313985835294306,0.7598664599976153
Somalia,SOM,1970,7.182,7.182,False,1.5181064154055037,0.7566471920829856
Somalia,SOM,1971,7.151,7.151,False,1.5028450371891424,0.7529509955884105
Somalia,SOM,1972,7.117999999999999,7.117999999999999,False,1.4865990539265646,0.749016334803863
Somalia,SOM,1973,7.086,7.086,False,1.4708453731870956,0.7452009061643019
Somalia,SOM,1974,7.057,7.057,False,1.4565686000169518,0.7417431739596995
Somalia,SOM,1975,7.033,7.033,False,1.4447533394623497,0.7388816024800285
Somalia,SOM,1976,7.016,7.016,False,1.4363841965695066,0.7368546560152617
Somalia,SOM,1977,7.005,7.005,False,1.430968868815314,0.7355431024204124
Somalia,SOM,1978,7.0,7.0,False,1.4285073561997719,0.734946941695481
Somalia,SOM,1979,7.002999999999999,7.002999999999999,False,1.4299842637690967,0.7353046381304398
Somalia,SOM,1980,7.013,7.013,False,1.4349072890001813,0.7364969595803028
Somalia,SOM,1981,7.03,7.03,False,1.4432764318930245,0.7385239060450697
Somalia,SOM,1982,7.053,7.053,False,1.4545993899245178,0.7412662453797543
Somalia,SOM,1983,7.08,7.08,False,1.467891558048445,0.7444855132943841
Somalia,SOM,1984,7.112,7.112,False,1.4836452387879144,0.7483009419339454
Somalia,SOM,1985,7.149,7.149,False,1.5018604321429259,0.752712531298438
Somalia,SOM,1986,7.19,7.19,False,1.522044835590371,0.7576010492428759
Somalia,SOM,1987,7.237,7.237,False,1.5451830541764664,0.7632049600572314
Somalia,SOM,1988,7.2879999999999985,7.2879999999999985,False,1.5702904828549948,0.7692857994515319
Somalia,SOM,1989,7.341,7.341,False,1.5963825165797416,0.7756051031358053
Somalia,SOM,1990,7.397,7.397,False,1.6239514578738128,0.7822821032550376
Somalia,SOM,1991,7.455,7.455,False,1.652505004214101,0.7891975676642422
Somalia,SOM,1992,7.512,7.512,False,1.6805662480312804,0.7959937999284605
Somalia,SOM,1993,7.567,7.567,False,1.7076428868022435,0.8025515679027065
Somalia,SOM,1994,7.616,7.616,False,1.7317657104345556,0.8083939430070346
Somalia,SOM,1995,7.655,7.655,False,1.750965508835784,0.8130439966614998
Somalia,SOM,1996,7.6789999999999985,7.6789999999999985,False,1.7627807693903852,0.8159055681411705
Somalia,SOM,1997,7.687,7.687,False,1.7667191895752534,0.8168594253010611
Somalia,SOM,1998,7.678,7.678,False,1.7622884668672776,0.8157863359961844
Somalia,SOM,1999,7.651,7.651,False,1.7489962987433503,0.8125670680815547
Somalia,SOM,2000,7.61,7.61,False,1.7288118952959055,0.807678550137117
Somalia,SOM,2001,7.556,7.556,False,1.702227559048051,0.8012400143078573
Somalia,SOM,2002,7.495,7.495,False,1.6721971051384374,0.7939668534636938
Somalia,SOM,2003,7.4289999999999985,7.4289999999999985,False,1.6397051386132813,0.7860975318945985
Somalia,SOM,2004,7.3610000000000015,7.3610000000000015,False,1.6062285670419105,0.7779897460355313
Somalia,SOM,2005,7.292000000000002,7.292000000000002,False,1.57225969294743,0.7697627280314774
Somalia,SOM,2006,7.2189999999999985,7.2189999999999985,False,1.536321608760514,0.761058781447478
Somalia,SOM,2007,7.14,7.14,False,1.4974297094349498,0.7516394419935614
Somalia,SOM,2008,7.056,7.056,False,1.456076297493843,0.7416239418147131
Somalia,SOM,2009,6.965,6.965,False,1.4112767678909772,0.730773816620961
Somalia,SOM,2010,6.869,6.869,False,1.3640157256725693,0.7193275307022773
Somalia,SOM,2011,6.769,6.769,False,1.314785473361728,0.7074043162036484
South Africa,ZAF,1960,6.172999999999999,6.172999999999999,False,1.021373169589112,0.6363419577918205
South Africa,ZAF,1961,6.144,6.144,False,1.0070963964189683,0.6328842255872182
South Africa,ZAF,1962,6.103,6.103,False,0.9869119929715231,0.6279957076427803
South Africa,ZAF,1963,6.049,6.049,False,0.9603276567236689,0.6215571718135209
South Africa,ZAF,1964,5.984,5.984,False,0.9283279927216218,0.6138070823894121
South Africa,ZAF,1965,5.9110000000000005,5.9110000000000005,False,0.8923899085347077,0.6051031358054131
South Africa,ZAF,1966,5.836,5.836,False,0.8554672193015764,0.5961607249314415
South Africa,ZAF,1967,5.765,5.765,False,0.8205137401608786,0.5876952426374149
South Africa,ZAF,1968,5.7,5.7,False,0.7885140761588318,0.5799451532133063
South Africa,ZAF,1969,5.643,5.643,False,0.7604528323416521,0.5731489209490878
South Africa,ZAF,1970,5.591,5.591,False,0.7348531011400146,0.5669488494098008
South Africa,ZAF,1971,5.539,5.539,False,0.7092533699383767,0.5607487778705138
South Africa,ZAF,1972,5.482,5.482,False,0.6811921261211973,0.5539525456062954
South Africa,ZAF,1973,5.415,5.415,False,0.6482078570729334,0.5459639918922141
South Africa,ZAF,1974,5.337999999999999,5.337999999999999,False,0.610300562793585,0.5367831167282697
South Africa,ZAF,1975,5.251,5.251,False,0.5674702432831534,0.5264099201144629
South Africa,ZAF,1976,5.159,5.159,False,0.522178411157179,0.5154405627757243
South Africa,ZAF,1977,5.064,5.064,False,0.4754096714618796,0.5041135090020269
South Africa,ZAF,1978,4.968999999999999,4.968999999999999,False,0.42864093176657986,0.4927864552283294
South Africa,ZAF,1979,4.877,4.877,False,0.3833490996406058,0.48181709788959093
South Africa,ZAF,1980,4.7860000000000005,4.7860000000000005,False,0.33854957003774033,0.47096697269583887
South Africa,ZAF,1981,4.695,4.695,False,0.29375004043487446,0.4601168475020866
South Africa,ZAF,1982,4.602,4.602,False,0.2479659057857918,0.44902825801836177
South Africa,ZAF,1983,4.504,4.504,False,0.19972025852116673,0.43734350780970543
South Africa,ZAF,1984,4.402,4.402,False,0.14950540116410865,0.4251818290211041
South Africa,ZAF,1985,4.293,4.293,False,0.09584442614529137,0.41218552521759866
South Africa,ZAF,1986,4.177,4.177,False,0.03873733346471491,0.3983545963991892
South Africa,ZAF,1987,4.052,4.052,False,-0.02280048192383702,0.3834505782759031
South Africa,ZAF,1988,3.923,3.923,False,-0.08630750740482239,0.368069631572672
South Africa,ZAF,1989,3.791,3.791,False,-0.1512914404551333,0.3523309884344819
South Africa,ZAF,1990,3.658,3.658,False,-0.21676767602855254,0.33647311315130557
South Africa,ZAF,1991,3.53,3.53,False,-0.27978239898642976,0.3212113985930607
South Africa,ZAF,1992,3.408,3.408,False,-0.3398433068056564,0.3066650769047335
South Africa,ZAF,1993,3.2960000000000003,3.2960000000000003,False,-0.3949811893937988,0.29331107666626927
South Africa,ZAF,1994,3.196,3.196,False,-0.44421144170464033,0.28138786216764045
South Africa,ZAF,1995,3.11,3.11,False,-0.4865494586919642,0.27113389769881957
South Africa,ZAF,1996,3.04,3.04,False,-0.5210106353095533,0.2627876475497794
South Africa,ZAF,1997,2.983,2.983,False,-0.5490718791267328,0.255991415285561
South Africa,ZAF,1998,2.937,2.937,False,-0.5717177951897201,0.2505067366161917
South Africa,ZAF,1999,2.899,2.899,False,-0.5904252910678398,0.24597591510671277
South Africa,ZAF,2000,2.866,2.866,False,-0.6066712743304175,0.24204125432216528
South Africa,ZAF,2001,2.834,2.834,False,-0.6224249550698868,0.23822582568260403
South Africa,ZAF,2002,2.801,2.801,False,-0.6386709383324645,0.23429116489805654
South Africa,ZAF,2003,2.763,2.763,False,-0.6573784342105844,0.22976034338857756
South Africa,ZAF,2004,2.721,2.721,False,-0.6780551401811377,0.22475259329915348
South Africa,ZAF,2005,2.675,2.675,False,-0.7007010562441249,0.21926791462978418
South Africa,ZAF,2006,2.627,2.627,False,-0.7243315773533289,0.21354477167044233
South Africa,ZAF,2007,2.58,2.58,False,-0.7474697959394243,0.20794086085608682
South Africa,ZAF,2008,2.5380000000000003,2.5380000000000003,False,-0.7681465019099777,0.20293311076666273
South Africa,ZAF,2009,2.5,2.5,False,-0.7868539977880976,0.19840228925718376
South Africa,ZAF,2010,2.467,2.467,False,-0.8030999810506753,0.19446762847263624
South Africa,ZAF,2011,2.438,2.438,False,-0.8173767542208192,0.19100989626803389
South Sudan,SSD,1960,6.721,6.721,False,1.291154952252524,0.7016811732443066
South Sudan,SSD,1961,6.733,6.733,False,1.2970625825298248,0.703111958984142
South Sudan,SSD,1962,6.747000000000001,6.747000000000001,False,1.303954817853343,0.7047812090139501
South Sudan,SSD,1963,6.763,6.763,False,1.3118316582230773,0.7066889233337307
South Sudan,SSD,1964,6.7810000000000015,6.7810000000000015,False,1.3206931036390297,0.7088351019434841
South Sudan,SSD,1965,6.8,6.8,False,1.3300468515780888,0.7111005126982234
South Sudan,SSD,1966,6.819,6.819,False,1.3394005995171487,0.7133659234529628
South Sudan,SSD,1967,6.837999999999999,6.837999999999999,False,1.3487543474562083,0.7156313342077022
South Sudan,SSD,1968,6.855,6.855,False,1.3571234903490519,0.7176582806724693
South Sudan,SSD,1969,6.869,6.869,False,1.3640157256725693,0.7193275307022773
South Sudan,SSD,1970,6.881,6.881,False,1.3699233559498705,0.7207583164421127
South Sudan,SSD,1971,6.892,6.892,False,1.375338683704063,0.7220698700369619
South Sudan,SSD,1972,6.903,6.903,False,1.3807540114582553,0.723381423631811
South Sudan,SSD,1973,6.912000000000001,6.912000000000001,False,1.3851847341662318,0.7244545129366877
South Sudan,SSD,1974,6.92,6.92,False,1.3891231543510987,0.725408370096578
South Sudan,SSD,1975,6.924,6.924,False,1.3910923644435325,0.7258852986765232
South Sudan,SSD,1976,6.9220000000000015,6.9220000000000015,False,1.3901077593973161,0.7256468343865508
South Sudan,SSD,1977,6.912999999999999,6.912999999999999,False,1.3856770366893394,0.7245737450816738
South Sudan,SSD,1978,6.897,6.897,False,1.3778001963196052,0.7226660307618934
South Sudan,SSD,1979,6.874,6.874,False,1.3664772382881114,0.7199236914272087
South Sudan,SSD,1980,6.85,6.85,False,1.3546619777335094,0.7170621199475378
South Sudan,SSD,1981,6.829,6.829,False,1.3443236247482326,0.7145582449028257
South Sudan,SSD,1982,6.813,6.813,False,1.336446784378498,0.7126505305830451
South Sudan,SSD,1983,6.806,6.806,False,1.3330006667167393,0.7118159055681411
South Sudan,SSD,1984,6.806,6.806,False,1.3330006667167393,0.7118159055681411
South Sudan,SSD,1985,6.811,6.811,False,1.3354621793322814,0.7124120662930725
South Sudan,SSD,1986,6.817,6.817,False,1.338415994470932,0.7131274591629903
South Sudan,SSD,1987,6.819,6.819,False,1.3394005995171487,0.7133659234529628
South Sudan,SSD,1988,6.813,6.813,False,1.336446784378498,0.7126505305830451
South Sudan,SSD,1989,6.796,6.796,False,1.3280776414856552,0.7106235841182782
South Sudan,SSD,1990,6.769,6.769,False,1.314785473361728,0.7074043162036484
South Sudan,SSD,1991,6.729,6.729,False,1.2950933724373914,0.702635030404197
South Sudan,SSD,1992,6.682,6.682,False,1.2719551538512959,0.6970311195898414
South Sudan,SSD,1993,6.627000000000002,6.627000000000002,False,1.2448785150803336,0.6904733516155956
South Sudan,SSD,1994,6.567,6.567,False,1.215340363693828,0.6833194229164182
South Sudan,SSD,1995,6.502999999999999,6.502999999999999,False,1.183833002214889,0.6756885656372956
South Sudan,SSD,1996,6.435,6.435,False,1.150356430643517,0.667580779778228
South Sudan,SSD,1997,6.364,6.364,False,1.1154029515028197,0.6591152974842016
South Sudan,SSD,1998,6.289,6.289,False,1.0784802622696883,0.65017288661023
South Sudan,SSD,1999,6.2120000000000015,6.2120000000000015,False,1.0405729679903413,0.640992011446286
South Sudan,SSD,2000,6.132999999999999,6.132999999999999,False,1.0016810686647752,0.631572671992369
South Sudan,SSD,2001,6.05,6.05,False,0.9608199592467771,0.6216764039585071
South Sudan,SSD,2002,5.9620000000000015,5.9620000000000015,False,0.9174973372132373,0.6111839751997139
South Sudan,SSD,2003,5.871,5.871,False,0.8726978076103711,0.6003338500059616
South Sudan,SSD,2004,5.777,5.777,False,0.8264213704381799,0.5891260283772505
South Sudan,SSD,2005,5.68,5.68,False,0.7786680256966634,0.5775605103135805
South Sudan,SSD,2006,5.5820000000000025,5.5820000000000025,False,0.73042237843204,0.5658757601049246
South Sudan,SSD,2007,5.483,5.483,False,0.6816844286443055,0.5540717777512817
South Sudan,SSD,2008,5.385,5.385,False,0.6334387813796808,0.5423870275426254
South Sudan,SSD,2009,5.287999999999999,5.287999999999999,False,0.5856854366381643,0.5308215094789553
South Sudan,SSD,2010,5.194,5.194,False,0.5394089994659735,0.5196136878502443
South Sudan,SSD,2011,5.101,5.101,False,0.49362486481689094,0.5085250983665196
Spain,ESP,1960,2.862,2.862,False,-0.6086404844228511,0.24156432574222012
Spain,ESP,1961,2.765,2.765,False,-0.6563938291643674,0.22999880767855016
Spain,ESP,1962,2.7960000000000003,2.7960000000000003,False,-0.6411324509480064,0.2336950041731251
Spain,ESP,1963,2.875,2.875,False,-0.6022405516224418,0.24311434362704185
Spain,ESP,1964,3.011,3.011,False,-0.5352874084796972,0.2593299153451771
Spain,ESP,1965,2.937,2.937,False,-0.5717177951897201,0.2505067366161917
Spain,ESP,1966,2.912,2.912,False,-0.5840253582674304,0.24752593299153453
Spain,ESP,1967,2.939,2.939,False,-0.5707331901435032,0.2507452009061643
Spain,ESP,1968,2.87,2.87,False,-0.6047020642379838,0.2425181829021104
Spain,ESP,1969,2.858,2.858,False,-0.6106096945152848,0.24108739716227495
Spain,ESP,1970,2.8360000000000003,2.8360000000000003,False,-0.6214403500236698,0.23846428997257665
Spain,ESP,1971,2.859,2.859,False,-0.6101173919921764,0.24120662930726125
Spain,ESP,1972,2.842,2.842,False,-0.6184865348850195,0.23917968284249436
Spain,ESP,1973,2.823,2.823,False,-0.6278402828240794,0.23691427208775487
Spain,ESP,1974,2.866,2.866,False,-0.6066712743304175,0.24204125432216528
Spain,ESP,1975,2.7880000000000003,2.7880000000000003,False,-0.6450708711328738,0.2327411470132348
Spain,ESP,1976,2.786,2.786,False,-0.6460554761790908,0.2325026827232622
Spain,ESP,1977,2.649,2.649,False,-0.7135009218449436,0.2161678788601407
Spain,ESP,1978,2.524,2.524,False,-0.7750387372334956,0.20126386073685468
Spain,ESP,1979,2.341,2.341,False,-0.8651300989623355,0.17944437820436393
Spain,ESP,1980,2.217,2.217,False,-0.9261756118277791,0.16465959222606416
Spain,ESP,1981,2.031,2.031,False,-1.0177438811259443,0.14248241325861455
Spain,ESP,1982,1.936,1.936,False,-1.0645126208212439,0.13115535948491713
Spain,ESP,1983,1.7919999999999998,1.7919999999999998,False,-1.1354041841488558,0.11398593060689159
Spain,ESP,1984,1.72,1.72,False,-1.1708499658126617,0.10540121616787886
Spain,ESP,1985,1.63,1.63,False,-1.215157192892419,0.0946703231191129
Spain,ESP,1986,1.6,1.6,False,-1.2299262685856713,0.09109335876952428
Spain,ESP,1987,1.47,1.47,False,-1.2939255965897656,0.07559317992130678
Spain,ESP,1988,1.42,1.42,False,-1.3185407227451862,0.06963157267199237
Spain,ESP,1989,1.36,1.36,False,-1.348078874131691,0.062477643972815085
Spain,ESP,1990,1.33,1.33,False,-1.3628479498249435,0.05890067962322643
Spain,ESP,1991,1.31,1.31,False,-1.372694000287112,0.05651603672350066
Spain,ESP,1992,1.32,1.32,False,-1.3677709750560276,0.05770835817336355
Spain,ESP,1993,1.27,1.27,False,-1.3923861012114485,0.05174675092404913
Spain,ESP,1994,1.2,1.2,False,-1.4268472778290375,0.04340050077500894
Spain,ESP,1995,1.18,1.18,False,-1.436693328291206,0.04101585787528317
Spain,ESP,1996,1.15,1.15,False,-1.4514624039844584,0.03743889352569452
Spain,ESP,1997,1.15,1.15,False,-1.4514624039844584,0.03743889352569452
Spain,ESP,1998,1.16,1.16,False,-1.4465393787533742,0.0386312149755574
Spain,ESP,1999,1.19,1.19,False,-1.4317703030601219,0.042208179325146054
Spain,ESP,2000,1.23,1.23,False,-1.4120782021357852,0.04697746512459759
Spain,ESP,2001,1.24,1.24,False,-1.4071551769047008,0.04816978657446048
Spain,ESP,2002,1.26,1.26,False,-1.3973091264425328,0.050554429474186244
Spain,ESP,2003,1.31,1.31,False,-1.372694000287112,0.05651603672350066
Spain,ESP,2004,1.32,1.32,False,-1.3677709750560276,0.05770835817336355
Spain,ESP,2005,1.34,1.34,False,-1.3579249245938596,0.06009300107308931
Spain,ESP,2006,1.37,1.37,False,-1.343155848900607,0.06366996542267797
Spain,ESP,2007,1.39,1.39,False,-1.3333097984384388,0.06605460832240372
Spain,ESP,2008,1.46,1.46,False,-1.2988486218208497,0.0744008584714439
Spain,ESP,2009,1.39,1.39,False,-1.3333097984384388,0.06605460832240372
Spain,ESP,2010,1.38,1.38,False,-1.338232823669523,0.06486228687254082
Spain,ESP,2011,1.36,1.36,False,-1.348078874131691,0.062477643972815085
Sri Lanka,LKA,1960,5.541,5.541,False,0.710237974984594,0.5609872421604865
Sri Lanka,LKA,1961,5.421,5.421,False,0.651161672211584,0.5466793847621318
Sri Lanka,LKA,1962,5.299,5.299,False,0.5911007643923574,0.5321330630738047
Sri Lanka,LKA,1963,5.18,5.18,False,0.5325167641424556,0.5179444378204363
Sri Lanka,LKA,1964,5.067,5.067,False,0.4768865790312049,0.5044712054369858
Sri Lanka,LKA,1965,4.959,4.959,False,0.4237179065354958,0.49159413377846656
Sri Lanka,LKA,1966,4.849,4.849,False,0.36956462899357034,0.4784785978299749
Sri Lanka,LKA,1967,4.734,4.734,False,0.3129498388361025,0.4647669011565518
Sri Lanka,LKA,1968,4.609,4.609,False,0.25141202344755054,0.44986288303326577
Sri Lanka,LKA,1969,4.477,4.477,False,0.1864280903972399,0.43412423989507576
Sri Lanka,LKA,1970,4.342,4.342,False,0.11996724977760347,0.4180279003219267
Sri Lanka,LKA,1971,4.208,4.208,False,0.053998711681076075,0.40205079289376416
Sri Lanka,LKA,1972,4.083,4.083,False,-0.007539103707475855,0.38714677477047815
Sri Lanka,LKA,1973,3.97,3.97,False,-0.0631692888187268,0.37367354238702755
Sri Lanka,LKA,1974,3.87,3.87,False,-0.11239954112956838,0.3617503278883987
Sri Lanka,LKA,1975,3.783,3.783,False,-0.1552298606400006,0.35137713127459164
Sri Lanka,LKA,1976,3.705,3.705,False,-0.19362945744245694,0.34207702396566114
Sri Lanka,LKA,1977,3.633,3.633,False,-0.22907523910626287,0.3334923095266484
Sri Lanka,LKA,1978,3.562,3.562,False,-0.26402871824696045,0.3250268272326219
Sri Lanka,LKA,1979,3.488,3.488,False,-0.30045910495698314,0.3162036485036366
Sri Lanka,LKA,1980,3.408,3.408,False,-0.3398433068056564,0.3066650769047335
Sri Lanka,LKA,1981,3.319,3.319,False,-0.38365823136230537,0.29605341600095386
Sri Lanka,LKA,1982,3.2230000000000003,3.2230000000000003,False,-0.4309192735807131,0.28460713008227023
Sri Lanka,LKA,1983,3.12,3.12,False,-0.48162643346087997,0.2723262191486825
Sri Lanka,LKA,1984,3.012,3.012,False,-0.5347951059565889,0.25944914749016335
Sri Lanka,LKA,1985,2.904,2.904,False,-0.5879637784522977,0.2465720758316442
Sri Lanka,LKA,1986,2.8,2.8,False,-0.6391632408555731,0.23417193275307022
Sri Lanka,LKA,1987,2.7030000000000003,2.7030000000000003,False,-0.6869165855970891,0.2226064146894003
Sri Lanka,LKA,1988,2.617,2.617,False,-0.729254602584413,0.21235245022057947
Sri Lanka,LKA,1989,2.544,2.544,False,-0.7651926867713272,0.20364850363658044
Sri Lanka,LKA,1990,2.483,2.483,False,-0.7952231406809406,0.19637534279241686
Sri Lanka,LKA,1991,2.4330000000000003,2.4330000000000003,False,-0.8198382668363613,0.19041373554310245
Sri Lanka,LKA,1992,2.39,2.39,False,-0.8410072753300232,0.18528675330869204
Sri Lanka,LKA,1993,2.353,2.353,False,-0.8592224686850345,0.1808751639441994
Sri Lanka,LKA,1994,2.32,2.32,False,-0.8754684519476125,0.17694050315965182
Sri Lanka,LKA,1995,2.291,2.291,False,-0.8897452251177564,0.1734827709550495
Sri Lanka,LKA,1996,2.268,2.268,False,-0.9010681831492501,0.17074043162036484
Sri Lanka,LKA,1997,2.251,2.251,False,-0.909437326042093,0.16871348515559795
Sri Lanka,LKA,1998,2.24,2.24,False,-0.9148526537962854,0.1674019315607488
Sri Lanka,LKA,1999,2.236,2.236,False,-0.9168218638887191,0.16692500298080365
Sri Lanka,LKA,2000,2.237,2.237,False,-0.9163295613656107,0.16704423512578992
Sri Lanka,LKA,2001,2.2430000000000003,2.2430000000000003,False,-0.9133757462269602,0.16775962799570768
Sri Lanka,LKA,2002,2.252,2.252,False,-0.9089450235189847,0.16883271730058422
Sri Lanka,LKA,2003,2.263,2.263,False,-0.903529695764792,0.1701442708954334
Sri Lanka,LKA,2004,2.274,2.274,False,-0.8981143680105994,0.1714558244902826
Sri Lanka,LKA,2005,2.286,2.286,False,-0.8922067377332985,0.17288661023011806
Sri Lanka,LKA,2006,2.298,2.298,False,-0.8862991074559975,0.17431739596995352
Sri Lanka,LKA,2007,2.311,2.311,False,-0.8798991746555881,0.17586741385477525
Sri Lanka,LKA,2008,2.323,2.323,False,-0.8739915443782871,0.1772981995946107
Sri Lanka,LKA,2009,2.335,2.335,False,-0.8680839141009862,0.17872898533444617
Sri Lanka,LKA,2010,2.343,2.343,False,-0.8641454939161188,0.17968284249433647
Sri Lanka,LKA,2011,2.347,2.347,False,-0.8621762838236852,0.18015977107428163
St. Kitts and Nevis,KNA,1960,,3.5,False,-0.2945514746796821,0.31763443424347204
St. Kitts and Nevis,KNA,1961,,3.5,False,-0.2945514746796821,0.31763443424347204
St. Kitts and Nevis,KNA,1962,,3.5,False,-0.2945514746796821,0.31763443424347204
St. Kitts and Nevis,KNA,1963,,3.5,False,-0.2945514746796821,0.31763443424347204
St. Kitts and Nevis,KNA,1964,,3.5,False,-0.2945514746796821,0.31763443424347204
St. Kitts and Nevis,KNA,1965,,3.5,False,-0.2945514746796821,0.31763443424347204
St. Kitts and Nevis,KNA,1966,,3.5,False,-0.2945514746796821,0.31763443424347204
St. Kitts and Nevis,KNA,1967,,3.5,False,-0.2945514746796821,0.31763443424347204
St. Kitts and Nevis,KNA,1968,,3.5,False,-0.2945514746796821,0.31763443424347204
St. Kitts and Nevis,KNA,1969,,3.5,False,-0.2945514746796821,0.31763443424347204
St. Kitts and Nevis,KNA,1970,,3.5,False,-0.2945514746796821,0.31763443424347204
St. Kitts and Nevis,KNA,1971,,3.5,False,-0.2945514746796821,0.31763443424347204
St. Kitts and Nevis,KNA,1972,3.5,3.5,False,-0.2945514746796821,0.31763443424347204
St. Kitts and Nevis,KNA,1973,,3.48,False,-0.3043975251418505,0.31524979134374626
St. Kitts and Nevis,KNA,1974,,3.46,False,-0.3142435756040188,0.3128651484440205
St. Kitts and Nevis,KNA,1975,,3.44,False,-0.3240896260661871,0.31048050554429474
St. Kitts and Nevis,KNA,1976,,3.42,False,-0.33393567652835543,0.30809586264456895
St. Kitts and Nevis,KNA,1977,,3.4,False,-0.34378172699052373,0.3057112197448432
St. Kitts and Nevis,KNA,1978,,3.38,False,-0.353627777452692,0.30332657684511743
St. Kitts and Nevis,KNA,1979,,3.36,False,-0.3634738279148604,0.30094193394539165
St. Kitts and Nevis,KNA,1980,,3.34,False,-0.3733198783770287,0.2985572910456659
St. Kitts and Nevis,KNA,1981,,3.32,False,-0.383165928839197,0.29617264814594013
St. Kitts and Nevis,KNA,1982,3.3,3.3,False,-0.39301197930136533,0.29378800524621435
St. Kitts and Nevis,KNA,1983,,3.1999999999999997,False,-0.4422422316122069,0.2818647907475855
St. Kitts and Nevis,KNA,1984,,3.0999999999999996,False,-0.4914724839230485,0.2699415762489567
St. Kitts and Nevis,KNA,1985,,3.0,False,-0.5407027362338899,0.2580183617503279
St. Kitts and Nevis,KNA,1986,,2.9,False,-0.5899329885447314,0.24609514725169906
St. Kitts and Nevis,KNA,1987,2.8,2.8,False,-0.6391632408555731,0.23417193275307022
St. Kitts and Nevis,KNA,1988,,2.76,False,-0.6588553417799097,0.22940264695361867
St. Kitts and Nevis,KNA,1989,,2.7199999999999998,False,-0.6785474427042463,0.22463336115416713
St. Kitts and Nevis,KNA,1990,,2.68,False,-0.6982395436285828,0.21986407535471567
St. Kitts and Nevis,KNA,1991,,2.64,False,-0.7179316445529194,0.21509478955526412
St. Kitts and Nevis,KNA,1992,2.6,2.6,False,-0.737623745477256,0.21032550375581258
St. Kitts and Nevis,KNA,1993,,2.56,False,-0.7573158464015927,0.20555621795636106
St. Kitts and Nevis,KNA,1994,,2.52,False,-0.7770079473259293,0.20078693215690951
St. Kitts and Nevis,KNA,1995,,2.48,False,-0.7967000482502659,0.19601764635745797
St. Kitts and Nevis,KNA,1996,,2.44,False,-0.8163921491746026,0.19124836055800645
St. Kitts and Nevis,KNA,1997,2.4,2.4,False,-0.8360842500989392,0.1864790747585549
St. Kitts and Nevis,KNA,1998,,2.3414,False,-0.8649331779530922,0.17949207106235843
St. Kitts and Nevis,KNA,1999,,2.2828,False,-0.8937821058072454,0.17250506736616192
St. Kitts and Nevis,KNA,2000,,2.2242,False,-0.9226310336613984,0.16551806366996547
St. Kitts and Nevis,KNA,2001,,2.1656,False,-0.9514799615155517,0.15853105997376893
St. Kitts and Nevis,KNA,2002,2.107,2.107,False,-0.9803288893697047,0.15154405627757248
St. Kitts and Nevis,KNA,2003,,2.107,False,-0.9803288893697047,0.15154405627757248
St. Kitts and Nevis,KNA,2004,,2.107,False,-0.9803288893697047,0.15154405627757248
St. Kitts and Nevis,KNA,2005,,2.107,False,-0.9803288893697047,0.15154405627757248
St. Kitts and Nevis,KNA,2006,,2.107,False,-0.9803288893697047,0.15154405627757248
St. Kitts and Nevis,KNA,2007,,2.107,False,-0.9803288893697047,0.15154405627757248
St. Kitts and Nevis,KNA,2008,,2.107,False,-0.9803288893697047,0.15154405627757248
St. Kitts and Nevis,KNA,2009,,2.107,False,-0.9803288893697047,0.15154405627757248
St. Kitts and Nevis,KNA,2010,,2.107,False,-0.9803288893697047,0.15154405627757248
St. Kitts and Nevis,KNA,2011,,2.107,False,-0.9803288893697047,0.15154405627757248
St. Lucia,LCA,1960,6.9670000000000005,6.9670000000000005,False,1.4122613729371944,0.7310122809109336
St. Lucia,LCA,1961,6.931,6.931,False,1.3945384821052913,0.7267199236914271
St. Lucia,LCA,1962,6.88,6.88,False,1.369431053426762,0.7206390842971264
St. Lucia,LCA,1963,6.8210000000000015,6.8210000000000015,False,1.3403852045633662,0.7136043877429356
St. Lucia,LCA,1964,6.757999999999999,6.757999999999999,False,1.3093701456075348,0.7060927626087992
St. Lucia,LCA,1965,6.688,6.688,False,1.2749089689899462,0.697746512459759
St. Lucia,LCA,1966,6.607,6.607,False,1.2350324646181647,0.6880887087158698
St. Lucia,LCA,1967,6.507999999999999,6.507999999999999,False,1.1862945148304311,0.676284726362227
St. Lucia,LCA,1968,6.3870000000000005,6.3870000000000005,False,1.1267259095343134,0.6618576368188863
St. Lucia,LCA,1969,6.249,6.249,False,1.0587881613453518,0.6454036008107785
St. Lucia,LCA,1970,6.101,6.101,False,0.9859273879253063,0.6277572433528078
St. Lucia,LCA,1971,5.952999999999999,5.952999999999999,False,0.9130666145052606,0.6101108858948371
St. Lucia,LCA,1972,5.813,5.813,False,0.8441442612700826,0.5934183855967567
St. Lucia,LCA,1973,5.686,5.686,False,0.7816218408353139,0.5782759031834982
St. Lucia,LCA,1974,5.5710000000000015,5.5710000000000015,False,0.725007050677847,0.5645642065100752
St. Lucia,LCA,1975,5.4620000000000015,5.4620000000000015,False,0.6713460756590297,0.5515679027065699
St. Lucia,LCA,1976,5.347,5.347,False,0.6147312855015613,0.5378562060331465
St. Lucia,LCA,1977,5.216,5.216,False,0.5502396549743588,0.5222367950399427
St. Lucia,LCA,1978,5.064,5.064,False,0.4754096714618796,0.5041135090020269
St. Lucia,LCA,1979,4.891,4.891,False,0.3902413349641237,0.483486347919399
St. Lucia,LCA,1980,4.703,4.703,False,0.29768846061974175,0.4610707046619769
St. Lucia,LCA,1981,4.512,4.512,False,0.20365867870603405,0.43829736496959576
St. Lucia,LCA,1982,4.328,4.328,False,0.11307501445408598,0.41635865029211877
St. Lucia,LCA,1983,4.1610000000000005,4.1610000000000005,False,0.030860493094980693,0.39644688207940865
St. Lucia,LCA,1984,4.013999999999999,4.013999999999999,False,-0.04150797780195693,0.37891975676642414
St. Lucia,LCA,1985,3.888,3.888,False,-0.10353809571361701,0.36389650649815186
St. Lucia,LCA,1986,3.78,3.78,False,-0.15670676820932591,0.3510194348396327
St. Lucia,LCA,1987,3.683,3.683,False,-0.2044601129508422,0.33945391677596276
St. Lucia,LCA,1988,3.589,3.589,False,-0.2507365501230332,0.32824609514725167
St. Lucia,LCA,1989,3.495,3.495,False,-0.2970129872952242,0.31703827351854064
St. Lucia,LCA,1990,3.398,3.398,False,-0.34476633203674045,0.3054727554548706
St. Lucia,LCA,1991,3.298,3.298,False,-0.39399658434758206,0.2935495409562418
St. Lucia,LCA,1992,3.195,3.195,False,-0.44470374422774894,0.28126863002265406
St. Lucia,LCA,1993,3.09,3.09,False,-0.49639550915413255,0.26874925479909384
St. Lucia,LCA,1994,2.983,2.983,False,-0.5490718791267328,0.255991415285561
St. Lucia,LCA,1995,2.873,2.873,False,-0.6032251566686585,0.2428758793370693
St. Lucia,LCA,1996,2.76,2.76,False,-0.6588553417799097,0.22940264695361867
St. Lucia,LCA,1997,2.644,2.644,False,-0.7159624344604857,0.21557171813520928
St. Lucia,LCA,1998,2.528,2.528,False,-0.7730695271410619,0.2017407893167998
St. Lucia,LCA,1999,2.416,2.416,False,-0.8282074097292045,0.1883867890783355
St. Lucia,LCA,2000,2.313,2.313,False,-0.8789145696093712,0.17610587814474785
St. Lucia,LCA,2001,2.224,2.224,False,-0.9227294941660201,0.1654942172409682
St. Lucia,LCA,2002,2.152,2.152,False,-0.9581752758298261,0.15690950280195542
St. Lucia,LCA,2003,2.0980000000000003,2.0980000000000003,False,-0.9847596120776804,0.15047096697269588
St. Lucia,LCA,2004,2.062,2.062,False,-1.0024825029095836,0.14617860975318944
St. Lucia,LCA,2005,2.04,2.04,False,-1.0133131584179687,0.14355550256349114
St. Lucia,LCA,2006,2.029,2.029,False,-1.0187284861721613,0.14224394896864195
St. Lucia,LCA,2007,2.022,2.022,False,-1.0221746038339203,0.14140932395373793
St. Lucia,LCA,2008,2.013,2.013,False,-1.026605326541896,0.14033623464886133
St. Lucia,LCA,2009,2.0,2.0,False,-1.0330052593423054,0.1387862167640396
St. Lucia,LCA,2010,1.982,1.982,False,-1.0418667047582566,0.13664003815428638
St. Lucia,LCA,2011,1.96,1.96,False,-1.0526973602666418,0.13401693096458805
St. Martin (French part),MAF,1960,,2.4,False,-0.8360842500989392,0.1864790747585549
St. Martin (French part),MAF,1961,,2.4,False,-0.8360842500989392,0.1864790747585549
St. Martin (French part),MAF,1962,,2.4,False,-0.8360842500989392,0.1864790747585549
St. Martin (French part),MAF,1963,,2.4,False,-0.8360842500989392,0.1864790747585549
St. Martin (French part),MAF,1964,,2.4,False,-0.8360842500989392,0.1864790747585549
St. Martin (French part),MAF,1965,,2.4,False,-0.8360842500989392,0.1864790747585549
St. Martin (French part),MAF,1966,,2.4,False,-0.8360842500989392,0.1864790747585549
St. Martin (French part),MAF,1967,,2.4,False,-0.8360842500989392,0.1864790747585549
St. Martin (French part),MAF,1968,,2.4,False,-0.8360842500989392,0.1864790747585549
St. Martin (French part),MAF,1969,,2.4,False,-0.8360842500989392,0.1864790747585549
St. Martin (French part),MAF,1970,,2.4,False,-0.8360842500989392,0.1864790747585549
St. Martin (French part),MAF,1971,,2.4,False,-0.8360842500989392,0.1864790747585549
St. Martin (French part),MAF,1972,,2.4,False,-0.8360842500989392,0.1864790747585549
St. Martin (French part),MAF,1973,,2.4,False,-0.8360842500989392,0.1864790747585549
St. Martin (French part),MAF,1974,,2.4,False,-0.8360842500989392,0.1864790747585549
St. Martin (French part),MAF,1975,,2.4,False,-0.8360842500989392,0.1864790747585549
St. Martin (French part),MAF,1976,,2.4,False,-0.8360842500989392,0.1864790747585549
St. Martin (French part),MAF,1977,,2.4,False,-0.8360842500989392,0.1864790747585549
St. Martin (French part),MAF,1978,,2.4,False,-0.8360842500989392,0.1864790747585549
St. Martin (French part),MAF,1979,,2.4,False,-0.8360842500989392,0.1864790747585549
St. Martin (French part),MAF,1980,,2.4,False,-0.8360842500989392,0.1864790747585549
St. Martin (French part),MAF,1981,,2.4,False,-0.8360842500989392,0.1864790747585549
St. Martin (French part),MAF,1982,2.4,2.4,False,-0.8360842500989392,0.1864790747585549
St. Martin (French part),MAF,1983,2.4,2.4,False,-0.8360842500989392,0.1864790747585549
St. Martin (French part),MAF,1984,2.3,2.3,False,-0.8853145024097807,0.17455586025992606
St. Martin (French part),MAF,1985,2.2,2.2,False,-0.9345447547206222,0.16263264576129727
St. Martin (French part),MAF,1986,2.1,2.1,False,-0.9837750070314637,0.15070943126266845
St. Martin (French part),MAF,1987,2.1,2.1,False,-0.9837750070314637,0.15070943126266845
St. Martin (French part),MAF,1988,2.1,2.1,False,-0.9837750070314637,0.15070943126266845
St. Martin (French part),MAF,1989,2.2,2.2,False,-0.9345447547206222,0.16263264576129727
St. Martin (French part),MAF,1990,2.1,2.1,False,-0.9837750070314637,0.15070943126266845
St. Martin (French part),MAF,1991,2.1,2.1,False,-0.9837750070314637,0.15070943126266845
St. Martin (French part),MAF,1992,1.9,1.9,False,-1.0822355116531468,0.12686300226541075
St. Martin (French part),MAF,1993,1.8,1.8,False,-1.1314657639639885,0.11493978776678193
St. Martin (French part),MAF,1994,1.8,1.8,False,-1.1314657639639885,0.11493978776678193
St. Martin (French part),MAF,1995,1.8,1.8,False,-1.1314657639639885,0.11493978776678193
St. Martin (French part),MAF,1996,1.8,1.8,False,-1.1314657639639885,0.11493978776678193
St. Martin (French part),MAF,1997,1.8,1.8,False,-1.1314657639639885,0.11493978776678193
St. Martin (French part),MAF,1998,1.8,1.8,False,-1.1314657639639885,0.11493978776678193
St. Martin (French part),MAF,1999,1.8,1.8,False,-1.1314657639639885,0.11493978776678193
St. Martin (French part),MAF,2000,1.8,1.8,False,-1.1314657639639885,0.11493978776678193
St. Martin (French part),MAF,2001,1.8,1.8,False,-1.1314657639639885,0.11493978776678193
St. Martin (French part),MAF,2002,1.8,1.8,False,-1.1314657639639885,0.11493978776678193
St. Martin (French part),MAF,2003,1.8,1.8,False,-1.1314657639639885,0.11493978776678193
St. Martin (French part),MAF,2004,1.8,1.8,False,-1.1314657639639885,0.11493978776678193
St. Martin (French part),MAF,2005,1.8,1.8,False,-1.1314657639639885,0.11493978776678193
St. Martin (French part),MAF,2006,1.8,1.8,False,-1.1314657639639885,0.11493978776678193
St. Martin (French part),MAF,2007,1.8,1.8,False,-1.1314657639639885,0.11493978776678193
St. Martin (French part),MAF,2008,1.8,1.8,False,-1.1314657639639885,0.11493978776678193
St. Martin (French part),MAF,2009,1.8,1.8,False,-1.1314657639639885,0.11493978776678193
St. Martin (French part),MAF,2010,1.8,1.8,False,-1.1314657639639885,0.11493978776678193
St. Martin (French part),MAF,2011,1.8,1.8,False,-1.1314657639639885,0.11493978776678193
St. Vincent and the Grenadines,VCT,1960,7.224,7.224,False,1.538783121376057,0.7616549421724096
St. Vincent and the Grenadines,VCT,1961,7.155,7.155,False,1.5048142472815764,0.7534279241683557
St. Vincent and the Grenadines,VCT,1962,7.074,7.074,False,1.4649377429097945,0.7437701204244663
St. Vincent and the Grenadines,VCT,1963,6.981,6.981,False,1.419153608260712,0.7326815309407415
St. Vincent and the Grenadines,VCT,1964,6.876,6.876,False,1.3674618433343284,0.7201621557171813
St. Vincent and the Grenadines,VCT,1965,6.76,6.76,False,1.310354750653752,0.7063312268987718
St. Vincent and the Grenadines,VCT,1966,6.6320000000000014,6.6320000000000014,False,1.2473400276958757,0.6910695123405272
St. Vincent and the Grenadines,VCT,1967,6.494,6.494,False,1.1794022795069135,0.6746154763324191
St. Vincent and the Grenadines,VCT,1968,6.345,6.345,False,1.1060492035637597,0.6568498867294622
St. Vincent and the Grenadines,VCT,1969,6.185,6.185,False,1.027280799866413,0.637772743531656
St. Vincent and the Grenadines,VCT,1970,6.013999999999999,6.013999999999999,False,0.943097068414874,0.6173840467390007
St. Vincent and the Grenadines,VCT,1971,5.827999999999999,5.827999999999999,False,0.8515287991167086,0.5952068677715511
St. Vincent and the Grenadines,VCT,1972,5.629,5.629,False,0.753560597018134,0.5714796709192798
St. Vincent and the Grenadines,VCT,1973,5.4170000000000025,5.4170000000000025,False,0.6491924621191515,0.546202456182187
St. Vincent and the Grenadines,VCT,1974,5.197,5.197,False,0.5408859070352988,0.5199713842852033
St. Vincent and the Grenadines,VCT,1975,4.973,4.973,False,0.4306101418590137,0.4932633838082746
St. Vincent and the Grenadines,VCT,1976,4.752,4.752,False,0.32181128425205385,0.466913079766305
St. Vincent and the Grenadines,VCT,1977,4.54,4.54,False,0.2174431493530699,0.44163586502921187
St. Vincent and the Grenadines,VCT,1978,4.339,4.339,False,0.1184903422082786,0.41767020388696796
St. Vincent and the Grenadines,VCT,1979,4.154,4.154,False,0.02741437543322151,0.3956122570645046
St. Vincent and the Grenadines,VCT,1980,3.985,3.985,False,-0.05578475097210072,0.37546202456182187
St. Vincent and the Grenadines,VCT,1981,3.832,3.832,False,-0.1311070370076883,0.35721950637891975
St. Vincent and the Grenadines,VCT,1982,3.692,3.692,False,-0.20002939024286628,0.3405270060808394
St. Vincent and the Grenadines,VCT,1983,3.5610000000000004,3.5610000000000004,False,-0.2645210207700686,0.32490759508763567
St. Vincent and the Grenadines,VCT,1984,3.439,3.439,False,-0.32458192858929547,0.31036127339930847
St. Vincent and the Grenadines,VCT,1985,3.3280000000000003,3.3280000000000003,False,-0.37922750865432947,0.2971265053058305
St. Vincent and the Grenadines,VCT,1986,3.23,3.23,False,-0.4274731559189543,0.2854417550971742
St. Vincent and the Grenadines,VCT,1987,3.144,3.144,False,-0.46981117290627794,0.2751877906283534
St. Vincent and the Grenadines,VCT,1988,3.072,3.072,False,-0.5052569545700839,0.26660307618934065
St. Vincent and the Grenadines,VCT,1989,3.01,3.01,False,-0.5357797110028057,0.25921068320019075
St. Vincent and the Grenadines,VCT,1990,2.9560000000000004,2.9560000000000004,False,-0.5623640472506599,0.25277214737093123
St. Vincent and the Grenadines,VCT,1991,2.907,2.907,False,-0.5864868708829725,0.2469297722666031
St. Vincent and the Grenadines,VCT,1992,2.86,2.86,False,-0.6096250894690681,0.24132586145224752
St. Vincent and the Grenadines,VCT,1993,2.8110000000000004,2.8110000000000004,False,-0.6337479131013801,0.23548348634791946
St. Vincent and the Grenadines,VCT,1994,2.76,2.76,False,-0.6588553417799097,0.22940264695361867
St. Vincent and the Grenadines,VCT,1995,2.7030000000000003,2.7030000000000003,False,-0.6869165855970891,0.2226064146894003
St. Vincent and the Grenadines,VCT,1996,2.641,2.641,False,-0.717439342029811,0.2152140217002504
St. Vincent and the Grenadines,VCT,1997,2.576,2.576,False,-0.749439006031858,0.20746393227614165
St. Vincent and the Grenadines,VCT,1998,2.509,2.509,False,-0.7824232750801219,0.19947537856206032
St. Vincent and the Grenadines,VCT,1999,2.442,2.442,False,-0.8154075441283856,0.19148682484797905
St. Vincent and the Grenadines,VCT,2000,2.379,2.379,False,-0.8464226030842158,0.18397519971384285
St. Vincent and the Grenadines,VCT,2001,2.321,2.321,False,-0.8749761494245039,0.17705973530463817
St. Vincent and the Grenadines,VCT,2002,2.271,2.271,False,-0.8995912755799247,0.1710981280553237
St. Vincent and the Grenadines,VCT,2003,2.229,2.229,False,-0.9202679815504781,0.16609037796589962
St. Vincent and the Grenadines,VCT,2004,2.196,2.196,False,-0.9365139648130558,0.16215571718135213
St. Vincent and the Grenadines,VCT,2005,2.17,2.17,False,-0.9493138304138747,0.1590556814117086
St. Vincent and the Grenadines,VCT,2006,2.149,2.149,False,-0.9596521833991514,0.15655180636699656
St. Vincent and the Grenadines,VCT,2007,2.131,2.131,False,-0.968513628815103,0.15440562775724334
St. Vincent and the Grenadines,VCT,2008,2.112,2.112,False,-0.9778673767541627,0.1521402170025039
St. Vincent and the Grenadines,VCT,2009,2.092,2.092,False,-0.987713427216331,0.14975557410277812
St. Vincent and the Grenadines,VCT,2010,2.07,2.07,False,-0.9985440827247163,0.14713246691307977
St. Vincent and the Grenadines,VCT,2011,2.046,2.046,False,-1.0103593432793183,0.14427089543340885
Sudan,SDN,1960,6.691,6.691,False,1.2763858765592715,0.6981042088947179
Sudan,SDN,1961,6.712999999999999,6.712999999999999,False,1.2872165320676563,0.7007273160844162
Sudan,SDN,1962,6.737,6.737,False,1.2990317926222585,0.7035888875640872
Sudan,SDN,1963,6.7620000000000005,6.7620000000000005,False,1.3113393556999693,0.7065696911887445
Sudan,SDN,1964,6.787000000000001,6.787000000000001,False,1.3236469187776798,0.7095504948134017
Sudan,SDN,1965,6.81,6.81,False,1.3349698768091727,0.7122928341480862
Sudan,SDN,1966,6.831,6.831,False,1.3453082297944499,0.7147967091927984
Sudan,SDN,1967,6.85,6.85,False,1.3546619777335094,0.7170621199475378
Sudan,SDN,1968,6.865,6.865,False,1.3620465155801358,0.7188506021223321
Sudan,SDN,1969,6.877999999999999,6.877999999999999,False,1.3684464483805447,0.7204006200071538
Sudan,SDN,1970,6.888,6.888,False,1.3733694736116293,0.7215929414570167
Sudan,SDN,1971,6.899,6.899,False,1.378784801365822,0.7229044950518659
Sudan,SDN,1972,6.91,6.91,False,1.3842001291200146,0.7242160486467151
Sudan,SDN,1973,6.921,6.921,False,1.3896154568742072,0.7255276022415643
Sudan,SDN,1974,6.93,6.93,False,1.3940461795821826,0.7266006915464408
Sudan,SDN,1975,6.936,6.936,False,1.3969999947208331,0.7273160844163585
Sudan,SDN,1976,6.933,6.933,False,1.3955230871515079,0.7269583879813997
Sudan,SDN,1977,6.919,6.919,False,1.38863085182799,0.7252891379515917
Sudan,SDN,1978,6.892,6.892,False,1.375338683704063,0.7220698700369619
Sudan,SDN,1979,6.853,6.853,False,1.3561388853028347,0.7174198163824966
Sudan,SDN,1980,6.8020000000000005,6.8020000000000005,False,1.3310314566243058,0.711338976988196
Sudan,SDN,1981,6.7410000000000005,6.7410000000000005,False,1.3010010027146925,0.7040658161440324
Sudan,SDN,1982,6.674,6.674,False,1.2680167336664285,0.696077262429951
Sudan,SDN,1983,6.605,6.605,False,1.234047859571948,0.6878502444258972
Sudan,SDN,1984,6.535,6.535,False,1.1995866829543587,0.679503994276857
Sudan,SDN,1985,6.4670000000000005,6.4670000000000005,False,1.1661101113829866,0.6713962084177895
Sudan,SDN,1986,6.401,6.401,False,1.1336181448578309,0.6635268868486943
Sudan,SDN,1987,6.337999999999999,6.337999999999999,False,1.1026030859020004,0.656015261714558
Sudan,SDN,1988,6.275,6.275,False,1.0715880269461708,0.6485036365804221
Sudan,SDN,1989,6.214,6.214,False,1.0415575730365576,0.6412304757362585
Sudan,SDN,1990,6.153,6.153,False,1.0115271191269437,0.6339573148920948
Sudan,SDN,1991,6.0920000000000005,6.0920000000000005,False,0.9814966652173309,0.6266841540479313
Sudan,SDN,1992,6.028,6.028,False,0.9499893037383919,0.6190532967688087
Sudan,SDN,1993,5.9620000000000015,5.9620000000000015,False,0.9174973372132373,0.6111839751997139
Sudan,SDN,1994,5.893,5.893,False,0.8835284631187559,0.6029569571956599
Sudan,SDN,1995,5.8210000000000015,5.8210000000000015,False,0.8480826814549508,0.5943722427566474
Sudan,SDN,1996,5.747000000000001,5.747000000000001,False,0.8116522947449277,0.5855490640276619
Sudan,SDN,1997,5.6720000000000015,5.6720000000000015,False,0.7747296055117969,0.5766066531536903
Sudan,SDN,1998,5.596,5.596,False,0.7373146137555566,0.5675450101347322
Sudan,SDN,1999,5.52,5.52,False,0.6998996219993168,0.5584833671157743
Sudan,SDN,2000,5.444,5.444,False,0.6624846302430775,0.5494217240968164
Sudan,SDN,2001,5.3660000000000005,5.3660000000000005,False,0.6240850334406213,0.5401216167878861
Sudan,SDN,2002,5.287000000000001,5.287000000000001,False,0.5851931341150566,0.5307022773339692
Sudan,SDN,2003,5.206,5.206,False,0.5453166297432748,0.5210444735900799
Sudan,SDN,2004,5.122999999999998,5.122999999999998,False,0.5044555203252753,0.5111482055562178
Sudan,SDN,2005,5.039,5.039,False,0.46310210838416904,0.5011327053773696
Sudan,SDN,2006,4.956,4.956,False,0.4222409989661709,0.4912364373435078
Sudan,SDN,2007,4.873,4.873,False,0.38137988954817237,0.48134016930964585
Sudan,SDN,2008,4.792,4.792,False,0.3415033851763905,0.4716823655657565
Sudan,SDN,2009,4.713,4.713,False,0.3026114858508258,0.4622630261118398
Sudan,SDN,2010,4.637,4.637,False,0.265196494094586,0.45320138309288177
Sudan,SDN,2011,4.563,4.563,False,0.22876610738456332,0.44437820436389647
Suriname,SUR,1960,6.608,6.608,False,1.2355247671412728,0.688207940860856
Suriname,SUR,1961,6.593999999999999,6.593999999999999,False,1.228632531817755,0.6865386908310479
Suriname,SUR,1962,6.558,6.558,False,1.2109096409858522,0.6822463336115416
Suriname,SUR,1963,6.497000000000001,6.497000000000001,False,1.1808791870762392,0.6749731727673781
Suriname,SUR,1964,6.412000000000001,6.412000000000001,False,1.139033472612024,0.6648384404435436
Suriname,SUR,1965,6.303999999999999,6.303999999999999,False,1.0858648001163145,0.6519613687850243
Suriname,SUR,1966,6.182,6.182,False,1.0258038922970882,0.6374150470966973
Suriname,SUR,1967,6.053,6.053,False,0.9622968668161024,0.622034100393466
Suriname,SUR,1968,5.9220000000000015,5.9220000000000015,False,0.8978052362889007,0.6064146894002624
Suriname,SUR,1969,5.79,5.79,False,0.8328213032385892,0.5906760462620722
Suriname,SUR,1970,5.653,5.653,False,0.7653758575727361,0.5743412423989507
Suriname,SUR,1971,5.504,5.504,False,0.6920227816295822,0.5565756527959936
Suriname,SUR,1972,5.336,5.336,False,0.6093159577473687,0.5365446524382973
Suriname,SUR,1973,5.148,5.148,False,0.5167630834029864,0.5141290091808751
Suriname,SUR,1974,4.945,4.945,False,0.4168256712119783,0.4899248837486586
Suriname,SUR,1975,4.735,4.735,False,0.31344214135921106,0.4648861333015381
Suriname,SUR,1976,4.5310000000000015,4.5310000000000015,False,0.2130124266450949,0.44056277572433544
Suriname,SUR,1977,4.343999999999999,4.343999999999999,False,0.12095185482382019,0.4182663646118993
Suriname,SUR,1978,4.18,4.18,False,0.04021424103404021,0.39871229283414805
Suriname,SUR,1979,4.041,4.041,False,-0.02821580967802921,0.38213902468105404
Suriname,SUR,1980,3.922,3.922,False,-0.08679980992793075,0.3679503994276857
Suriname,SUR,1981,3.815,3.815,False,-0.1394761799005313,0.35519255991415283
Suriname,SUR,1982,3.708,3.708,False,-0.19215254987313163,0.34243472040062
Suriname,SUR,1983,3.594,3.594,False,-0.24827503750749116,0.32884225587218313
Suriname,SUR,1984,3.471,3.471,False,-0.30882824784982615,0.3141767020388697
Suriname,SUR,1985,3.338,3.338,False,-0.3743044834232454,0.2983188267556933
Suriname,SUR,1986,3.2,3.2,False,-0.44224223161220666,0.2818647907475856
Suriname,SUR,1987,3.063,3.063,False,-0.5096876772780596,0.26552998688446405
Suriname,SUR,1988,2.9360000000000004,2.9360000000000004,False,-0.5722100977128283,0.2503875044712055
Suriname,SUR,1989,2.823,2.823,False,-0.6278402828240794,0.23691427208775487
Suriname,SUR,1990,2.733,2.733,False,-0.6721475099038368,0.22618337903898894
Suriname,SUR,1991,2.6710000000000003,2.6710000000000003,False,-0.7026702663365584,0.21879098604983907
Suriname,SUR,1992,2.639,2.639,False,-0.718423947076028,0.2149755574102778
Suriname,SUR,1993,2.634,2.634,False,-0.7208854596915699,0.21437939668534636
Suriname,SUR,1994,2.651,2.651,False,-0.712516316798727,0.21640634315011326
Suriname,SUR,1995,2.682,2.682,False,-0.697254938582366,0.2201025396446882
Suriname,SUR,1996,2.717,2.717,False,-0.6800243502735713,0.22427566471920832
Suriname,SUR,1997,2.7460000000000004,2.7460000000000004,False,-0.6657475771034271,0.22773339692381073
Suriname,SUR,1998,2.762,2.762,False,-0.6578707367336927,0.22964111124359127
Suriname,SUR,1999,2.759,2.759,False,-0.6593476443030181,0.2292834148086324
Suriname,SUR,2000,2.739,2.739,False,-0.6691936947651863,0.22689877190890664
Suriname,SUR,2001,2.702,2.702,False,-0.6874088881201976,0.22248718254441396
Suriname,SUR,2002,2.656,2.656,False,-0.7100548041831847,0.21700250387504474
Suriname,SUR,2003,2.609,2.609,False,-0.7331930227692803,0.21139859306068917
Suriname,SUR,2004,2.562,2.562,False,-0.7563312413553759,0.2057946822463336
Suriname,SUR,2005,2.518,2.518,False,-0.7779925523721462,0.20054846786693692
Suriname,SUR,2006,2.478,2.478,False,-0.7976846532964826,0.19577918206748543
Suriname,SUR,2007,2.441,2.441,False,-0.8158998466514942,0.19136759270299272
Suriname,SUR,2008,2.406,2.406,False,-0.8331304349602886,0.18719446762847267
Suriname,SUR,2009,2.374,2.374,False,-0.8488841156997579,0.18337903898891142
Suriname,SUR,2010,2.345,2.345,False,-0.8631608888699018,0.1799213067843091
Suriname,SUR,2011,2.318,2.318,False,-0.8764530569938291,0.17670203886967928
Swaziland,SWZ,1960,6.7170000000000005,6.7170000000000005,False,1.2891857421600905,0.7012042446643615
Swaziland,SWZ,1961,6.73,6.73,False,1.2955856749605,0.7027542625491833
Swaziland,SWZ,1962,6.745,6.745,False,1.3029702128071259,0.7045427447239775
Swaziland,SWZ,1963,6.763,6.763,False,1.3118316582230773,0.7066889233337307
Swaziland,SWZ,1964,6.782,6.782,False,1.3211854061621373,0.7089543340884702
Swaziland,SWZ,1965,6.8020000000000005,6.8020000000000005,False,1.3310314566243058,0.711338976988196
Swaziland,SWZ,1966,6.822,6.822,False,1.340877507086474,0.7137236198879218
Swaziland,SWZ,1967,6.841,6.841,False,1.350231255025534,0.7159890306426612
Swaziland,SWZ,1968,6.857,6.857,False,1.3581080953952684,0.7178967449624418
Swaziland,SWZ,1969,6.869,6.869,False,1.3640157256725693,0.7193275307022773
Swaziland,SWZ,1970,6.875,6.875,False,1.36696954081122,0.720042923572195
Swaziland,SWZ,1971,6.876,6.876,False,1.3674618433343284,0.7201621557171813
Swaziland,SWZ,1972,6.87,6.87,False,1.3645080281956778,0.7194467628472636
Swaziland,SWZ,1973,6.858,6.858,False,1.3586003979183767,0.718015977107428
Swaziland,SWZ,1974,6.84,6.84,False,1.3497389525024253,0.7158697984976748
Swaziland,SWZ,1975,6.817,6.817,False,1.338415994470932,0.7131274591629903
Swaziland,SWZ,1976,6.79,6.79,False,1.3251238263470047,0.7099081912483605
Swaziland,SWZ,1977,6.761,6.761,False,1.3108470531768606,0.7064504590437581
Swaziland,SWZ,1978,6.729,6.729,False,1.2950933724373914,0.702635030404197
Swaziland,SWZ,1979,6.695,6.695,False,1.2783550866517053,0.6985811374746631
Swaziland,SWZ,1980,6.658,6.658,False,1.2601398932966938,0.6941695481101705
Swaziland,SWZ,1981,6.617999999999999,6.617999999999999,False,1.240447792372357,0.6894002623107188
Swaziland,SWZ,1982,6.573,6.573,False,1.2182941788324786,0.684034815786336
Swaziland,SWZ,1983,6.52,6.52,False,1.1922021451077323,0.6777155121020626
Swaziland,SWZ,1984,6.459,6.459,False,1.162171691198119,0.670442351257899
Swaziland,SWZ,1985,6.384,6.384,False,1.1252490019649881,0.6614999403839275
Swaziland,SWZ,1986,6.291,6.291,False,1.0794648673159055,0.6504113509002026
Swaziland,SWZ,1987,6.18,6.18,False,1.024819287250871,0.6371765828067246
Swaziland,SWZ,1988,6.051,6.051,False,0.9613122617698857,0.6217956361034934
Swaziland,SWZ,1989,5.905,5.905,False,0.8894360933960571,0.6043877429354954
Swaziland,SWZ,1990,5.744,5.744,False,0.810175387175602,0.5851913675927028
Swaziland,SWZ,1991,5.5710000000000015,5.5710000000000015,False,0.725007050677847,0.5645642065100752
Swaziland,SWZ,1992,5.392,5.392,False,0.63688489904144,0.5432216525575295
Swaziland,SWZ,1993,5.211,5.211,False,0.5477781423588168,0.5216406343150113
Swaziland,SWZ,1994,5.035,5.035,False,0.4611328982917356,0.5006557767974246
Swaziland,SWZ,1995,4.8660000000000005,4.8660000000000005,False,0.3779337718864136,0.48050554429474185
Swaziland,SWZ,1996,4.709,4.709,False,0.3006422757583919,0.46178609753189453
Swaziland,SWZ,1997,4.564,4.564,False,0.2292584099076719,0.4444974365088828
Swaziland,SWZ,1998,4.432,4.432,False,0.16427447685736124,0.4287587933706928
Swaziland,SWZ,1999,4.313,4.313,False,0.10569047660745946,0.4145701681173244
Swaziland,SWZ,2000,4.209,4.209,False,0.054491014204184215,0.4021700250387504
Swaziland,SWZ,2001,4.121,4.121,False,0.011168392170644057,0.39167759627995713
Swaziland,SWZ,2002,4.046,4.046,False,-0.025754297062487188,0.3827351854059855
Swaziland,SWZ,2003,3.982,3.982,False,-0.0572616585414258,0.375104328126863
Swaziland,SWZ,2004,3.925,3.925,False,-0.08532290235860567,0.36830809586264457
Swaziland,SWZ,2005,3.871,3.871,False,-0.11190723860646001,0.361869560033385
Swaziland,SWZ,2006,3.818,3.818,False,-0.137999272331206,0.35555025634911175
Swaziland,SWZ,2007,3.761,3.761,False,-0.16606051614838566,0.3487540240848933
Swaziland,SWZ,2008,3.699,3.699,False,-0.19658327258110755,0.3413616310957434
Swaziland,SWZ,2009,3.632,3.632,False,-0.22956754162937124,0.3333730773816621
Swaziland,SWZ,2010,3.559,3.559,False,-0.26550562581628556,0.3246691307976631
Swaziland,SWZ,2011,3.483,3.483,False,-0.30292061757252514,0.3156074877787052
Sweden,SWE,1960,2.174,2.174,False,-0.9473446203214411,0.15953260999165375
Sweden,SWE,1961,2.213,2.213,False,-0.9281448219202127,0.164182663646119
Sweden,SWE,1962,2.246,2.246,False,-0.9118988386576351,0.16811732443066651
Sweden,SWE,1963,2.3280000000000003,2.3280000000000003,False,-0.8715300317627449,0.1778943603195422
Sweden,SWE,1964,2.474,2.474,False,-0.7996538633889163,0.19530225348754027
Sweden,SWE,1965,2.391,2.391,False,-0.8405149728069148,0.1854059854536783
Sweden,SWE,1966,2.367,2.367,False,-0.8523302333615168,0.1825444139740074
Sweden,SWE,1967,2.281,2.281,False,-0.8946682503488405,0.17229044950518663
Sweden,SWE,1968,2.067,2.067,False,-1.0000209902940413,0.14677477047812093
Sweden,SWE,1969,1.943,1.943,False,-1.061066503159485,0.13198998449982116
Sweden,SWE,1970,1.939,1.939,False,-1.0630357132519186,0.13151305591987603
Sweden,SWE,1971,1.978,1.978,False,-1.0438359148506906,0.13616310957434122
Sweden,SWE,1972,1.927,1.927,False,-1.0689433435292195,0.13008227018004057
Sweden,SWE,1973,1.88,1.88,False,-1.0920815621153153,0.12447835936568499
Sweden,SWE,1974,1.888,1.888,False,-1.088143141930448,0.1254322165255753
Sweden,SWE,1975,1.779,1.779,False,-1.1418041169492652,0.11243591272206986
Sweden,SWE,1976,1.689,1.689,False,-1.1861113440290225,0.10170501967330393
Sweden,SWE,1977,1.644,1.644,False,-1.208264957568901,0.09633957314892094
Sweden,SWE,1978,1.601,1.601,False,-1.229433966062563,0.09121259091451055
Sweden,SWE,1979,1.6569999999999998,1.6569999999999998,False,-1.2018650247684917,0.09788959103374267
Sweden,SWE,1980,1.68,1.68,False,-1.1905420667369984,0.10063193036842732
Sweden,SWE,1981,1.63,1.63,False,-1.215157192892419,0.0946703231191129
Sweden,SWE,1982,1.65,1.65,False,-1.2053111424302507,0.09705496601883867
Sweden,SWE,1983,1.61,1.61,False,-1.2250032433545872,0.09228568021938716
Sweden,SWE,1984,1.66,1.66,False,-1.2003881171991664,0.09824728746870155
Sweden,SWE,1985,1.74,1.74,False,-1.1610039153504932,0.10778585906760463
Sweden,SWE,1986,1.79,1.79,False,-1.1363887891950726,0.11374746631691904
Sweden,SWE,1987,1.9,1.9,False,-1.0822355116531468,0.12686300226541075
Sweden,SWE,1988,1.975,1.975,False,-1.0453128224200157,0.1358054131393824
Sweden,SWE,1989,2.02,2.02,False,-1.023159208880137,0.14117085966376536
Sweden,SWE,1990,2.13,2.13,False,-0.9690059313382113,0.15428639561225707
Sweden,SWE,1991,2.11,2.11,False,-0.9788519818003797,0.15190175271253128
Sweden,SWE,1992,2.09,2.09,False,-0.9886980322625479,0.14951710981280553
Sweden,SWE,1993,2.0,2.0,False,-1.0330052593423054,0.1387862167640396
Sweden,SWE,1994,1.88,1.88,False,-1.0920815621153153,0.12447835936568499
Sweden,SWE,1995,1.73,1.73,False,-1.1659269405815775,0.10659353761774173
Sweden,SWE,1996,1.6,1.6,False,-1.2299262685856713,0.09109335876952428
Sweden,SWE,1997,1.52,1.52,False,-1.2693104704343448,0.0815547871706212
Sweden,SWE,1998,1.5,1.5,False,-1.279156520896513,0.07917014427089543
Sweden,SWE,1999,1.5,1.5,False,-1.279156520896513,0.07917014427089543
Sweden,SWE,2000,1.54,1.54,False,-1.2594644199721763,0.08393943007034697
Sweden,SWE,2001,1.57,1.57,False,-1.2446953442789237,0.08751639441993563
Sweden,SWE,2002,1.65,1.65,False,-1.2053111424302507,0.09705496601883867
Sweden,SWE,2003,1.71,1.71,False,-1.1757729910437458,0.10420889471801598
Sweden,SWE,2004,1.75,1.75,False,-1.156080890119409,0.10897818051746751
Sweden,SWE,2005,1.77,1.77,False,-1.1462348396572408,0.11136282341719328
Sweden,SWE,2006,1.85,1.85,False,-1.1068506378085676,0.12090139501609636
Sweden,SWE,2007,1.88,1.88,False,-1.0920815621153153,0.12447835936568499
Sweden,SWE,2008,1.91,1.91,False,-1.0773124864220627,0.12805532371527362
Sweden,SWE,2009,1.94,1.94,False,-1.0625434107288103,0.1316322880648623
Sweden,SWE,2010,1.98,1.98,False,-1.0428513098044736,0.1364015738643138
Sweden,SWE,2011,1.9,1.9,False,-1.0822355116531468,0.12686300226541075
Switzerland,CHE,1960,2.336,2.336,False,-0.8675916115778778,0.17884821747943244
Switzerland,CHE,1961,2.484,2.484,False,-0.7947308381578322,0.19649457493740313
Switzerland,CHE,1962,2.464,2.464,False,-0.8045768886200005,0.19410993203767737
Switzerland,CHE,1963,2.68,2.68,False,-0.6982395436285828,0.21986407535471567
Switzerland,CHE,1964,2.852,2.852,False,-0.6135635096539354,0.24037200429235722
Switzerland,CHE,1965,2.568,2.568,False,-0.7533774262167253,0.20651007511625136
Switzerland,CHE,1966,2.472,2.472,False,-0.8006384684351332,0.19506378919756767
Switzerland,CHE,1967,2.374,2.374,False,-0.8488841156997579,0.18337903898891142
Switzerland,CHE,1968,2.287,2.287,False,-0.8917144352101901,0.17300584237510433
Switzerland,CHE,1969,2.123,2.123,False,-0.9724520489999701,0.15345177059735307
Switzerland,CHE,1970,2.087,2.087,False,-0.990174939831873,0.1491594133778467
Switzerland,CHE,1971,2.033,2.033,False,-1.0167592760797277,0.1427208775485871
Switzerland,CHE,1972,1.923,1.923,False,-1.0709125536216533,0.1296053416000954
Switzerland,CHE,1973,1.823,1.823,False,-1.120142805932495,0.11768212710146654
Switzerland,CHE,1974,1.731,1.731,False,-1.165434638058469,0.10671276976272805
Switzerland,CHE,1975,1.598,1.598,False,-1.2309108736318883,0.0908548944795517
Switzerland,CHE,1976,1.531,1.531,False,-1.2638951426801524,0.08286634076547036
Switzerland,CHE,1977,1.521,1.521,False,-1.2688181679112362,0.08167401931560747
Switzerland,CHE,1978,1.493,1.493,False,-1.2826026385582718,0.07833551925599143
Switzerland,CHE,1979,1.505,1.505,False,-1.276695008280971,0.07976630499582686
Switzerland,CHE,1980,1.55,1.55,False,-1.2545413947410924,0.08513175152020985
Switzerland,CHE,1981,1.55,1.55,False,-1.2545413947410924,0.08513175152020985
Switzerland,CHE,1982,1.56,1.56,False,-1.249618369510008,0.08632407297007273
Switzerland,CHE,1983,1.51,1.51,False,-1.2742334956654289,0.08036246572075832
Switzerland,CHE,1984,1.52,1.52,False,-1.2693104704343448,0.0815547871706212
Switzerland,CHE,1985,1.51,1.51,False,-1.2742334956654289,0.08036246572075832
Switzerland,CHE,1986,1.52,1.52,False,-1.2693104704343448,0.0815547871706212
Switzerland,CHE,1987,1.55,1.55,False,-1.2545413947410924,0.08513175152020985
Switzerland,CHE,1988,1.57,1.57,False,-1.2446953442789237,0.08751639441993563
Switzerland,CHE,1989,1.56,1.56,False,-1.249618369510008,0.08632407297007273
Switzerland,CHE,1990,1.59,1.59,False,-1.2348492938167557,0.08990103731966138
Switzerland,CHE,1991,1.58,1.58,False,-1.2397723190478398,0.0887087158697985
Switzerland,CHE,1992,1.58,1.58,False,-1.2397723190478398,0.0887087158697985
Switzerland,CHE,1993,1.51,1.51,False,-1.2742334956654289,0.08036246572075832
Switzerland,CHE,1994,1.49,1.49,False,-1.2840795461275971,0.07797782282103255
Switzerland,CHE,1995,1.47,1.47,False,-1.2939255965897656,0.07559317992130678
Switzerland,CHE,1996,1.5,1.5,False,-1.279156520896513,0.07917014427089543
Switzerland,CHE,1997,1.48,1.48,False,-1.2890025713586812,0.07678550137116967
Switzerland,CHE,1998,1.47,1.47,False,-1.2939255965897656,0.07559317992130678
Switzerland,CHE,1999,1.48,1.48,False,-1.2890025713586812,0.07678550137116967
Switzerland,CHE,2000,1.5,1.5,False,-1.279156520896513,0.07917014427089543
Switzerland,CHE,2001,1.38,1.38,False,-1.338232823669523,0.06486228687254082
Switzerland,CHE,2002,1.39,1.39,False,-1.3333097984384388,0.06605460832240372
Switzerland,CHE,2003,1.39,1.39,False,-1.3333097984384388,0.06605460832240372
Switzerland,CHE,2004,1.42,1.42,False,-1.3185407227451862,0.06963157267199237
Switzerland,CHE,2005,1.42,1.42,False,-1.3185407227451862,0.06963157267199237
Switzerland,CHE,2006,1.44,1.44,False,-1.308694672283018,0.07201621557171813
Switzerland,CHE,2007,1.46,1.46,False,-1.2988486218208497,0.0744008584714439
Switzerland,CHE,2008,1.48,1.48,False,-1.2890025713586812,0.07678550137116967
Switzerland,CHE,2009,1.5,1.5,False,-1.279156520896513,0.07917014427089543
Switzerland,CHE,2010,1.52,1.52,False,-1.2693104704343448,0.0815547871706212
Switzerland,CHE,2011,1.52,1.52,False,-1.2693104704343448,0.0815547871706212
Syrian Arab Republic,SYR,1960,7.467,7.467,False,1.6584126344914016,0.7906283534040777
Syrian Arab Republic,SYR,1961,7.497000000000001,7.497000000000001,False,1.6731817101846547,0.7942053177536664
Syrian Arab Republic,SYR,1962,7.522,7.522,False,1.6854892732623648,0.7971861213783236
Syrian Arab Republic,SYR,1963,7.541,7.541,False,1.6948430212014247,0.7994515321330631
Syrian Arab Republic,SYR,1964,7.555,7.555,False,1.7017352565249422,0.801120782162871
Syrian Arab Republic,SYR,1965,7.564,7.564,False,1.7061659792329182,0.8021938714677477
Syrian Arab Republic,SYR,1966,7.569,7.569,False,1.7086274918484603,0.8027900321926791
Syrian Arab Republic,SYR,1967,7.572,7.572,False,1.7101043994177856,0.803147728627638
Syrian Arab Republic,SYR,1968,7.574,7.574,False,1.7110890044640021,0.8033861929176105
Syrian Arab Republic,SYR,1969,7.574,7.574,False,1.7110890044640021,0.8033861929176105
Syrian Arab Republic,SYR,1970,7.572,7.572,False,1.7101043994177856,0.803147728627638
Syrian Arab Republic,SYR,1971,7.566,7.566,False,1.7071505842791348,0.8024323357577202
Syrian Arab Republic,SYR,1972,7.556,7.556,False,1.702227559048051,0.8012400143078573
Syrian Arab Republic,SYR,1973,7.537000000000001,7.537000000000001,False,1.6928738111089914,0.7989746035531179
Syrian Arab Republic,SYR,1974,7.51,7.51,False,1.6795816429850636,0.795755335638488
Syrian Arab Republic,SYR,1975,7.472,7.472,False,1.6608741471069441,0.7912245141290092
Syrian Arab Republic,SYR,1976,7.4220000000000015,7.4220000000000015,False,1.636259020951524,0.7852629068796949
Syrian Arab Republic,SYR,1977,7.359,7.359,False,1.605243961995693,0.7777512817455585
Syrian Arab Republic,SYR,1978,7.285,7.285,False,1.5688135752856702,0.7689281030165732
Syrian Arab Republic,SYR,1979,7.197,7.197,False,1.5254909532521297,0.7584356742577798
Syrian Arab Republic,SYR,1980,7.093999999999999,7.093999999999999,False,1.4747837933719625,0.7461547633241921
Syrian Arab Republic,SYR,1981,6.976,6.976,False,1.4166920956451698,0.7320853702158101
Syrian Arab Republic,SYR,1982,6.843,6.843,False,1.3512158600717505,0.7162274949326337
Syrian Arab Republic,SYR,1983,6.695,6.695,False,1.2783550866517053,0.6985811374746631
Syrian Arab Republic,SYR,1984,6.534,6.534,False,1.1990943804312502,0.6793847621318707
Syrian Arab Republic,SYR,1985,6.359,6.359,False,1.1129414388872776,0.6585191367592702
Syrian Arab Republic,SYR,1986,6.1679999999999975,6.1679999999999975,False,1.018911656973569,0.6357457970668888
Syrian Arab Republic,SYR,1987,5.962999999999999,5.962999999999999,False,0.9179896397363446,0.6113032073447
Syrian Arab Republic,SYR,1988,5.7479999999999976,5.7479999999999976,False,0.8121445972680346,0.5856682961726478
Syrian Arab Republic,SYR,1989,5.529,5.529,False,0.7043303447072927,0.5595564564206509
Syrian Arab Republic,SYR,1990,5.313,5.313,False,0.5979929997158749,0.5338023131036126
Syrian Arab Republic,SYR,1991,5.11,5.11,False,0.49805558752486684,0.5095981876713962
Syrian Arab Republic,SYR,1992,4.925,4.925,False,0.40697962074980976,0.48754024084893277
Syrian Arab Republic,SYR,1993,4.76,4.76,False,0.3257497044369212,0.46786693692619524
Syrian Arab Republic,SYR,1994,4.618,4.618,False,0.2558427461555265,0.4509359723381424
Syrian Arab Republic,SYR,1995,4.495,4.495,False,0.19528953581319125,0.4362704185048289
Syrian Arab Republic,SYR,1996,4.386,4.386,False,0.141628560794374,0.4232741147013235
Syrian Arab Republic,SYR,1997,4.282,4.282,False,0.09042909839109874,0.41087397162274947
Syrian Arab Republic,SYR,1998,4.178,4.178,False,0.03922963598782349,0.3984738285441755
Syrian Arab Republic,SYR,1999,4.07,4.07,False,-0.013939036507885206,0.3855967568856564
Syrian Arab Republic,SYR,2000,3.958,3.958,False,-0.06907691909602778,0.3722427566471921
Syrian Arab Republic,SYR,2001,3.841,3.841,False,-0.12667631429971238,0.3582925956837964
Syrian Arab Republic,SYR,2002,3.724,3.724,False,-0.18427570950339697,0.34434243472040066
Syrian Arab Republic,SYR,2003,3.61,3.61,False,-0.2403981971377565,0.3307499701919637
Syrian Arab Republic,SYR,2004,3.5010000000000003,3.5010000000000003,False,-0.29405917215657357,0.31775366638845837
Syrian Arab Republic,SYR,2005,3.401,3.401,False,-0.34328942446741534,0.3058304518898295
Syrian Arab Republic,SYR,2006,3.313,3.313,False,-0.38661204650095576,0.29533802313103613
Syrian Arab Republic,SYR,2007,3.237,3.237,False,-0.42402703825719534,0.28627638011207823
Syrian Arab Republic,SYR,2008,3.173,3.173,False,-0.45553439973613397,0.2786455228329558
Syrian Arab Republic,SYR,2009,3.1210000000000004,3.1210000000000004,False,-0.48113413093777135,0.2724454512936688
Syrian Arab Republic,SYR,2010,3.0780000000000003,3.0780000000000003,False,-0.5023031394314333,0.26731846905925843
Syrian Arab Republic,SYR,2011,3.04,3.04,False,-0.5210106353095533,0.2627876475497794
Tajikistan,TJK,1960,6.235,6.235,False,1.0518959260218341,0.6437343507809705
Tajikistan,TJK,1961,6.266,6.266,False,1.067157304238195,0.6474305472755454
Tajikistan,TJK,1962,6.308,6.308,False,1.0878340102087483,0.6524382973649695
Tajikistan,TJK,1963,6.365,6.365,False,1.1158952540259282,0.6592345296291879
Tajikistan,TJK,1964,6.433,6.433,False,1.1493718255973002,0.6673423154882555
Tajikistan,TJK,1965,6.513,6.513,False,1.1887560274459734,0.6768808870871587
Tajikistan,TJK,1966,6.602,6.602,False,1.2325709520026227,0.6874925479909383
Tajikistan,TJK,1967,6.693,6.693,False,1.277370481605488,0.6983426731846905
Tajikistan,TJK,1968,6.775,6.775,False,1.3177392885003785,0.7081197090735663
Tajikistan,TJK,1969,6.841,6.841,False,1.350231255025534,0.7159890306426612
Tajikistan,TJK,1970,6.877999999999999,6.877999999999999,False,1.3684464483805447,0.7204006200071538
Tajikistan,TJK,1971,6.87,6.87,False,1.3645080281956778,0.7194467628472636
Tajikistan,TJK,1972,6.814,6.814,False,1.3369390869016067,0.7127697627280314
Tajikistan,TJK,1973,6.712999999999999,6.712999999999999,False,1.2872165320676563,0.7007273160844162
Tajikistan,TJK,1974,6.572,6.572,False,1.21780187630937,0.6839155836413496
Tajikistan,TJK,1975,6.402,6.402,False,1.1341104473809396,0.6636461189936806
Tajikistan,TJK,1976,6.22,6.22,False,1.0445113881752077,0.6419458686061761
Tajikistan,TJK,1977,6.0429999999999975,6.0429999999999975,False,0.957373841585017,0.6208417789436028
Tajikistan,TJK,1978,5.8870000000000005,5.8870000000000005,False,0.8805746479801057,0.6022415643257422
Tajikistan,TJK,1979,5.759,5.759,False,0.8175599250222285,0.5869798497674973
Tajikistan,TJK,1980,5.662999999999999,5.662999999999999,False,0.7702988828038201,0.5755335638488135
Tajikistan,TJK,1981,5.601,5.601,False,0.7397761263710987,0.5681411708596636
Tajikistan,TJK,1982,5.561,5.561,False,0.720084025446762,0.5633718850602122
Tajikistan,TJK,1983,5.533,5.533,False,0.7062995547997266,0.5600333850005962
Tajikistan,TJK,1984,5.51,5.51,False,0.6949765967682328,0.5572910456659115
Tajikistan,TJK,1985,5.4860000000000015,5.4860000000000015,False,0.6831613362136316,0.5544294741862408
Tajikistan,TJK,1986,5.452999999999999,5.452999999999999,False,0.6669153529510529,0.5504948134016929
Tajikistan,TJK,1987,5.408,5.408,False,0.6447617394111747,0.5451293668773101
Tajikistan,TJK,1988,5.347,5.347,False,0.6147312855015613,0.5378562060331465
Tajikistan,TJK,1989,5.27,5.27,False,0.576823991222213,0.5286753308692023
Tajikistan,TJK,1990,5.175,5.175,False,0.5300552515269136,0.5173482770955049
Tajikistan,TJK,1991,5.067,5.067,False,0.4768865790312049,0.5044712054369858
Tajikistan,TJK,1992,4.95,4.95,False,0.41928718382752034,0.49052104447359
Tajikistan,TJK,1993,4.83,4.83,False,0.36021088105451043,0.47621318707523547
Tajikistan,TJK,1994,4.709,4.709,False,0.3006422757583919,0.46178609753189453
Tajikistan,TJK,1995,4.587,4.587,False,0.2405813679391653,0.4472397758435674
Tajikistan,TJK,1996,4.462,4.462,False,0.17904355255061338,0.4323357577202814
Tajikistan,TJK,1997,4.334,4.334,False,0.11602882959273614,0.41707404316203645
Tajikistan,TJK,1998,4.203,4.203,False,0.05153719906553405,0.40145463216883276
Tajikistan,TJK,1999,4.075,4.075,False,-0.011477523892343182,0.3861929176105878
Tajikistan,TJK,2000,3.954,3.954,False,-0.07104612918846144,0.37176582806724695
Tajikistan,TJK,2001,3.848,3.848,False,-0.12323019663795363,0.35912722069870034
Tajikistan,TJK,2002,3.76,3.76,False,-0.16655281867149424,0.348634791939907
Tajikistan,TJK,2003,3.695,3.695,False,-0.1985524826735412,0.3408847025157982
Tajikistan,TJK,2004,3.653,3.653,False,-0.21922918864409457,0.33587695242637416
Tajikistan,TJK,2005,3.636,3.636,False,-0.2275983315369376,0.33385000596160724
Tajikistan,TJK,2006,3.642,3.642,False,-0.2246445163982872,0.334565398831525
Tajikistan,TJK,2007,3.667,3.667,False,-0.21233695332057687,0.33754620245618217
Tajikistan,TJK,2008,3.703,3.703,False,-0.19461406248867388,0.34183855967568855
Tajikistan,TJK,2009,3.743,3.743,False,-0.17492196156433726,0.34660784547514006
Tajikistan,TJK,2010,3.78,3.78,False,-0.15670676820932591,0.3510194348396327
Tajikistan,TJK,2011,3.807,3.807,False,-0.14341460008539864,0.35423870275426256
Tanzania,TZA,1960,6.806,6.806,False,1.3330006667167393,0.7118159055681411
Tanzania,TZA,1961,6.806,6.806,False,1.3330006667167393,0.7118159055681411
Tanzania,TZA,1962,6.803999999999999,6.803999999999999,False,1.3320160616705221,0.7115774412781685
Tanzania,TZA,1963,6.803,6.803,False,1.331523759147414,0.7114582091331823
Tanzania,TZA,1964,6.801,6.801,False,1.3305391541011973,0.7112197448432097
Tanzania,TZA,1965,6.797999999999999,6.797999999999999,False,1.3290622465318715,0.7108620484082507
Tanzania,TZA,1966,6.795,6.795,False,1.3275853389625467,0.7105043519732919
Tanzania,TZA,1967,6.791,6.791,False,1.3256161288701132,0.7100274233933468
Tanzania,TZA,1968,6.785,6.785,False,1.3226623137314626,0.7093120305234291
Tanzania,TZA,1969,6.778,6.778,False,1.3192161960697035,0.708477405508525
Tanzania,TZA,1970,6.771,6.771,False,1.3157700784079447,0.707642780493621
Tanzania,TZA,1971,6.765,6.765,False,1.3128162632692941,0.7069273876237032
Tanzania,TZA,1972,6.761,6.761,False,1.3108470531768606,0.7064504590437581
Tanzania,TZA,1973,6.757999999999999,6.757999999999999,False,1.3093701456075348,0.7060927626087992
Tanzania,TZA,1974,6.755,6.755,False,1.30789323803821,0.7057350661738404
Tanzania,TZA,1975,6.751,6.751,False,1.3059240279457767,0.7052581375938953
Tanzania,TZA,1976,6.742999999999999,6.742999999999999,False,1.3019856077609089,0.7043042804340048
Tanzania,TZA,1977,6.73,6.73,False,1.2955856749605,0.7027542625491833
Tanzania,TZA,1978,6.711,6.711,False,1.28623192702144,0.7004888517944438
Tanzania,TZA,1979,6.685,6.685,False,1.2734320614206207,0.6973888160248002
Tanzania,TZA,1980,6.653,6.653,False,1.2576783806811516,0.6935733873852389
Tanzania,TZA,1981,6.617999999999999,6.617999999999999,False,1.240447792372357,0.6894002623107188
Tanzania,TZA,1982,6.58,6.58,False,1.2217402964942374,0.6848694408012399
Tanzania,TZA,1983,6.5420000000000025,6.5420000000000025,False,1.2030328006161188,0.6803386192917613
Tanzania,TZA,1984,6.504,6.504,False,1.1843253047379976,0.675807797782282
Tanzania,TZA,1985,6.465,6.465,False,1.1651255063367696,0.6711577441278168
Tanzania,TZA,1986,6.424,6.424,False,1.1449411028893248,0.666269226183379
Tanzania,TZA,1987,6.379,6.379,False,1.1227874893494456,0.6609037796589959
Tanzania,TZA,1988,6.327999999999999,6.327999999999999,False,1.0976800606709163,0.6548229402646952
Tanzania,TZA,1989,6.273,6.273,False,1.0706034218999536,0.6482651722904494
Tanzania,TZA,1990,6.212999999999999,6.212999999999999,False,1.0410652705134484,0.641111243591272
Tanzania,TZA,1991,6.148,6.148,False,1.0090656065114016,0.6333611541671633
Tanzania,TZA,1992,6.081,6.081,False,0.9760813374631383,0.6253726004530822
Tanzania,TZA,1993,6.013,6.013,False,0.9426047658917658,0.6172648145940145
Tanzania,TZA,1994,5.9460000000000015,5.9460000000000015,False,0.9096204968435028,0.6092762608799334
Tanzania,TZA,1995,5.882999999999999,5.882999999999999,False,0.8786054378876714,0.6017646357457969
Tanzania,TZA,1996,5.827999999999999,5.827999999999999,False,0.8515287991167086,0.5952068677715511
Tanzania,TZA,1997,5.78,5.78,False,0.8278982780075052,0.5894837248122093
Tanzania,TZA,1998,5.7410000000000005,5.7410000000000005,False,0.808698479606277,0.5848336711577441
Tanzania,TZA,1999,5.711,5.711,False,0.7939294039130245,0.5812567068081554
Tanzania,TZA,2000,5.689,5.689,False,0.7830987484046392,0.5786335996184571
Tanzania,TZA,2001,5.675,5.675,False,0.7762065130811213,0.5769643495886491
Tanzania,TZA,2002,5.666,5.666,False,0.7717757903731458,0.5758912602837725
Tanzania,TZA,2003,5.659,5.659,False,0.7683296727113866,0.5750566352688684
Tanzania,TZA,2004,5.651,5.651,False,0.7643912525265193,0.5741027781089781
Tanzania,TZA,2005,5.638,5.638,False,0.75799131972611,0.5725527602241564
Tanzania,TZA,2006,5.6160000000000005,5.6160000000000005,False,0.7471606642177252,0.5699296530344581
Tanzania,TZA,2007,5.585,5.585,False,0.731899286001364,0.5662334565398831
Tanzania,TZA,2008,5.5429999999999975,5.5429999999999975,False,0.7112225800308093,0.5612257064504587
Tanzania,TZA,2009,5.49,5.49,False,0.6851305463060646,0.5549064027661857
Tanzania,TZA,2010,5.428,5.428,False,0.6546077898733428,0.5475140097770358
Tanzania,TZA,2011,5.359,5.359,False,0.6206389157788621,0.5392869917729819
Thailand,THA,1960,6.147,6.147,False,1.0085733039882936,0.6332419220221771
Thailand,THA,1961,6.151,6.151,False,1.0105425140807272,0.6337188506021222
Thailand,THA,1962,6.155,6.155,False,1.012511724173161,0.6341957791820675
Thailand,THA,1963,6.157,6.157,False,1.0134963292193777,0.63443424347204
Thailand,THA,1964,6.151,6.151,False,1.0105425140807272,0.6337188506021222
Thailand,THA,1965,6.129,6.129,False,0.9997118585723418,0.6310957434124239
Thailand,THA,1966,6.084,6.084,False,0.9775582450324631,0.6257302968880409
Thailand,THA,1967,6.009,6.009,False,0.9406355557993323,0.6167878860140694
Thailand,THA,1968,5.903,5.903,False,0.8884514883498399,0.6041492786455227
Thailand,THA,1969,5.763999999999999,5.763999999999999,False,0.82002143763777,0.5875760104924286
Thailand,THA,1970,5.595,5.595,False,0.736822311232448,0.5674257779897459
Thailand,THA,1971,5.397,5.397,False,0.639346411656982,0.5438178132824609
Thailand,THA,1972,5.181,5.181,False,0.5330090666655642,0.5180636699654226
Thailand,THA,1973,4.953,4.953,False,0.4207640913968456,0.49087874090854894
Thailand,THA,1974,4.721,4.721,False,0.30654990603569315,0.46321688327173005
Thailand,THA,1975,4.488,4.488,False,0.19184341815143252,0.43543579348992495
Thailand,THA,1976,4.257,4.257,False,0.07812153531338818,0.4078931679980922
Thailand,THA,1977,4.03,4.03,False,-0.03363113743222184,0.38082747108620485
Thailand,THA,1978,3.808,3.808,False,-0.14292229756229027,0.3543579348992488
Thailand,THA,1979,3.594,3.594,False,-0.24827503750749116,0.32884225587218313
Thailand,THA,1980,3.392,3.392,False,-0.34772014717539107,0.3047573625849529
Thailand,THA,1981,3.202,3.202,False,-0.44125762656598994,0.2821032550375581
Thailand,THA,1982,3.024,3.024,False,-0.5288874756792878,0.2608799332299988
Thailand,THA,1983,2.859,2.859,False,-0.6101173919921764,0.24120662930726125
Thailand,THA,1984,2.707,2.707,False,-0.6849473755046557,0.2230833432693454
Thailand,THA,1985,2.571,2.571,False,-0.7519005186473999,0.20686777155121022
Thailand,THA,1986,2.451,2.451,False,-0.8109768214204098,0.19255991415285562
Thailand,THA,1987,2.346,2.346,False,-0.8626685863467936,0.18004053892929536
Thailand,THA,1988,2.256,2.256,False,-0.906975813426551,0.16930964588052938
Thailand,THA,1989,2.1790000000000003,2.1790000000000003,False,-0.9448831077058988,0.16012877071658524
Thailand,THA,1990,2.113,2.113,False,-0.9773750742310543,0.15225944914749018
Thailand,THA,1991,2.055,2.055,False,-1.0059286205713422,0.14534398473828547
Thailand,THA,1992,2.003,2.003,False,-1.03152835177298,0.13914391319899846
Thailand,THA,1993,1.956,1.956,False,-1.0546665703590756,0.1335400023846429
Thailand,THA,1994,1.911,1.911,False,-1.0768201838989542,0.12817455586025994
Thailand,THA,1995,1.867,1.867,False,-1.0984814949157244,0.12292834148086325
Thailand,THA,1996,1.824,1.824,False,-1.1196505034093864,0.11780135924645285
Thailand,THA,1997,1.784,1.784,False,-1.1393426043337231,0.11303207344700131
Thailand,THA,1998,1.745,1.745,False,-1.1585424027349511,0.10838201979253607
Thailand,THA,1999,1.709,1.709,False,-1.176265293566854,0.10408966257302969
Thailand,THA,2000,1.676,1.676,False,-1.1925112768294317,0.10015500178848216
Thailand,THA,2001,1.644,1.644,False,-1.208264957568901,0.09633957314892094
Thailand,THA,2002,1.615,1.615,False,-1.2225417307390452,0.09288184094431859
Thailand,THA,2003,1.588,1.588,False,-1.2358338988629725,0.08966257302968882
Thailand,THA,2004,1.5630000000000002,1.5630000000000002,False,-1.2481414619406828,0.08668176940503161
Thailand,THA,2005,1.539,1.539,False,-1.259956722495285,0.08382019792536066
Thailand,THA,2006,1.517,1.517,False,-1.27078737800367,0.08119709073566232
Thailand,THA,2007,1.496,1.496,False,-1.2811257309889466,0.07869321569095028
Thailand,THA,2008,1.477,1.477,False,-1.2904794789280063,0.07642780493621082
Thailand,THA,2009,1.459,1.459,False,-1.299340924343958,0.07428162632645763
Thailand,THA,2010,1.443,1.443,False,-1.3072177647136927,0.072373912006677
Thailand,THA,2011,1.4269999999999998,1.4269999999999998,False,-1.3150946050834276,0.07046619768689637
Timor-Leste,TLS,1960,6.3729999999999976,6.3729999999999976,False,1.1198336742107942,0.660188386789078
Timor-Leste,TLS,1961,6.376,6.376,False,1.1213105817801208,0.6605460832240372
Timor-Leste,TLS,1962,6.375,6.375,False,1.1208182792570123,0.6604268510790509
Timor-Leste,TLS,1963,6.367000000000001,6.367000000000001,False,1.1168798590721454,0.6594729939191606
Timor-Leste,TLS,1964,6.347,6.347,False,1.1070338086099767,0.6570883510194349
Timor-Leste,TLS,1965,6.314,6.314,False,1.0907878253473988,0.6531536902348872
Timor-Leste,TLS,1966,6.268,6.268,False,1.0681419092844116,0.6476690115655179
Timor-Leste,TLS,1967,6.2070000000000025,6.2070000000000025,False,1.0381114553747997,0.6403958507213547
Timor-Leste,TLS,1968,6.1320000000000014,6.1320000000000014,False,1.001188766141668,0.631453439847383
Timor-Leste,TLS,1969,6.039,6.039,False,0.9554046314925845,0.620364850363658
Timor-Leste,TLS,1970,5.9170000000000025,5.9170000000000025,False,0.8953437236733591,0.6058185286753311
Timor-Leste,TLS,1971,5.751,5.751,False,0.8136215048373612,0.586025992607607
Timor-Leste,TLS,1972,5.541,5.541,False,0.710237974984594,0.5609872421604865
Timor-Leste,TLS,1973,5.297999999999999,5.297999999999999,False,0.5906084618692484,0.5320138309288183
Timor-Leste,TLS,1974,5.037,5.037,False,0.4621175033379523,0.5008942410873971
Timor-Leste,TLS,1975,4.794,4.794,False,0.34248799022260723,0.47192082985572903
Timor-Leste,TLS,1976,4.6110000000000015,4.6110000000000015,False,0.25239662849376815,0.45010134732323853
Timor-Leste,TLS,1977,4.513999999999999,4.513999999999999,False,0.20464328375225077,0.4385358292595683
Timor-Leste,TLS,1978,4.513,4.513,False,0.20415098122914263,0.4384165971145821
Timor-Leste,TLS,1979,4.606,4.606,False,0.24993511587822526,0.4495051865983069
Timor-Leste,TLS,1980,4.767,4.767,False,0.32919582209868037,0.46870156194109935
Timor-Leste,TLS,1981,4.956,4.956,False,0.4222409989661709,0.4912364373435078
Timor-Leste,TLS,1982,5.13,5.13,False,0.5079016379870349,0.5119828305711219
Timor-Leste,TLS,1983,5.256,5.256,False,0.5699317558986955,0.5270060808393943
Timor-Leste,TLS,1984,5.324,5.324,False,0.6034083274700676,0.5351138666984618
Timor-Leste,TLS,1985,5.336,5.336,False,0.6093159577473687,0.5365446524382973
Timor-Leste,TLS,1986,5.308,5.308,False,0.5955314871003329,0.5332061523786812
Timor-Leste,TLS,1987,5.271,5.271,False,0.5773162937453216,0.5287945630141886
Timor-Leste,TLS,1988,5.256,5.256,False,0.5699317558986955,0.5270060808393943
Timor-Leste,TLS,1989,5.273,5.273,False,0.5783008987915382,0.5290330273041611
Timor-Leste,TLS,1990,5.34,5.34,False,0.6112851678398021,0.5370215810182425
Timor-Leste,TLS,1991,5.468999999999999,5.468999999999999,False,0.6747921933207875,0.5524025277214736
Timor-Leste,TLS,1992,5.651,5.651,False,0.7643912525265193,0.5741027781089781
Timor-Leste,TLS,1993,5.874,5.874,False,0.8741747151796959,0.6006915464409204
Timor-Leste,TLS,1994,6.125,6.125,False,0.9977426484799083,0.6306188148324787
Timor-Leste,TLS,1995,6.384,6.384,False,1.1252490019649881,0.6614999403839275
Timor-Leste,TLS,1996,6.627000000000002,6.627000000000002,False,1.2448785150803336,0.6904733516155956
Timor-Leste,TLS,1997,6.8320000000000025,6.8320000000000025,False,1.3458005323175593,0.7149159413377849
Timor-Leste,TLS,1998,6.9860000000000015,6.9860000000000015,False,1.4216151208762549,0.7332776916656731
Timor-Leste,TLS,1999,7.079,7.079,False,1.4673992555253366,0.7443662811493977
Timor-Leste,TLS,2000,7.112,7.112,False,1.4836452387879144,0.7483009419339454
Timor-Leste,TLS,2001,7.0920000000000005,7.0920000000000005,False,1.4737991883257464,0.7459162990342196
Timor-Leste,TLS,2002,7.037000000000001,7.037000000000001,False,1.4467225495547835,0.7393585310599738
Timor-Leste,TLS,2003,6.965,6.965,False,1.4112767678909772,0.730773816620961
Timor-Leste,TLS,2004,6.649,6.649,False,1.255709170588718,0.6930964588052938
Timor-Leste,TLS,2005,6.3320000000000025,6.3320000000000025,False,1.0996492707633516,0.6552998688446408
Timor-Leste,TLS,2006,6.016,6.016,False,0.9440816734610911,0.6176225110289734
Timor-Leste,TLS,2007,5.7,5.7,False,0.7885140761588318,0.5799451532133063
Timor-Leste,TLS,2008,5.7,5.7,False,0.7885140761588318,0.5799451532133063
Timor-Leste,TLS,2009,5.7,5.7,False,0.7885140761588318,0.5799451532133063
Timor-Leste,TLS,2010,5.577999999999999,5.577999999999999,False,0.7284531683396048,0.565398831524979
Timor-Leste,TLS,2011,5.452999999999999,5.452999999999999,False,0.6669153529510529,0.5504948134016929
Togo,TGO,1960,6.521,6.521,False,1.1926944476308408,0.6778347442470489
Togo,TGO,1961,6.57,6.57,False,1.2168172712631533,0.6836771193513771
Togo,TGO,1962,6.622000000000001,6.622000000000001,False,1.2424170024647911,0.6898771908906641
Togo,TGO,1963,6.6770000000000005,6.6770000000000005,False,1.2694936412357538,0.6964349588649099
Togo,TGO,1964,6.734,6.734,False,1.2975548850529333,0.7032311911291284
Togo,TGO,1965,6.7920000000000025,6.7920000000000025,False,1.3261084313932228,0.7101466555383333
Togo,TGO,1966,6.851,6.851,False,1.3551542802566179,0.7171813520925241
Togo,TGO,1967,6.9110000000000005,6.9110000000000005,False,1.384692431643123,0.7243352807917014
Togo,TGO,1968,6.971,6.971,False,1.4142305830296278,0.7314892094908787
Togo,TGO,1969,7.029,7.029,False,1.442784129369916,0.7384046739000834
Togo,TGO,1970,7.084,7.084,False,1.4698607681408786,0.7449624418743293
Togo,TGO,1971,7.136,7.136,False,1.4954604993425165,0.7511625134136163
Togo,TGO,1972,7.182,7.182,False,1.5181064154055037,0.7566471920829856
Togo,TGO,1973,7.222,7.222,False,1.5377985163298402,0.761416477882437
Togo,TGO,1974,7.254,7.254,False,1.5535521970693091,0.7652319065219982
Togo,TGO,1975,7.275,7.275,False,1.5638905500545863,0.7677357815667103
Togo,TGO,1976,7.286,7.286,False,1.5693058778087785,0.7690473351615594
Togo,TGO,1977,7.284,7.284,False,1.5683212727625617,0.7688088708715869
Togo,TGO,1978,7.27,7.27,False,1.5614290374390438,0.7671396208417788
Togo,TGO,1979,7.244,7.244,False,1.548629171838225,0.7640395850721353
Togo,TGO,1980,7.207000000000002,7.207000000000002,False,1.5304139784832147,0.759627995707643
Togo,TGO,1981,7.158,7.158,False,1.5062911548509017,0.7537856206033147
Togo,TGO,1982,7.099,7.099,False,1.477245305987505,0.7467509240491236
Togo,TGO,1983,7.032,7.032,False,1.4442610369392412,0.7387623703350422
Togo,TGO,1984,6.9570000000000025,6.9570000000000025,False,1.4073383477061112,0.7298199594610709
Togo,TGO,1985,6.874,6.874,False,1.3664772382881114,0.7199236914272087
Togo,TGO,1986,6.7810000000000015,6.7810000000000015,False,1.3206931036390297,0.7088351019434841
Togo,TGO,1987,6.678999999999999,6.678999999999999,False,1.2704782462819701,0.6966734231548825
Togo,TGO,1988,6.569,6.569,False,1.2163249687400448,0.6835578872063908
Togo,TGO,1989,6.452000000000001,6.452000000000001,False,1.1587255735363606,0.6696077262429951
Togo,TGO,1990,6.331,6.331,False,1.0991569682402422,0.6551806366996542
Togo,TGO,1991,6.206,6.206,False,1.0376191528516903,0.6402766185763682
Togo,TGO,1992,6.081,6.081,False,0.9760813374631383,0.6253726004530822
Togo,TGO,1993,5.9570000000000025,5.9570000000000025,False,0.9150358245976958,0.6105878144747826
Togo,TGO,1994,5.8370000000000015,5.8370000000000015,False,0.8559595218246855,0.5962799570764279
Togo,TGO,1995,5.725,5.725,False,0.800821639236542,0.5829259568379634
Togo,TGO,1996,5.62,5.62,False,0.7491298743101586,0.5704065816144032
Togo,TGO,1997,5.524,5.524,False,0.7018688320917507,0.5589602956957195
Togo,TGO,1998,5.437,5.437,False,0.6590385125813186,0.5485870990819125
Togo,TGO,1999,5.359,5.359,False,0.6206389157788621,0.5392869917729819
Togo,TGO,2000,5.287999999999999,5.287999999999999,False,0.5856854366381643,0.5308215094789553
Togo,TGO,2001,5.224,5.224,False,0.5541780751592261,0.5231906521998331
Togo,TGO,2002,5.166,5.166,False,0.5256245288189382,0.5162751877906283
Togo,TGO,2003,5.1110000000000015,5.1110000000000015,False,0.4985478900479759,0.5097174198163826
Togo,TGO,2004,5.059,5.059,False,0.47294815884633756,0.5035173482770955
Togo,TGO,2005,5.009,5.009,False,0.4483330326909169,0.49755574102778105
Togo,TGO,2006,4.962,4.962,False,0.4251948141048211,0.4919518302134254
Togo,TGO,2007,4.918,4.918,False,0.403533503088051,0.4867056158340288
Togo,TGO,2008,4.876,4.876,False,0.38285679711749765,0.4816978657446047
Togo,TGO,2009,4.835,4.835,False,0.36267239367005244,0.4768093478001669
Togo,TGO,2010,4.792,4.792,False,0.3415033851763905,0.4716823655657565
Togo,TGO,2011,4.746,4.746,False,0.3188574691134037,0.4661976868963873
Tonga,TON,1960,7.362999999999999,7.362999999999999,False,1.607213172088126,0.7782282103255035
Tonga,TON,1961,7.346,7.346,False,1.5988440291952837,0.7762012638607367
Tonga,TON,1962,7.302,7.302,False,1.5771827181785132,0.7709550494813401
Tonga,TON,1963,7.226,7.226,False,1.5397677264222738,0.7618934064623821
Tonga,TON,1964,7.117000000000001,7.117000000000001,False,1.486106751403457,0.7488971026588769
Tonga,TON,1965,6.974,6.974,False,1.415707490598953,0.7318469059258376
Tonga,TON,1966,6.795,6.795,False,1.3275853389625467,0.7105043519732919
Tonga,TON,1967,6.59,6.59,False,1.2266633217253216,0.6860617622511028
Tonga,TON,1968,6.371,6.371,False,1.1188490691645787,0.6599499224991058
Tonga,TON,1969,6.15,6.15,False,1.0100502115576189,0.633599618457136
Tonga,TON,1970,5.941,5.941,False,0.9071589842279598,0.6086801001550017
Tonga,TON,1971,5.761,5.761,False,0.8185445300684452,0.5872183140574698
Tonga,TON,1972,5.6160000000000005,5.6160000000000005,False,0.7471606642177252,0.5699296530344581
Tonga,TON,1973,5.5120000000000005,5.5120000000000005,False,0.6959612018144499,0.5575295099558841
Tonga,TON,1974,5.449,5.449,False,0.6649461428586194,0.5500178848217478
Tonga,TON,1975,5.426,5.426,False,0.653623184827126,0.5472755454870633
Tonga,TON,1976,5.438,5.438,False,0.6595308151044268,0.5487063312268987
Tonga,TON,1977,5.471,5.471,False,0.6757767983670047,0.5526409920114462
Tonga,TON,1978,5.509,5.509,False,0.6944842942451246,0.5571718135209253
Tonga,TON,1979,5.541,5.541,False,0.710237974984594,0.5609872421604865
Tonga,TON,1980,5.553,5.553,False,0.7161456052618947,0.5624180279003218
Tonga,TON,1981,5.532,5.532,False,0.705807252276618,0.5599141528556099
Tonga,TON,1982,5.475,5.475,False,0.6777460084594381,0.5531179205913913
Tonga,TON,1983,5.385,5.385,False,0.6334387813796808,0.5423870275426254
Tonga,TON,1984,5.266,5.266,False,0.5748547811297795,0.5281984022892571
Tonga,TON,1985,5.127999999999999,5.127999999999999,False,0.5069170329408178,0.5117443662811493
Tonga,TON,1986,4.989,4.989,False,0.4384869822287484,0.49517109812805526
Tonga,TON,1987,4.864,4.864,False,0.3769491668401964,0.4802670800047692
Tonga,TON,1988,4.763,4.763,False,0.3272266120062465,0.46822463336115416
Tonga,TON,1989,4.691,4.691,False,0.29178083034244057,0.4596399189221414
Tonga,TON,1990,4.644,4.644,False,0.2686426117563452,0.4540360081077859
Tonga,TON,1991,4.612,4.612,False,0.2528889310168759,0.45022057946822464
Tonga,TON,1992,4.583,4.583,False,0.23861215784673187,0.4467628472636223
Tonga,TON,1993,4.547,4.547,False,0.22088926701482867,0.44247049004411587
Tonga,TON,1994,4.501,4.501,False,0.19824335095184187,0.4369858113747467
Tonga,TON,1995,4.447,4.447,False,0.1716590147039873,0.43054727554548705
Tonga,TON,1996,4.391,4.391,False,0.144090073409916,0.42387027542625494
Tonga,TON,1997,4.34,4.34,False,0.11898264473138676,0.4177894360319542
Tonga,TON,1998,4.3,4.3,False,0.09929054380705012,0.41302015023250266
Tonga,TON,1999,4.27,4.27,False,0.08452146811379753,0.40944318588291395
Tonga,TON,2000,4.25,4.25,False,0.07467541765162942,0.4070585429831883
Tonga,TON,2001,4.2360000000000015,4.2360000000000015,False,0.06778318232811237,0.4053892929533804
Tonga,TON,2002,4.221,4.221,False,0.06039864448148542,0.4036008107785859
Tonga,TON,2003,4.202,4.202,False,0.05104489654242547,0.40133540002384643
Tonga,TON,2004,4.177,4.177,False,0.03873733346471491,0.3983545963991892
Tonga,TON,2005,4.144,4.144,False,0.022491350202137456,0.3944199356146417
Tonga,TON,2006,4.104,4.104,False,0.0027992492778008233,0.3896506498151902
Tonga,TON,2007,4.059,4.059,False,-0.019354364262077834,0.38428520329080723
Tonga,TON,2008,4.012,4.012,False,-0.04249258284817366,0.3786812924764516
Tonga,TON,2009,3.963,3.963,False,-0.06661540648048576,0.37283891737212355
Tonga,TON,2010,3.914,3.914,False,-0.09073823011279808,0.36699654226779543
Tonga,TON,2011,3.864,3.864,False,-0.11535335626821898,0.36103493501848094
Trinidad and Tobago,TTO,1960,5.263999999999999,5.263999999999999,False,0.5738701760835624,0.5279599379992844
Trinidad and Tobago,TTO,1961,5.1770000000000005,5.1770000000000005,False,0.5310398565731308,0.5175867413854776
Trinidad and Tobago,TTO,1962,5.047,5.047,False,0.4670405285690364,0.5020865625372599
Trinidad and Tobago,TTO,1963,4.873,4.873,False,0.38137988954817237,0.48134016930964585
Trinidad and Tobago,TTO,1964,4.664,4.664,False,0.27848866221851326,0.45642065100751156
Trinidad and Tobago,TTO,1965,4.433,4.433,False,0.16476677938046938,0.428878025515679
Trinidad and Tobago,TTO,1966,4.2,4.2,False,0.05006029149620875,0.4010969357338739
Trinidad and Tobago,TTO,1967,3.985,3.985,False,-0.05578475097210072,0.37546202456182187
Trinidad and Tobago,TTO,1968,3.802,3.802,False,-0.14587611270094067,0.3536425420293311
Trinidad and Tobago,TTO,1969,3.658,3.658,False,-0.21676767602855254,0.33647311315130557
Trinidad and Tobago,TTO,1970,3.554,3.554,False,-0.2679671384318278,0.3240729700727316
Trinidad and Tobago,TTO,1971,3.484,3.484,False,-0.3024283150494168,0.31572671992369145
Trinidad and Tobago,TTO,1972,3.432,3.432,False,-0.3280280462510544,0.3095266483844044
Trinidad and Tobago,TTO,1973,3.389,3.389,False,-0.34919705474471635,0.30439966614999403
Trinidad and Tobago,TTO,1974,3.349,3.349,False,-0.3688891556690528,0.2996303803505425
Trinidad and Tobago,TTO,1975,3.313,3.313,False,-0.38661204650095576,0.29533802313103613
Trinidad and Tobago,TTO,1976,3.287,3.287,False,-0.3994119121017747,0.2922379873613926
Trinidad and Tobago,TTO,1977,3.273,3.273,False,-0.40630414742529236,0.2905687373315846
Trinidad and Tobago,TTO,1978,3.2710000000000004,3.2710000000000004,False,-0.4072887524715091,0.2903302730416121
Trinidad and Tobago,TTO,1979,3.278,3.278,False,-0.40384263480975036,0.291164898056516
Trinidad and Tobago,TTO,1980,3.284,3.284,False,-0.40088881967109996,0.29188029092643375
Trinidad and Tobago,TTO,1981,3.281,3.281,False,-0.4023657272404251,0.29152259449147494
Trinidad and Tobago,TTO,1982,3.261,3.261,False,-0.4122117777025934,0.28913795159174915
Trinidad and Tobago,TTO,1983,3.218,3.218,False,-0.4333807861962553,0.2840109693573387
Trinidad and Tobago,TTO,1984,3.151,3.151,False,-0.4663650552445192,0.2760224156432574
Trinidad and Tobago,TTO,1985,3.06,3.06,False,-0.5111645848473849,0.2651722904495052
Trinidad and Tobago,TTO,1986,2.949,2.949,False,-0.5658101649124191,0.2519375223560272
Trinidad and Tobago,TTO,1987,2.827,2.827,False,-0.6258710727316458,0.2373912006677
Trinidad and Tobago,TTO,1988,2.7,2.7,False,-0.6883934931664144,0.22224871825444142
Trinidad and Tobago,TTO,1989,2.574,2.574,False,-0.7504236110780749,0.20722546798616906
Trinidad and Tobago,TTO,1990,2.4530000000000003,2.4530000000000003,False,-0.8099922163741929,0.19279837844282824
Trinidad and Tobago,TTO,1991,2.339,2.339,False,-0.8661147040085525,0.17920591391439133
Trinidad and Tobago,TTO,1992,2.231,2.231,False,-0.9192833765042614,0.1663288422558722
Trinidad and Tobago,TTO,1993,2.131,2.131,False,-0.968513628815103,0.15440562775724334
Trinidad and Tobago,TTO,1994,2.04,2.04,False,-1.0133131584179687,0.14355550256349114
Trinidad and Tobago,TTO,1995,1.961,1.961,False,-1.0522050577435333,0.13413616310957432
Trinidad and Tobago,TTO,1996,1.896,1.896,False,-1.0842047217455806,0.1263860736854656
Trinidad and Tobago,TTO,1997,1.843,1.843,False,-1.1102967554703265,0.12006677000119233
Trinidad and Tobago,TTO,1998,1.801,1.801,False,-1.13097346144088,0.1150590199117682
Trinidad and Tobago,TTO,1999,1.7719999999999998,1.7719999999999998,False,-1.145250234611024,0.11160128770716582
Trinidad and Tobago,TTO,2000,1.753,1.753,False,-1.1546039825500838,0.10933587695242636
Trinidad and Tobago,TTO,2001,1.744,1.744,False,-1.1590347052580596,0.10826278764754978
Trinidad and Tobago,TTO,2002,1.744,1.744,False,-1.1590347052580596,0.10826278764754978
Trinidad and Tobago,TTO,2003,1.749,1.749,False,-1.1565731926425176,0.10885894837248124
Trinidad and Tobago,TTO,2004,1.758,1.758,False,-1.1521424699345417,0.10993203767735782
Trinidad and Tobago,TTO,2005,1.769,1.769,False,-1.146727142180349,0.11124359127220697
Trinidad and Tobago,TTO,2006,1.779,1.779,False,-1.1418041169492652,0.11243591272206986
Trinidad and Tobago,TTO,2007,1.788,1.788,False,-1.1373733942412891,0.11350900202694647
Trinidad and Tobago,TTO,2008,1.796,1.796,False,-1.1334349740564218,0.11446285918683677
Trinidad and Tobago,TTO,2009,1.8,1.8,False,-1.1314657639639885,0.11493978776678193
Trinidad and Tobago,TTO,2010,1.802,1.802,False,-1.1304811589177715,0.1151782520567545
Trinidad and Tobago,TTO,2011,1.801,1.801,False,-1.13097346144088,0.1150590199117682
Tunisia,TUN,1960,7.0429999999999975,7.0429999999999975,False,1.4496763646934325,0.7400739239298911
Tunisia,TUN,1961,7.087999999999999,7.087999999999999,False,1.471829978233312,0.7454393704542743
Tunisia,TUN,1962,7.117999999999999,7.117999999999999,False,1.4865990539265646,0.749016334803863
Tunisia,TUN,1963,7.125,7.125,False,1.4900451715883238,0.749850959818767
Tunisia,TUN,1964,7.107,7.107,False,1.4811837261723724,0.7477047812090138
Tunisia,TUN,1965,7.059,7.059,False,1.4575532050631685,0.741981638249672
Tunisia,TUN,1966,6.978,6.978,False,1.4176767006913866,0.7323238345057826
Tunisia,TUN,1967,6.869,6.869,False,1.3640157256725693,0.7193275307022773
Tunisia,TUN,1968,6.737,6.737,False,1.2990317926222585,0.7035888875640872
Tunisia,TUN,1969,6.59,6.59,False,1.2266633217253216,0.6860617622511028
Tunisia,TUN,1970,6.438,6.438,False,1.1518333382128423,0.6679384762131869
Tunisia,TUN,1971,6.2920000000000025,6.2920000000000025,False,1.079957169839015,0.6505305830451892
Tunisia,TUN,1972,6.16,6.16,False,1.014973236788703,0.6347919399069989
Tunisia,TUN,1973,6.046,6.046,False,0.9588507491543437,0.621199475378562
Tunisia,TUN,1974,5.95,5.95,False,0.9115897069359358,0.6097531894598783
Tunisia,TUN,1975,5.867000000000001,5.867000000000001,False,0.8707285975179376,0.5998569214260165
Tunisia,TUN,1976,5.79,5.79,False,0.8328213032385892,0.5906760462620722
Tunisia,TUN,1977,5.706,5.706,False,0.7914678912974825,0.580660546083224
Tunisia,TUN,1978,5.606,5.606,False,0.7422376389866406,0.5687373315845952
Tunisia,TUN,1979,5.488,5.488,False,0.684145941259848,0.5546679384762132
Tunisia,TUN,1980,5.349,5.349,False,0.6157158905477781,0.5380946703231191
Tunisia,TUN,1981,5.189,5.189,False,0.5369474868504316,0.5190175271253129
Tunisia,TUN,1982,5.015,5.015,False,0.4512868478295671,0.4982711338976987
Tunisia,TUN,1983,4.833,4.833,False,0.3616877886238357,0.4765708835101944
Tunisia,TUN,1984,4.645,4.645,False,0.2691349142794533,0.4541552402527721
Tunisia,TUN,1985,4.454,4.454,False,0.17510513236574604,0.43138190056039105
Tunisia,TUN,1986,4.265,4.265,False,0.08205995549825551,0.40884702515798255
Tunisia,TUN,1987,4.077,4.077,False,-0.01049291884612646,0.38643138190056037
Tunisia,TUN,1988,3.893,3.893,False,-0.10107658309807498,0.3644926672230833
Tunisia,TUN,1989,3.714,3.714,False,-0.18919873473448126,0.34315011327053774
Tunisia,TUN,1990,3.5380000000000003,3.5380000000000003,False,-0.27584397880156225,0.322165255752951
Tunisia,TUN,1991,3.363,3.363,False,-0.36199692034553504,0.30129963038035057
Tunisia,TUN,1992,3.188,3.188,False,-0.4481498618895077,0.2804340050077501
Tunisia,TUN,1993,3.013,3.013,False,-0.5343028034334805,0.2595683796351496
Tunisia,TUN,1994,2.9,2.9,False,-0.5899329885447314,0.24609514725169906
Tunisia,TUN,1995,2.67,2.67,False,-0.703162568859667,0.21867175390485274
Tunisia,TUN,1996,2.51,2.51,False,-0.7819309725570135,0.1995946107070466
Tunisia,TUN,1997,2.38,2.38,False,-0.8459303005611075,0.18409443185882912
Tunisia,TUN,1998,2.23,2.23,False,-0.9197756790273698,0.1662096101108859
Tunisia,TUN,1999,2.09,2.09,False,-0.9886980322625479,0.14951710981280553
Tunisia,TUN,2000,2.08,2.08,False,-0.993621057493632,0.14832478836294266
Tunisia,TUN,2001,2.05,2.05,False,-1.0083901331868845,0.14474782401335398
Tunisia,TUN,2002,2.0,2.0,False,-1.0330052593423054,0.1387862167640396
Tunisia,TUN,2003,2.06,2.06,False,-1.0034671079558004,0.1459401454632169
Tunisia,TUN,2004,2.02,2.02,False,-1.023159208880137,0.14117085966376536
Tunisia,TUN,2005,2.04,2.04,False,-1.0133131584179687,0.14355550256349114
Tunisia,TUN,2006,2.03,2.03,False,-1.018236183649053,0.14236318111362822
Tunisia,TUN,2007,2.04,2.04,False,-1.0133131584179687,0.14355550256349114
Tunisia,TUN,2008,2.06,2.06,False,-1.0034671079558004,0.1459401454632169
Tunisia,TUN,2009,2.05,2.05,False,-1.0083901331868845,0.14474782401335398
Tunisia,TUN,2010,2.13,2.13,False,-0.9690059313382113,0.15428639561225707
Tunisia,TUN,2011,2.13,2.13,False,-0.9690059313382113,0.15428639561225707
Turkey,TUR,1960,6.303,6.303,False,1.0853724975932062,0.6518421366400381
Turkey,TUR,1961,6.2410000000000005,6.2410000000000005,False,1.054849741160485,0.6444497436508883
Turkey,TUR,1962,6.175,6.175,False,1.022357774635329,0.6365804220817931
Turkey,TUR,1963,6.104,6.104,False,0.9874042954946317,0.6281149397877667
Turkey,TUR,1964,6.029,6.029,False,0.9504816062615005,0.619172528913795
Turkey,TUR,1965,5.9510000000000005,5.9510000000000005,False,0.9120820094590443,0.6098724216048647
Turkey,TUR,1966,5.874,5.874,False,0.8741747151796959,0.6006915464409204
Turkey,TUR,1967,5.7970000000000015,5.7970000000000015,False,0.8362674209003488,0.5915106712769764
Turkey,TUR,1968,5.721,5.721,False,0.7988524291441086,0.5824490282580183
Turkey,TUR,1969,5.644,5.644,False,0.7609451348647606,0.5732681530940741
Turkey,TUR,1970,5.563,5.563,False,0.7210686304929788,0.5636103493501847
Turkey,TUR,1971,5.475,5.475,False,0.6777460084594381,0.5531179205913913
Turkey,TUR,1972,5.375,5.375,False,0.6285157561485968,0.5411947060927625
Turkey,TUR,1973,5.263,5.263,False,0.5733778735604542,0.5278407058542982
Turkey,TUR,1974,5.14,5.14,False,0.512824663218119,0.5131751520209847
Turkey,TUR,1975,5.008,5.008,False,0.44784073016780834,0.4974365088827947
Turkey,TUR,1976,4.872,4.872,False,0.38088758702506376,0.4812209371646595
Turkey,TUR,1977,4.738,4.738,False,0.3149190489285364,0.465243829736497
Turkey,TUR,1978,4.6080000000000005,4.6080000000000005,False,0.2509197209244424,0.44974365088827956
Turkey,TUR,1979,4.4830000000000005,4.4830000000000005,False,0.1893819055358905,0.4348396327649935
Turkey,TUR,1980,4.3610000000000015,4.3610000000000015,False,0.1293209977166643,0.42029331107666645
Turkey,TUR,1981,4.239,4.239,False,0.0692600898974368,0.4057469893883391
Turkey,TUR,1982,4.114,4.114,False,0.007722274508884873,0.390842971265053
Turkey,TUR,1983,3.982,3.982,False,-0.0572616585414258,0.375104328126863
Turkey,TUR,1984,3.844,3.844,False,-0.1251994067303873,0.3586502921187552
Turkey,TUR,1985,3.704,3.704,False,-0.1941217599655653,0.3419577918206749
Turkey,TUR,1986,3.563,3.563,False,-0.2635364157238519,0.3251460593776082
Turkey,TUR,1987,3.427,3.427,False,-0.3304895588665964,0.308930487659473
Turkey,TUR,1988,3.3,3.3,False,-0.39301197930136533,0.29378800524621435
Turkey,TUR,1989,3.1830000000000003,3.1830000000000003,False,-0.4506113745050497,0.27983784428281866
Turkey,TUR,1990,3.0780000000000003,3.0780000000000003,False,-0.5023031394314333,0.26731846905925843
Turkey,TUR,1991,2.987,2.987,False,-0.5471026690342992,0.25646834386550615
Turkey,TUR,1992,2.906,2.906,False,-0.5869791734060809,0.2468105401216168
Turkey,TUR,1993,2.835,2.835,False,-0.6219326525467784,0.23834505782759033
Turkey,TUR,1994,2.772,2.772,False,-0.6529477115026087,0.23083343269345413
Turkey,TUR,1995,2.715,2.715,False,-0.6810089553197883,0.22403720042923572
Turkey,TUR,1996,2.661,2.661,False,-0.7075932915676426,0.21759866459997615
Turkey,TUR,1997,2.609,2.609,False,-0.7331930227692803,0.21139859306068917
Turkey,TUR,1998,2.557,2.557,False,-0.7587927539709179,0.20519852152140217
Turkey,TUR,1999,2.506,2.506,False,-0.7839001826494472,0.19911768212710146
Turkey,TUR,2000,2.454,2.454,False,-0.8094999138510846,0.1929176105878145
Turkey,TUR,2001,2.404,2.404,False,-0.8341150400065055,0.18695600333850004
Turkey,TUR,2002,2.356,2.356,False,-0.8577455611157094,0.1812328603791582
Turkey,TUR,2003,2.311,2.311,False,-0.8798991746555881,0.17586741385477525
Turkey,TUR,2004,2.27,2.27,False,-0.9000835781030331,0.17097889591033744
Turkey,TUR,2005,2.234,2.234,False,-0.9178064689349361,0.16668653869083105
Turkey,TUR,2006,2.202,2.202,False,-0.9335601496744054,0.16287111005126984
Turkey,TUR,2007,2.173,2.173,False,-0.9478369228445493,0.15941337784666748
Turkey,TUR,2008,2.147,2.147,False,-0.9606367884453683,0.15631334207702394
Turkey,TUR,2009,2.123,2.123,False,-0.9724520489999701,0.15345177059735307
Turkey,TUR,2010,2.101,2.101,False,-0.9832827045083553,0.15082866340765472
Turkey,TUR,2011,2.08,2.08,False,-0.993621057493632,0.14832478836294266
Turkmenistan,TKM,1960,6.415,6.415,False,1.1405103801813488,0.6651961368785024
Turkmenistan,TKM,1961,6.537000000000001,6.537000000000001,False,1.2005712880005759,0.6797424585668297
Turkmenistan,TKM,1962,6.626,6.626,False,1.2443862125572247,0.6903541194706092
Turkmenistan,TKM,1963,6.6679999999999975,6.6679999999999975,False,1.2650629185277766,0.695361869560033
Turkmenistan,TKM,1964,6.662999999999999,6.662999999999999,False,1.2626014059122355,0.6947657088351018
Turkmenistan,TKM,1965,6.6160000000000005,6.6160000000000005,False,1.2394631873261406,0.6891617980207464
Turkmenistan,TKM,1966,6.545,6.545,False,1.2045097081854428,0.6806963157267198
Turkmenistan,TKM,1967,6.468999999999999,6.468999999999999,False,1.167094716429203,0.6716346727077619
Turkmenistan,TKM,1968,6.403,6.403,False,1.1346027499040476,0.6637653511386669
Turkmenistan,TKM,1969,6.35,6.35,False,1.1085107161793017,0.6574460474543936
Turkmenistan,TKM,1970,6.3020000000000005,6.3020000000000005,False,1.0848801950700981,0.6517229044950519
Turkmenistan,TKM,1971,6.249,6.249,False,1.0587881613453518,0.6454036008107785
Turkmenistan,TKM,1972,6.175,6.175,False,1.022357774635329,0.6365804220817931
Turkmenistan,TKM,1973,6.0710000000000015,6.0710000000000015,False,0.9711583122320546,0.6241802790032194
Turkmenistan,TKM,1974,5.939,5.939,False,0.9061743791817432,0.6084416358650292
Turkmenistan,TKM,1975,5.783,5.783,False,0.8293751855768304,0.5898414212471682
Turkmenistan,TKM,1976,5.612,5.612,False,0.7451914541252913,0.5694527244545129
Turkmenistan,TKM,1977,5.441,5.441,False,0.6610077226737521,0.5490640276618576
Turkmenistan,TKM,1978,5.279,5.279,False,0.5812547139301889,0.5297484201740789
Turkmenistan,TKM,1979,5.135,5.135,False,0.510363150602577,0.5125789912960533
Turkmenistan,TKM,1980,5.012,5.012,False,0.4498099402602418,0.49791343746273986
Turkmenistan,TKM,1981,4.915,4.915,False,0.4020565955187257,0.4863479193990699
Turkmenistan,TKM,1982,4.836,4.836,False,0.363164696193161,0.4769285799451532
Turkmenistan,TKM,1983,4.772,4.772,False,0.3316573347142224,0.46929772266603076
Turkmenistan,TKM,1984,4.718,4.718,False,0.3050729984663678,0.4628591868367712
Turkmenistan,TKM,1985,4.669,4.669,False,0.2809501748340553,0.457016811732443
Turkmenistan,TKM,1986,4.623,4.623,False,0.2583042587710685,0.4515321330630738
Turkmenistan,TKM,1987,4.572,4.572,False,0.23319683009253922,0.4454512936687731
Turkmenistan,TKM,1988,4.513,4.513,False,0.20415098122914263,0.4384165971145821
Turkmenistan,TKM,1989,4.44,4.44,False,0.16821289704222855,0.4297126505305831
Turkmenistan,TKM,1990,4.345,4.345,False,0.12144415734692877,0.41838559675688564
Turkmenistan,TKM,1991,4.222,4.222,False,0.06089094700459401,0.4037200429235722
Turkmenistan,TKM,1992,4.0710000000000015,4.0710000000000015,False,-0.01344673398477619,0.38571598903064286
Turkmenistan,TKM,1993,3.898,3.898,False,-0.09861507048253274,0.3650888279480148
Turkmenistan,TKM,1994,3.707,3.707,False,-0.1926448523962402,0.3423154882556337
Turkmenistan,TKM,1995,3.512,3.512,False,-0.28864384440238117,0.3190652199833075
Turkmenistan,TKM,1996,3.325,3.325,False,-0.38070441622365475,0.2967688088708716
Turkmenistan,TKM,1997,3.159,3.159,False,-0.46242663505965187,0.2769762728031477
Turkmenistan,TKM,1998,3.0210000000000004,3.0210000000000004,False,-0.5303643832486129,0.26052223679504
Turkmenistan,TKM,1999,2.914,2.914,False,-0.5830407532212135,0.24776439728150712
Turkmenistan,TKM,2000,2.837,2.837,False,-0.6209480475005614,0.23858352211756292
Turkmenistan,TKM,2001,2.783,2.783,False,-0.647532383748416,0.23214498628830332
Turkmenistan,TKM,2002,2.741,2.741,False,-0.6682090897189694,0.22713723619887924
Turkmenistan,TKM,2003,2.701,2.701,False,-0.687901190643306,0.2223679503994277
Turkmenistan,TKM,2004,2.66,2.66,False,-0.708085594090751,0.21747943245498988
Turkmenistan,TKM,2005,2.615,2.615,False,-0.7302392076306297,0.21211398593060693
Turkmenistan,TKM,2006,2.569,2.569,False,-0.7528851236936169,0.20662930726123763
Turkmenistan,TKM,2007,2.523,2.523,False,-0.775531039756604,0.20114462859186838
Turkmenistan,TKM,2008,2.482,2.482,False,-0.795715443204049,0.19625611064743056
Turkmenistan,TKM,2009,2.445,2.445,False,-0.8139306365590605,0.19184452128293786
Turkmenistan,TKM,2010,2.412,2.412,False,-0.8301766198216382,0.18790986049839037
Turkmenistan,TKM,2011,2.381,2.381,False,-0.8454379980379991,0.18421366400381542
Uganda,UGA,1960,6.999,6.999,False,1.4280150536766634,0.7348277095504947
Uganda,UGA,1961,7.019,7.019,False,1.4378611041388318,0.7372123524502205
Uganda,UGA,1962,7.04,7.04,False,1.4481994571241086,0.7397162274949326
Uganda,UGA,1963,7.06,7.06,False,1.4580455075862766,0.7421008703946583
Uganda,UGA,1964,7.077999999999999,7.077999999999999,False,1.466906953002228,0.7442470490044114
Uganda,UGA,1965,7.093999999999999,7.093999999999999,False,1.4747837933719625,0.7461547633241921
Uganda,UGA,1966,7.106,7.106,False,1.4806914236492639,0.7475855490640275
Uganda,UGA,1967,7.113,7.113,False,1.484137541311023,0.7484201740789317
Uganda,UGA,1968,7.117000000000001,7.117000000000001,False,1.486106751403457,0.7488971026588769
Uganda,UGA,1969,7.117999999999999,7.117999999999999,False,1.4865990539265646,0.749016334803863
Uganda,UGA,1970,7.115,7.115,False,1.4851221463572397,0.7486586383689042
Uganda,UGA,1971,7.1110000000000015,7.1110000000000015,False,1.4831529362648068,0.7481817097889593
Uganda,UGA,1972,7.107,7.107,False,1.4811837261723724,0.7477047812090138
Uganda,UGA,1973,7.103,7.103,False,1.4792145160799386,0.7472278526290687
Uganda,UGA,1974,7.1,7.1,False,1.4777376085106133,0.7468701561941098
Uganda,UGA,1975,7.099,7.099,False,1.477245305987505,0.7467509240491236
Uganda,UGA,1976,7.099,7.099,False,1.477245305987505,0.7467509240491236
Uganda,UGA,1977,7.099,7.099,False,1.477245305987505,0.7467509240491236
Uganda,UGA,1978,7.099,7.099,False,1.477245305987505,0.7467509240491236
Uganda,UGA,1979,7.1,7.1,False,1.4777376085106133,0.7468701561941098
Uganda,UGA,1980,7.1,7.1,False,1.4777376085106133,0.7468701561941098
Uganda,UGA,1981,7.101,7.101,False,1.4782299110337218,0.7469893883390961
Uganda,UGA,1982,7.101,7.101,False,1.4782299110337218,0.7469893883390961
Uganda,UGA,1983,7.102,7.102,False,1.4787222135568303,0.7471086204840824
Uganda,UGA,1984,7.103,7.103,False,1.4792145160799386,0.7472278526290687
Uganda,UGA,1985,7.103,7.103,False,1.4792145160799386,0.7472278526290687
Uganda,UGA,1986,7.103,7.103,False,1.4792145160799386,0.7472278526290687
Uganda,UGA,1987,7.102,7.102,False,1.4787222135568303,0.7471086204840824
Uganda,UGA,1988,7.1,7.1,False,1.4777376085106133,0.7468701561941098
Uganda,UGA,1989,7.097,7.097,False,1.4762607009412883,0.746512459759151
Uganda,UGA,1990,7.091,7.091,False,1.4733068858026377,0.7457970668892333
Uganda,UGA,1991,7.0820000000000025,7.0820000000000025,False,1.4688761630946632,0.7447239775843569
Uganda,UGA,1992,7.0710000000000015,7.0710000000000015,False,1.4634608353404701,0.7434124239895077
Uganda,UGA,1993,7.057,7.057,False,1.4565686000169518,0.7417431739596995
Uganda,UGA,1994,7.039,7.039,False,1.4477071546009999,0.7395969953499463
Uganda,UGA,1995,7.018,7.018,False,1.4373688016157233,0.7370931203052342
Uganda,UGA,1996,6.994,6.994,False,1.4255535410611213,0.7342315488255633
Uganda,UGA,1997,6.9670000000000005,6.9670000000000005,False,1.4122613729371944,0.7310122809109336
Uganda,UGA,1998,6.937,6.937,False,1.3974922972439419,0.7274353165613449
Uganda,UGA,1999,6.903,6.903,False,1.3807540114582553,0.723381423631811
Uganda,UGA,2000,6.865,6.865,False,1.3620465155801358,0.7188506021223321
Uganda,UGA,2001,6.822,6.822,False,1.340877507086474,0.7137236198879218
Uganda,UGA,2002,6.772,6.772,False,1.3162623809310532,0.7077620126386073
Uganda,UGA,2003,6.716,6.716,False,1.288693439636982,0.7010850125193752
Uganda,UGA,2004,6.653,6.653,False,1.2576783806811516,0.6935733873852389
Uganda,UGA,2005,6.5829999999999975,6.5829999999999975,False,1.2232172040635614,0.6852271372361985
Uganda,UGA,2006,6.5070000000000014,6.5070000000000014,False,1.1858022123073237,0.676165494217241
Uganda,UGA,2007,6.425,6.425,False,1.1454334054124329,0.6663884583283652
Uganda,UGA,2008,6.337999999999999,6.337999999999999,False,1.1026030859020004,0.656015261714558
Uganda,UGA,2009,6.2479999999999976,6.2479999999999976,False,1.0582958588222422,0.645284368665792
Uganda,UGA,2010,6.155,6.155,False,1.012511724173161,0.6341957791820675
Uganda,UGA,2011,6.06,6.06,False,0.9657429844778611,0.62286872540837
Ukraine,UKR,1960,2.24,2.24,False,-0.9148526537962854,0.1674019315607488
Ukraine,UKR,1961,2.17,2.17,False,-0.9493138304138747,0.1590556814117086
Ukraine,UKR,1962,2.14,2.14,False,-0.9640829061071271,0.15547871706211996
Ukraine,UKR,1963,2.06,2.06,False,-1.0034671079558004,0.1459401454632169
Ukraine,UKR,1964,1.96,1.96,False,-1.0526973602666418,0.13401693096458805
Ukraine,UKR,1965,1.99,1.99,False,-1.0379282845733893,0.13759389531417668
Ukraine,UKR,1966,2.02,2.02,False,-1.023159208880137,0.14117085966376536
Ukraine,UKR,1967,2.01,2.01,False,-1.0280822341112212,0.13997853821390246
Ukraine,UKR,1968,1.998,1.998,False,-1.033989864388522,0.138547752474067
Ukraine,UKR,1969,2.04,2.04,False,-1.0133131584179687,0.14355550256349114
Ukraine,UKR,1970,2.09,2.09,False,-0.9886980322625479,0.14951710981280553
Ukraine,UKR,1971,2.12,2.12,False,-0.9739289565692953,0.1530940741623942
Ukraine,UKR,1972,2.08,2.08,False,-0.993621057493632,0.14832478836294266
Ukraine,UKR,1973,2.04,2.04,False,-1.0133131584179687,0.14355550256349114
Ukraine,UKR,1974,2.04,2.04,False,-1.0133131584179687,0.14355550256349114
Ukraine,UKR,1975,2.02,2.02,False,-1.023159208880137,0.14117085966376536
Ukraine,UKR,1976,1.99,1.99,False,-1.0379282845733893,0.13759389531417668
Ukraine,UKR,1977,1.94,1.94,False,-1.0625434107288103,0.1316322880648623
Ukraine,UKR,1978,1.96,1.96,False,-1.0526973602666418,0.13401693096458805
Ukraine,UKR,1979,1.96,1.96,False,-1.0526973602666418,0.13401693096458805
Ukraine,UKR,1980,1.95,1.95,False,-1.057620385497726,0.13282460951472516
Ukraine,UKR,1981,1.93,1.93,False,-1.0674664359598944,0.13043996661499938
Ukraine,UKR,1982,1.98,1.98,False,-1.0428513098044736,0.1364015738643138
Ukraine,UKR,1983,2.08,2.08,False,-0.993621057493632,0.14832478836294266
Ukraine,UKR,1984,2.09,2.09,False,-0.9886980322625479,0.14951710981280553
Ukraine,UKR,1985,2.06,2.06,False,-1.0034671079558004,0.1459401454632169
Ukraine,UKR,1986,2.08,2.08,False,-0.993621057493632,0.14832478836294266
Ukraine,UKR,1987,2.05,2.05,False,-1.0083901331868845,0.14474782401335398
Ukraine,UKR,1988,2.02,2.02,False,-1.023159208880137,0.14117085966376536
Ukraine,UKR,1989,1.92,1.92,False,-1.0723894611909786,0.1292476451651365
Ukraine,UKR,1990,1.848,1.848,False,-1.1078352428547844,0.12066293072612376
Ukraine,UKR,1991,1.81,1.81,False,-1.1265427387329041,0.11613210921664481
Ukraine,UKR,1992,1.72,1.72,False,-1.1708499658126617,0.10540121616787886
Ukraine,UKR,1993,1.6,1.6,False,-1.2299262685856713,0.09109335876952428
Ukraine,UKR,1994,1.5,1.5,False,-1.279156520896513,0.07917014427089543
Ukraine,UKR,1995,1.4,1.4,False,-1.3283867732073547,0.0672469297722666
Ukraine,UKR,1996,1.3,1.3,False,-1.377617025518196,0.05532371527363778
Ukraine,UKR,1997,1.3,1.3,False,-1.377617025518196,0.05532371527363778
Ukraine,UKR,1998,1.2,1.2,False,-1.4268472778290375,0.04340050077500894
Ukraine,UKR,1999,1.2,1.2,False,-1.4268472778290375,0.04340050077500894
Ukraine,UKR,2000,1.1,1.1,False,-1.4760775301398792,0.03147728627638013
Ukraine,UKR,2001,1.1,1.1,False,-1.4760775301398792,0.03147728627638013
Ukraine,UKR,2002,1.1,1.1,False,-1.4760775301398792,0.03147728627638013
Ukraine,UKR,2003,1.2,1.2,False,-1.4268472778290375,0.04340050077500894
Ukraine,UKR,2004,1.2,1.2,False,-1.4268472778290375,0.04340050077500894
Ukraine,UKR,2005,1.2,1.2,False,-1.4268472778290375,0.04340050077500894
Ukraine,UKR,2006,1.31,1.31,False,-1.372694000287112,0.05651603672350066
Ukraine,UKR,2007,1.345,1.345,False,-1.3554634119783175,0.060689161798020745
Ukraine,UKR,2008,1.39,1.39,False,-1.3333097984384388,0.06605460832240372
Ukraine,UKR,2009,1.46,1.46,False,-1.2988486218208497,0.0744008584714439
Ukraine,UKR,2010,1.445,1.445,False,-1.3062331596674757,0.07261237629664959
Ukraine,UKR,2011,1.459,1.459,False,-1.299340924343958,0.07428162632645763
United Arab Emirates,ARE,1960,6.928,6.928,False,1.393061574535966,0.7263622272564683
United Arab Emirates,ARE,1961,6.91,6.91,False,1.3842001291200146,0.7242160486467151
United Arab Emirates,ARE,1962,6.893,6.893,False,1.3758309862271714,0.7221891021819482
United Arab Emirates,ARE,1963,6.877000000000002,6.877000000000002,False,1.3679541458574376,0.7202813878621678
United Arab Emirates,ARE,1964,6.8610000000000015,6.8610000000000015,False,1.360077305487703,0.7183736735423871
United Arab Emirates,ARE,1965,6.841,6.841,False,1.350231255025534,0.7159890306426612
United Arab Emirates,ARE,1966,6.816,6.816,False,1.3379236919478232,0.7130082270180039
United Arab Emirates,ARE,1967,6.783,6.783,False,1.3216777086852458,0.7090735662334565
United Arab Emirates,ARE,1968,6.738,6.738,False,1.2995240951453673,0.7037081197090735
United Arab Emirates,ARE,1969,6.678999999999999,6.678999999999999,False,1.2704782462819701,0.6966734231548825
United Arab Emirates,ARE,1970,6.605,6.605,False,1.234047859571948,0.6878502444258972
United Arab Emirates,ARE,1971,6.5120000000000005,6.5120000000000005,False,1.1882637249228654,0.6767616549421724
United Arab Emirates,ARE,1972,6.402,6.402,False,1.1341104473809396,0.6636461189936806
United Arab Emirates,ARE,1973,6.279,6.279,False,1.0735572370386044,0.6489805651603672
United Arab Emirates,ARE,1974,6.146,6.146,False,1.008081001465185,0.6331226898771908
United Arab Emirates,ARE,1975,6.009,6.009,False,0.9406355557993323,0.6167878860140694
United Arab Emirates,ARE,1976,5.8729999999999976,5.8729999999999976,False,0.8736824126565864,0.6005723142959338
United Arab Emirates,ARE,1977,5.744,5.744,False,0.810175387175602,0.5851913675927028
United Arab Emirates,ARE,1978,5.624,5.624,False,0.7510990844025921,0.5708835101943482
United Arab Emirates,ARE,1979,5.517,5.517,False,0.6984227144299919,0.5581256706808155
United Arab Emirates,ARE,1980,5.422999999999999,5.422999999999999,False,0.6521462772578003,0.5469178490521043
United Arab Emirates,ARE,1981,5.343999999999999,5.343999999999999,False,0.6132543779322356,0.5374985095981876
United Arab Emirates,ARE,1982,5.274,5.274,False,0.5787932013146468,0.5291522594491475
United Arab Emirates,ARE,1983,5.209,5.209,False,0.5467935373125996,0.5214021700250386
United Arab Emirates,ARE,1984,5.141,5.141,False,0.5133169657412275,0.5132943841659711
United Arab Emirates,ARE,1985,5.065,5.065,False,0.4759019739849882,0.5042327411470132
United Arab Emirates,ARE,1986,4.973,4.973,False,0.4306101418590137,0.4932633838082746
United Arab Emirates,ARE,1987,4.86,4.86,False,0.374979956747763,0.4797901514248241
United Arab Emirates,ARE,1988,4.724,4.724,False,0.30802681360501843,0.4635745797066889
United Arab Emirates,ARE,1989,4.566,4.566,False,0.23024301495388863,0.44473590079885533
United Arab Emirates,ARE,1990,4.388,4.388,False,0.14261316584059072,0.423512578991296
United Arab Emirates,ARE,1991,4.1930000000000005,4.1930000000000005,False,0.04661417383445,0.4002623107189699
United Arab Emirates,ARE,1992,3.989,3.989,False,-0.053815540879667056,0.375938953141767
United Arab Emirates,ARE,1993,3.784,3.784,False,-0.15473755811689224,0.3514963634195779
United Arab Emirates,ARE,1994,3.583,3.583,False,-0.2536903652616836,0.327530702277334
United Arab Emirates,ARE,1995,3.393,3.393,False,-0.3472278446522827,0.30487659472993917
United Arab Emirates,ARE,1996,3.215,3.215,False,-0.4348576937655806,0.28365327292237985
United Arab Emirates,ARE,1997,3.052,3.052,False,-0.5151030050322523,0.26421843328961486
United Arab Emirates,ARE,1998,2.902,2.902,False,-0.5889483834985145,0.24633361154167166
United Arab Emirates,ARE,1999,2.766,2.766,False,-0.655901526641259,0.23011803982353643
United Arab Emirates,ARE,2000,2.644,2.644,False,-0.7159624344604857,0.21557171813520928
United Arab Emirates,ARE,2001,2.532,2.532,False,-0.7711003170486282,0.20221771789674498
United Arab Emirates,ARE,2002,2.428,2.428,False,-0.8222997794519035,0.189817574818171
United Arab Emirates,ARE,2003,2.329,2.329,False,-0.8710377292396365,0.17801359246452847
United Arab Emirates,ARE,2004,2.236,2.236,False,-0.9168218638887191,0.16692500298080365
United Arab Emirates,ARE,2005,2.149,2.149,False,-0.9596521833991514,0.15655180636699656
United Arab Emirates,ARE,2006,2.071,2.071,False,-0.9980517802016077,0.1472516990580661
United Arab Emirates,ARE,2007,2.004,2.004,False,-1.0310360492498716,0.13926314534398476
United Arab Emirates,ARE,2008,1.948,1.948,False,-1.058604990543943,0.1325861452247526
United Arab Emirates,ARE,2009,1.903,1.903,False,-1.0807586040838215,0.12722069870036964
United Arab Emirates,ARE,2010,1.868,1.868,False,-1.097989192392616,0.12304757362584953
United Arab Emirates,ARE,2011,1.841,1.841,False,-1.1112813605165432,0.11982830571121973
United Kingdom,GBR,1960,2.692,2.692,False,-0.6923319133512817,0.22129486109455113
United Kingdom,GBR,1961,2.784,2.784,False,-0.6470400812253077,0.2322642184332896
United Kingdom,GBR,1962,2.859,2.859,False,-0.6101173919921764,0.24120662930726125
United Kingdom,GBR,1963,2.881,2.881,False,-0.5992867364837914,0.24382973649695955
United Kingdom,GBR,1964,2.934,2.934,False,-0.5731947027590452,0.2501490401812329
United Kingdom,GBR,1965,2.863,2.863,False,-0.6081481818997427,0.24168355788720638
United Kingdom,GBR,1966,2.783,2.783,False,-0.647532383748416,0.23214498628830332
United Kingdom,GBR,1967,2.679,2.679,False,-0.6987318461516913,0.21974484320972934
United Kingdom,GBR,1968,2.604,2.604,False,-0.7356545353848223,0.21080243233575774
United Kingdom,GBR,1969,2.507,2.507,False,-0.7834078801263386,0.19923691427208778
United Kingdom,GBR,1970,2.437,2.437,False,-0.8178690567439278,0.19089066412304756
United Kingdom,GBR,1971,2.408,2.408,False,-0.8321458299140718,0.1874329319184452
United Kingdom,GBR,1972,2.204,2.204,False,-0.9325755446281885,0.16310957434124243
United Kingdom,GBR,1973,2.036,2.036,False,-1.0152823685104022,0.14307857398354598
United Kingdom,GBR,1974,1.92,1.92,False,-1.0723894611909786,0.1292476451651365
United Kingdom,GBR,1975,1.81,1.81,False,-1.1265427387329041,0.11613210921664481
United Kingdom,GBR,1976,1.74,1.74,False,-1.1610039153504932,0.10778585906760463
United Kingdom,GBR,1977,1.69,1.69,False,-1.185619041505914,0.1018242518182902
United Kingdom,GBR,1978,1.75,1.75,False,-1.156080890119409,0.10897818051746751
United Kingdom,GBR,1979,1.86,1.86,False,-1.1019276125774833,0.12209371646595922
United Kingdom,GBR,1980,1.89,1.89,False,-1.0871585368842311,0.12567068081554783
United Kingdom,GBR,1981,1.81,1.81,False,-1.1265427387329041,0.11613210921664481
United Kingdom,GBR,1982,1.78,1.78,False,-1.1413118144261565,0.11255514486705616
United Kingdom,GBR,1983,1.77,1.77,False,-1.1462348396572408,0.11136282341719328
United Kingdom,GBR,1984,1.77,1.77,False,-1.1462348396572408,0.11136282341719328
United Kingdom,GBR,1985,1.8,1.8,False,-1.1314657639639885,0.11493978776678193
United Kingdom,GBR,1986,1.78,1.78,False,-1.1413118144261565,0.11255514486705616
United Kingdom,GBR,1987,1.82,1.82,False,-1.12161971350182,0.11732443066650769
United Kingdom,GBR,1988,1.83,1.83,False,-1.1166966882707359,0.11851675211637058
United Kingdom,GBR,1989,1.8,1.8,False,-1.1314657639639885,0.11493978776678193
United Kingdom,GBR,1990,1.83,1.83,False,-1.1166966882707359,0.11851675211637058
United Kingdom,GBR,1991,1.82,1.82,False,-1.12161971350182,0.11732443066650769
United Kingdom,GBR,1992,1.79,1.79,False,-1.1363887891950726,0.11374746631691904
United Kingdom,GBR,1993,1.82,1.82,False,-1.12161971350182,0.11732443066650769
United Kingdom,GBR,1994,1.74,1.74,False,-1.1610039153504932,0.10778585906760463
United Kingdom,GBR,1995,1.71,1.71,False,-1.1757729910437458,0.10420889471801598
United Kingdom,GBR,1996,1.72,1.72,False,-1.1708499658126617,0.10540121616787886
United Kingdom,GBR,1997,1.72,1.72,False,-1.1708499658126617,0.10540121616787886
United Kingdom,GBR,1998,1.71,1.71,False,-1.1757729910437458,0.10420889471801598
United Kingdom,GBR,1999,1.68,1.68,False,-1.1905420667369984,0.10063193036842732
United Kingdom,GBR,2000,1.64,1.64,False,-1.210234167661335,0.09586264456897578
United Kingdom,GBR,2001,1.63,1.63,False,-1.215157192892419,0.0946703231191129
United Kingdom,GBR,2002,1.64,1.64,False,-1.210234167661335,0.09586264456897578
United Kingdom,GBR,2003,1.71,1.71,False,-1.1757729910437458,0.10420889471801598
United Kingdom,GBR,2004,1.77,1.77,False,-1.1462348396572408,0.11136282341719328
United Kingdom,GBR,2005,1.78,1.78,False,-1.1413118144261565,0.11255514486705616
United Kingdom,GBR,2006,1.84,1.84,False,-1.1117736630396517,0.11970907356623345
United Kingdom,GBR,2007,1.9,1.9,False,-1.0822355116531468,0.12686300226541075
United Kingdom,GBR,2008,1.96,1.96,False,-1.0526973602666418,0.13401693096458805
United Kingdom,GBR,2009,1.94,1.94,False,-1.0625434107288103,0.1316322880648623
United Kingdom,GBR,2010,1.98,1.98,False,-1.0428513098044736,0.1364015738643138
United Kingdom,GBR,2011,1.98,1.98,False,-1.0428513098044736,0.1364015738643138
United States,USA,1960,3.654,3.654,False,-0.2187368861209862,0.33599618457136043
United States,USA,1961,3.62,3.62,False,-0.23547517190667225,0.33194229164182665
United States,USA,1962,3.4610000000000003,3.4610000000000003,False,-0.3137512730809102,0.31298438058900685
United States,USA,1963,3.319,3.319,False,-0.38365823136230537,0.29605341600095386
United States,USA,1964,3.19,3.19,False,-0.44716525684329095,0.28067246929772266
United States,USA,1965,2.9130000000000003,2.9130000000000003,False,-0.5835330557443219,0.24764516513652085
United States,USA,1966,2.721,2.721,False,-0.6780551401811377,0.22475259329915348
United States,USA,1967,2.5580000000000003,2.5580000000000003,False,-0.7583004514478093,0.2053177536663885
United States,USA,1968,2.464,2.464,False,-0.8045768886200005,0.19410993203767737
United States,USA,1969,2.456,2.456,False,-0.8085153088048679,0.19315607487778705
United States,USA,1970,2.48,2.48,False,-0.7967000482502659,0.19601764635745797
United States,USA,1971,2.266,2.266,False,-0.9020527881954667,0.17050196733039227
United States,USA,1972,2.01,2.01,False,-1.0280822341112212,0.13997853821390246
United States,USA,1973,1.879,1.879,False,-1.0925738646384235,0.12435912722069871
United States,USA,1974,1.835,1.835,False,-1.1142351756551938,0.119112912841302
United States,USA,1975,1.774,1.774,False,-1.1442656295648073,0.11183975199713843
United States,USA,1976,1.7380000000000002,1.7380000000000002,False,-1.16198852039671,0.10754739477763207
United States,USA,1977,1.79,1.79,False,-1.1363887891950726,0.11374746631691904
United States,USA,1978,1.76,1.76,False,-1.1511578648883252,0.11017050196733039
United States,USA,1979,1.808,1.808,False,-1.1275273437791211,0.11589364492667223
United States,USA,1980,1.839,1.839,False,-1.1122659655627603,0.11958984142124718
United States,USA,1981,1.812,1.812,False,-1.1255581336866873,0.11637057350661739
United States,USA,1982,1.827,1.827,False,-1.1181735958400612,0.1181590556814117
United States,USA,1983,1.7990000000000002,1.7990000000000002,False,-1.1319580664870965,0.11482055562179565
United States,USA,1984,1.806,1.806,False,-1.128511948825338,0.11565518063669966
United States,USA,1985,1.844,1.844,False,-1.109804452947218,0.12018600214617861
United States,USA,1986,1.837,1.837,False,-1.113250570608977,0.11935137713127457
United States,USA,1987,1.872,1.872,False,-1.0960199823001826,0.12352450220579468
United States,USA,1988,1.934,1.934,False,-1.0654972258674607,0.13091689519494454
United States,USA,1989,2.014,2.014,False,-1.0261130240187875,0.1404554667938476
United States,USA,1990,2.081,2.081,False,-0.9931287549705237,0.14844402050792893
United States,USA,1991,2.062,2.062,False,-1.0024825029095836,0.14617860975318944
United States,USA,1992,2.046,2.046,False,-1.0103593432793183,0.14427089543340885
United States,USA,1993,2.019,2.019,False,-1.0236515114032454,0.1410516275187791
United States,USA,1994,2.002,2.002,False,-1.0320206542960886,0.13902468105401214
United States,USA,1995,1.978,1.978,False,-1.0438359148506906,0.13616310957434122
United States,USA,1996,1.976,1.976,False,-1.0448205198969072,0.13592464528436868
United States,USA,1997,1.971,1.971,False,-1.0472820325124492,0.13532848455943725
United States,USA,1998,1.999,1.999,False,-1.0334975618654136,0.13866698461905333
United States,USA,1999,2.007,2.007,False,-1.0295591416805463,0.13962084177894363
United States,USA,2000,2.056,2.056,False,-1.005436318048234,0.14546321688327174
United States,USA,2001,2.0340000000000003,2.0340000000000003,False,-1.016266973556619,0.1428401096935734
United States,USA,2002,2.013,2.013,False,-1.026605326541896,0.14033623464886133
United States,USA,2003,2.042,2.042,False,-1.0123285533717519,0.14379396685346368
United States,USA,2004,2.045,2.045,False,-1.0108516458024266,0.14415166328842255
United States,USA,2005,2.0540000000000003,2.0540000000000003,False,-1.0064209230944507,0.1452247525932992
United States,USA,2006,2.1,2.1,False,-0.9837750070314637,0.15070943126266845
United States,USA,2007,2.122,2.122,False,-0.9729443515230787,0.15333253845236675
United States,USA,2008,2.084,2.084,False,-0.9916518474011984,0.14880171694288782
United States,USA,2009,2.001,2.001,False,-1.0325129568191969,0.13890544890902587
United States,USA,2010,1.931,1.931,False,-1.066974133436786,0.1305591987599857
United States,USA,2011,1.895,1.895,False,-1.0846970242686889,0.12626684154047932
Uruguay,URY,1960,2.881,2.881,False,-0.5992867364837914,0.24382973649695955
Uruguay,URY,1961,2.887,2.887,False,-0.5963329213451408,0.2445451293668773
Uruguay,URY,1962,2.885,2.885,False,-0.5973175263913577,0.2443066650769047
Uruguay,URY,1963,2.874,2.874,False,-0.6027328541455501,0.24299511148205558
Uruguay,URY,1964,2.858,2.858,False,-0.6106096945152848,0.24108739716227495
Uruguay,URY,1965,2.841,2.841,False,-0.6189788374081278,0.2390604506975081
Uruguay,URY,1966,2.8310000000000004,2.8310000000000004,False,-0.6239018626392119,0.23786812924764522
Uruguay,URY,1967,2.8310000000000004,2.8310000000000004,False,-0.6239018626392119,0.23786812924764522
Uruguay,URY,1968,2.844,2.844,False,-0.6175019298388027,0.2394181471324669
Uruguay,URY,1969,2.869,2.869,False,-0.6051943667610922,0.24239895075712414
Uruguay,URY,1970,2.902,2.902,False,-0.5889483834985145,0.24633361154167166
Uruguay,URY,1971,2.938,2.938,False,-0.5712254926666115,0.25062596876117804
Uruguay,URY,1972,2.969,2.969,False,-0.5559641144502508,0.25432216525575296
Uruguay,URY,1973,2.988,2.988,False,-0.5466103665111909,0.2565875760104924
Uruguay,URY,1974,2.9930000000000003,2.9930000000000003,False,-0.5441488538956486,0.25718373673542394
Uruguay,URY,1975,2.9810000000000003,2.9810000000000003,False,-0.5500564841729496,0.2557529509955885
Uruguay,URY,1976,2.951,2.951,False,-0.5648255598662022,0.2521759866459998
Uruguay,URY,1977,2.905,2.905,False,-0.5874714759291895,0.24669130797663047
Uruguay,URY,1978,2.849,2.849,False,-0.6150404172232605,0.24001430785739838
Uruguay,URY,1979,2.787,2.787,False,-0.6455631736559824,0.23262191486824849
Uruguay,URY,1980,2.724,2.724,False,-0.6765782326118124,0.22511028973411235
Uruguay,URY,1981,2.665,2.665,False,-0.705624081475209,0.2180755931799213
Uruguay,URY,1982,2.614,2.614,False,-0.7307315101537383,0.2119947537856206
Uruguay,URY,1983,2.574,2.574,False,-0.7504236110780749,0.20722546798616906
Uruguay,URY,1984,2.546,2.546,False,-0.7642080817251106,0.20388696792655298
Uruguay,URY,1985,2.53,2.53,False,-0.7720849220948452,0.20197925360677238
Uruguay,URY,1986,2.523,2.523,False,-0.775531039756604,0.20114462859186838
Uruguay,URY,1987,2.523,2.523,False,-0.775531039756604,0.20114462859186838
Uruguay,URY,1988,2.524,2.524,False,-0.7750387372334956,0.20126386073685468
Uruguay,URY,1989,2.523,2.523,False,-0.775531039756604,0.20114462859186838
Uruguay,URY,1990,2.518,2.518,False,-0.7779925523721462,0.20054846786693692
Uruguay,URY,1991,2.506,2.506,False,-0.7839001826494472,0.19911768212710146
Uruguay,URY,1992,2.487,2.487,False,-0.7932539305885069,0.196852271372362
Uruguay,URY,1993,2.463,2.463,False,-0.8050691911431089,0.19399069989269108
Uruguay,URY,1994,2.432,2.432,False,-0.8203305693594698,0.19029450339811613
Uruguay,URY,1995,2.398,2.398,False,-0.8370688551451558,0.18624061046858234
Uruguay,URY,1996,2.362,2.362,False,-0.8547917459770589,0.18194825324907596
Uruguay,URY,1997,2.327,2.327,False,-0.8720223342858534,0.17777512817455587
Uruguay,URY,1998,2.295,2.295,False,-0.8877760150253228,0.17395969953499463
Uruguay,URY,1999,2.267,2.267,False,-0.9015604856723584,0.17062119947537857
Uruguay,URY,2000,2.2430000000000003,2.2430000000000003,False,-0.9133757462269602,0.16775962799570768
Uruguay,URY,2001,2.2230000000000003,2.2230000000000003,False,-0.9232217966891285,0.16537498509598192
Uruguay,URY,2002,2.205,2.205,False,-0.9320832421050801,0.1632288064862287
Uruguay,URY,2003,2.188,2.188,False,-0.940452384997923,0.1612018600214618
Uruguay,URY,2004,2.171,2.171,False,-0.9488215278907663,0.15917491355669489
Uruguay,URY,2005,2.155,2.155,False,-0.956698368260501,0.15726719923691426
Uruguay,URY,2006,2.138,2.138,False,-0.965067511153344,0.15524025277214737
Uruguay,URY,2007,2.122,2.122,False,-0.9729443515230787,0.15333253845236675
Uruguay,URY,2008,2.107,2.107,False,-0.9803288893697047,0.15154405627757248
Uruguay,URY,2009,2.093,2.093,False,-0.9872211246932227,0.1498748062477644
Uruguay,URY,2010,2.08,2.08,False,-0.993621057493632,0.14832478836294266
Uruguay,URY,2011,2.068,2.068,False,-0.999528687770933,0.1468940026231072
Uzbekistan,UZB,1960,6.7070000000000025,6.7070000000000025,False,1.2842627169290073,0.7000119232144989
Uzbekistan,UZB,1961,6.755,6.755,False,1.30789323803821,0.7057350661738404
Uzbekistan,UZB,1962,6.783,6.783,False,1.3216777086852458,0.7090735662334565
Uzbekistan,UZB,1963,6.79,6.79,False,1.3251238263470047,0.7099081912483605
Uzbekistan,UZB,1964,6.777,6.777,False,1.3187238935465952,0.7083581733635388
Uzbekistan,UZB,1965,6.7479999999999976,6.7479999999999976,False,1.30444712037645,0.7049004411589361
Uzbekistan,UZB,1966,6.7070000000000025,6.7070000000000025,False,1.2842627169290073,0.7000119232144989
Uzbekistan,UZB,1967,6.66,6.66,False,1.2611244983429106,0.694408012400143
Uzbekistan,UZB,1968,6.608,6.608,False,1.2355247671412728,0.688207940860856
Uzbekistan,UZB,1969,6.5520000000000005,6.5520000000000005,False,1.207955825847202,0.6815309407416239
Uzbekistan,UZB,1970,6.492000000000001,6.492000000000001,False,1.1784176744606973,0.6743770120424467
Uzbekistan,UZB,1971,6.4220000000000015,6.4220000000000015,False,1.1439564978431085,0.6660307618934066
Uzbekistan,UZB,1972,6.337999999999999,6.337999999999999,False,1.1026030859020004,0.656015261714558
Uzbekistan,UZB,1973,6.237,6.237,False,1.052880531068051,0.6439728150709431
Uzbekistan,UZB,1974,6.119,6.119,False,0.9947888333412578,0.629903421962561
Uzbekistan,UZB,1975,5.983,5.983,False,0.9278356901985132,0.6136878502444257
Uzbekistan,UZB,1976,5.829,5.829,False,0.8520211016398173,0.5953260999165374
Uzbekistan,UZB,1977,5.66,5.66,False,0.7688219752344952,0.5751758674138547
Uzbekistan,UZB,1978,5.482,5.482,False,0.6811921261211973,0.5539525456062954
Uzbekistan,UZB,1979,5.3020000000000005,5.3020000000000005,False,0.5925776719616827,0.5324907595087636
Uzbekistan,UZB,1980,5.127000000000002,5.127000000000002,False,0.5064247304177105,0.5116251341361633
Uzbekistan,UZB,1981,4.968,4.968,False,0.4281486292434717,0.4926672230833432
Uzbekistan,UZB,1982,4.829,4.829,False,0.3597185785314018,0.47609395493024914
Uzbekistan,UZB,1983,4.711,4.711,False,0.3016268808046091,0.4620245618218672
Uzbekistan,UZB,1984,4.6160000000000005,4.6160000000000005,False,0.25485814110930977,0.4506975080481698
Uzbekistan,UZB,1985,4.539,4.539,False,0.21695084682996135,0.44151663288422555
Uzbekistan,UZB,1986,4.474,4.474,False,0.1849511828279146,0.43376654346011684
Uzbekistan,UZB,1987,4.5,4.5,False,0.19775104842873328,0.43686657922976035
Uzbekistan,UZB,1988,4.28,4.28,False,0.08944449334488201,0.41063550733277693
Uzbekistan,UZB,1989,4.178999999999999,4.178999999999999,False,0.03972193851093163,0.3985930606891617
Uzbekistan,UZB,1990,4.072,4.072,False,-0.012954431461668484,0.38583522117562896
Uzbekistan,UZB,1991,4.199,4.199,False,0.04956798897310016,0.40097770358888757
Uzbekistan,UZB,1992,4.004,4.004,False,-0.04643100303304098,0.3777274353165613
Uzbekistan,UZB,1993,3.8,3.8,False,-0.1468607177471576,0.3534040777393585
Uzbekistan,UZB,1994,3.537,3.537,False,-0.2763362813246708,0.3220460236079647
Uzbekistan,UZB,1995,3.596,3.596,False,-0.24729043246127422,0.3290807201621557
Uzbekistan,UZB,1996,3.32,3.32,False,-0.383165928839197,0.29617264814594013
Uzbekistan,UZB,1997,3.082,3.082,False,-0.5003339293389999,0.2677953976392035
Uzbekistan,UZB,1998,2.815,2.815,False,-0.6317787030089468,0.23596041492786454
Uzbekistan,UZB,1999,2.72,2.72,False,-0.678547442704246,0.22463336115416718
Uzbekistan,UZB,2000,2.58,2.58,False,-0.7474697959394243,0.20794086085608682
Uzbekistan,UZB,2001,2.46,2.46,False,-0.8065460987124342,0.1936330034577322
Uzbekistan,UZB,2002,2.52,2.52,False,-0.7770079473259293,0.20078693215690951
Uzbekistan,UZB,2003,2.36,2.36,False,-0.8557763510232758,0.18170978895910336
Uzbekistan,UZB,2004,2.46,2.46,False,-0.8065460987124342,0.1936330034577322
Uzbekistan,UZB,2005,2.36,2.36,False,-0.8557763510232758,0.18170978895910336
Uzbekistan,UZB,2006,2.39,2.39,False,-0.8410072753300232,0.18528675330869204
Uzbekistan,UZB,2007,2.55,2.55,False,-0.7622388716326769,0.20436389650649814
Uzbekistan,UZB,2008,2.64,2.64,False,-0.7179316445529194,0.21509478955526412
Uzbekistan,UZB,2009,2.53,2.53,False,-0.7720849220948452,0.20197925360677238
Uzbekistan,UZB,2010,2.499,2.499,False,-0.7873463003112059,0.19828305711219746
Uzbekistan,UZB,2011,2.499,2.499,False,-0.7873463003112059,0.19828305711219746
Vanuatu,VUT,1960,7.197,7.197,False,1.5254909532521297,0.7584356742577798
Vanuatu,VUT,1961,7.12,7.12,False,1.4875836589727818,0.7492547990938356
Vanuatu,VUT,1962,7.033,7.033,False,1.4447533394623497,0.7388816024800285
Vanuatu,VUT,1963,6.938,6.938,False,1.39798459976705,0.7275545487063311
Vanuatu,VUT,1964,6.836,6.836,False,1.347769742409992,0.7153928699177298
Vanuatu,VUT,1965,6.73,6.73,False,1.2955856749605,0.7027542625491833
Vanuatu,VUT,1966,6.626,6.626,False,1.2443862125572247,0.6903541194706092
Vanuatu,VUT,1967,6.526,6.526,False,1.1951559602463828,0.6784309049719803
Vanuatu,VUT,1968,6.433,6.433,False,1.1493718255973002,0.6673423154882555
Vanuatu,VUT,1969,6.348,6.348,False,1.107526111133085,0.6572075831644211
Vanuatu,VUT,1970,6.272,6.272,False,1.0701111193768456,0.6481459401454632
Vanuatu,VUT,1971,6.202000000000001,6.202000000000001,False,1.0356499427592567,0.6397996899964231
Vanuatu,VUT,1972,6.134,6.134,False,1.0021733711878842,0.6316919041373554
Vanuatu,VUT,1973,6.067,6.067,False,0.9691891021396204,0.6237033504232741
Vanuatu,VUT,1974,5.999,5.999,False,0.9357125305682479,0.6155955645642064
Vanuatu,VUT,1975,5.928999999999999,5.928999999999999,False,0.9012513539506586,0.6072493144151662
Vanuatu,VUT,1976,5.858,5.858,False,0.8662978748099612,0.5987838321211397
Vanuatu,VUT,1977,5.787000000000001,5.787000000000001,False,0.8313443956692643,0.5903183498271134
Vanuatu,VUT,1978,5.716,5.716,False,0.7963909165285665,0.5818528675330868
Vanuatu,VUT,1979,5.645,5.645,False,0.7614374373878687,0.5733873852390603
Vanuatu,VUT,1980,5.575,5.575,False,0.72697626077028,0.5650411350900202
Vanuatu,VUT,1981,5.502999999999999,5.502999999999999,False,0.6915304791064736,0.5564564206510073
Vanuatu,VUT,1982,5.43,5.43,False,0.6555923949195595,0.5477524740670083
Vanuatu,VUT,1983,5.356,5.356,False,0.6191620082095368,0.538929295338023
Vanuatu,VUT,1984,5.282,5.282,False,0.5827316214995142,0.5301061166090377
Vanuatu,VUT,1985,5.209,5.209,False,0.5467935373125996,0.5214021700250386
Vanuatu,VUT,1986,5.141,5.141,False,0.5133169657412275,0.5132943841659711
Vanuatu,VUT,1987,5.078,5.078,False,0.4823019067853975,0.505782759031835
Vanuatu,VUT,1988,5.022,5.022,False,0.45473296549132625,0.4991057589126028
Vanuatu,VUT,1989,4.971,4.971,False,0.42962553681279697,0.4930249195183021
Vanuatu,VUT,1990,4.927,4.927,False,0.4079642257960265,0.48777870513890537
Vanuatu,VUT,1991,4.887,4.887,False,0.3882721248716898,0.4830094193394538
Vanuatu,VUT,1992,4.85,4.85,False,0.3700569315166785,0.47859782997496114
Vanuatu,VUT,1993,4.814,4.814,False,0.35233404068477575,0.47430547275545487
Vanuatu,VUT,1994,4.775,4.775,False,0.3331342422835477,0.4696554191009897
Vanuatu,VUT,1995,4.73,4.73,False,0.31098062874366905,0.4642899725766067
Vanuatu,VUT,1996,4.677,4.677,False,0.2848885950189226,0.45797066889233334
Vanuatu,VUT,1997,4.614,4.614,False,0.2538735360630926,0.4504590437581972
Vanuatu,VUT,1998,4.542,4.542,False,0.21842775439928663,0.4418743293191844
Vanuatu,VUT,1999,4.459,4.459,False,0.17756664498128807,0.43197806128532246
Vanuatu,VUT,2000,4.368,4.368,False,0.13276711537842262,0.42112793609157034
Vanuatu,VUT,2001,4.268,4.268,False,0.0835368630675808,0.4092047215929414
Vanuatu,VUT,2002,4.162,4.162,False,0.03135279561808883,0.39656611422439486
Vanuatu,VUT,2003,4.056,4.056,False,-0.02083127183140314,0.38392750685584837
Vanuatu,VUT,2004,3.95,3.95,False,-0.07301533928089511,0.3712888994873018
Vanuatu,VUT,2005,3.851,3.851,False,-0.12175328906862834,0.3594849171336592
Vanuatu,VUT,2006,3.76,3.76,False,-0.16655281867149424,0.348634791939907
Vanuatu,VUT,2007,3.679,3.679,False,-0.20642932304327585,0.3389769881960176
Vanuatu,VUT,2008,3.608,3.608,False,-0.24138280218397323,0.3305115059019912
Vanuatu,VUT,2009,3.549,3.549,False,-0.2704286510473698,0.32347680934780015
Vanuatu,VUT,2010,3.499,3.499,False,-0.2950437772027905,0.31751520209848577
Vanuatu,VUT,2011,3.4560000000000004,3.4560000000000004,False,-0.3162127856964522,0.3123882198640754
"Venezuela, RB",VEN,1960,6.6160000000000005,6.6160000000000005,False,1.2394631873261406,0.6891617980207464
"Venezuela, RB",VEN,1961,6.6370000000000005,6.6370000000000005,False,1.2498015403114173,0.6916656730654585
"Venezuela, RB",VEN,1962,6.627999999999999,6.627999999999999,False,1.245370817603441,0.6905925837605816
"Venezuela, RB",VEN,1963,6.581,6.581,False,1.222232599017346,0.6849886729462262
"Venezuela, RB",VEN,1964,6.495,6.495,False,1.1798945820300222,0.6747347084774055
"Venezuela, RB",VEN,1965,6.367999999999999,6.367999999999999,False,1.117372161595253,0.6595922260641468
"Venezuela, RB",VEN,1966,6.202999999999999,6.202999999999999,False,1.0361422452823645,0.6399189221414092
"Venezuela, RB",VEN,1967,6.013999999999999,6.013999999999999,False,0.943097068414874,0.6173840467390007
"Venezuela, RB",VEN,1968,5.811,5.811,False,0.8431596562238659,0.5931799213067842
"Venezuela, RB",VEN,1969,5.605,5.605,False,0.7417453364635326,0.568618099439609
"Venezuela, RB",VEN,1970,5.404,5.404,False,0.6427925293187408,0.5446524382973649
"Venezuela, RB",VEN,1971,5.218999999999999,5.218999999999999,False,0.5517165625436837,0.5225944914749014
"Venezuela, RB",VEN,1972,5.053,5.053,False,0.469994343707687,0.5028019554071778
"Venezuela, RB",VEN,1973,4.905,4.905,False,0.3971335702876417,0.4851555979492071
"Venezuela, RB",VEN,1974,4.779,4.779,False,0.33510345237598116,0.47013234768093476
"Venezuela, RB",VEN,1975,4.67,4.67,False,0.2814424773571639,0.45713604387742934
"Venezuela, RB",VEN,1976,4.574,4.574,False,0.23418143513875594,0.44568975795874566
"Venezuela, RB",VEN,1977,4.4830000000000005,4.4830000000000005,False,0.1893819055358905,0.4348396327649935
"Venezuela, RB",VEN,1978,4.391,4.391,False,0.144090073409916,0.42387027542625494
"Venezuela, RB",VEN,1979,4.296,4.296,False,0.09732133371461667,0.4125432216525576
"Venezuela, RB",VEN,1980,4.199,4.199,False,0.04956798897310016,0.40097770358888757
"Venezuela, RB",VEN,1981,4.104,4.104,False,0.0027992492778008233,0.3896506498151902
"Venezuela, RB",VEN,1982,4.013999999999999,4.013999999999999,False,-0.04150797780195693,0.37891975676642414
"Venezuela, RB",VEN,1983,3.933,3.933,False,-0.08138448217373834,0.36926195302253484
"Venezuela, RB",VEN,1984,3.861,3.861,False,-0.11683026383754407,0.36067723858352213
"Venezuela, RB",VEN,1985,3.794,3.794,False,-0.14981453288580798,0.3526886848694408
"Venezuela, RB",VEN,1986,3.73,3.73,False,-0.1813218943647466,0.34505782759031833
"Venezuela, RB",VEN,1987,3.665,3.665,False,-0.2133215583667936,0.3373077381662096
"Venezuela, RB",VEN,1988,3.597,3.597,False,-0.24679812993816586,0.329199952307142
"Venezuela, RB",VEN,1989,3.524,3.524,False,-0.28273621412508015,0.32049600572314296
"Venezuela, RB",VEN,1990,3.448,3.448,False,-0.3201512058813198,0.31143436270418506
"Venezuela, RB",VEN,1991,3.37,3.37,False,-0.3585508026837761,0.30213425539525457
"Venezuela, RB",VEN,1992,3.292,3.292,False,-0.3969503994862326,0.2928341480863241
"Venezuela, RB",VEN,1993,3.218,3.218,False,-0.4333807861962553,0.2840109693573387
"Venezuela, RB",VEN,1994,3.147,3.147,False,-0.4683342653369529,0.2755454870633122
"Venezuela, RB",VEN,1995,3.082,3.082,False,-0.5003339293389999,0.2677953976392035
"Venezuela, RB",VEN,1996,3.022,3.022,False,-0.5298720807255048,0.2606414689400262
"Venezuela, RB",VEN,1997,2.967,2.967,False,-0.5569487194964675,0.25408370096578037
"Venezuela, RB",VEN,1998,2.915,2.915,False,-0.5825484506981051,0.2478836294264934
"Venezuela, RB",VEN,1999,2.867,2.867,False,-0.6061789718073091,0.24216048646715155
"Venezuela, RB",VEN,2000,2.822,2.822,False,-0.6283325853471877,0.23679503994276857
"Venezuela, RB",VEN,2001,2.779,2.779,False,-0.6495015938408497,0.23166805770835816
"Venezuela, RB",VEN,2002,2.739,2.739,False,-0.6691936947651863,0.22689877190890664
"Venezuela, RB",VEN,2003,2.701,2.701,False,-0.687901190643306,0.2223679503994277
"Venezuela, RB",VEN,2004,2.664,2.664,False,-0.7061163839983173,0.21795636103493504
"Venezuela, RB",VEN,2005,2.629,2.629,False,-0.723346972307112,0.21378323596041493
"Venezuela, RB",VEN,2006,2.595,2.595,False,-0.740085258092798,0.20972934303088114
"Venezuela, RB",VEN,2007,2.562,2.562,False,-0.7563312413553759,0.2057946822463336
"Venezuela, RB",VEN,2008,2.531,2.531,False,-0.7715926195717366,0.2020984857517587
"Venezuela, RB",VEN,2009,2.501,2.501,False,-0.7863616952649892,0.19852152140217003
"Venezuela, RB",VEN,2010,2.472,2.472,False,-0.8006384684351332,0.19506378919756767
"Venezuela, RB",VEN,2011,2.444,2.444,False,-0.8144229390821689,0.1917252891379516
Vietnam,VNM,1960,6.348,6.348,False,1.107526111133085,0.6572075831644211
Vietnam,VNM,1961,6.392,6.392,False,1.1291874221498555,0.6624537975438178
Vietnam,VNM,1962,6.425,6.425,False,1.1454334054124329,0.6663884583283652
Vietnam,VNM,1963,6.448,6.448,False,1.1567563634439266,0.66913079766305
Vietnam,VNM,1964,6.464,6.464,False,1.1646332038136613,0.6710385119828306
Vietnam,VNM,1965,6.475,6.475,False,1.1700485315678535,0.6723500655776796
Vietnam,VNM,1966,6.485,6.485,False,1.174971556798938,0.6735423870275425
Vietnam,VNM,1967,6.492999999999999,6.492999999999999,False,1.178909976983805,0.6744962441874328
Vietnam,VNM,1968,6.494,6.494,False,1.1794022795069135,0.6746154763324191
Vietnam,VNM,1969,6.487,6.487,False,1.1759561618451548,0.6737808513175152
Vietnam,VNM,1970,6.465,6.465,False,1.1651255063367696,0.6711577441278168
Vietnam,VNM,1971,6.421,6.421,False,1.1434641953199995,0.6659115297484202
Vietnam,VNM,1972,6.35,6.35,False,1.1085107161793017,0.6574460474543936
Vietnam,VNM,1973,6.251,6.251,False,1.0597727663915688,0.6456420651007512
Vietnam,VNM,1974,6.125,6.125,False,0.9977426484799083,0.6306188148324787
Vietnam,VNM,1975,5.973,5.973,False,0.9229126649674292,0.6124955287945629
Vietnam,VNM,1976,5.8,5.8,False,0.8377443284696733,0.5918683677119351
Vietnam,VNM,1977,5.614,5.614,False,0.746176059171508,0.5696911887444854
Vietnam,VNM,1978,5.422999999999999,5.422999999999999,False,0.6521462772578003,0.5469178490521043
Vietnam,VNM,1979,5.232,5.232,False,0.5581164953440935,0.5241445093597233
Vietnam,VNM,1980,5.046,5.046,False,0.4665482260459282,0.5019673303922737
Vietnam,VNM,1981,4.865,4.865,False,0.377441469363305,0.4803863121497555
Vietnam,VNM,1982,4.691,4.691,False,0.29178083034244057,0.4596399189221414
Vietnam,VNM,1983,4.521,4.521,False,0.20808940141400997,0.43937045427447236
Vietnam,VNM,1984,4.359,4.359,False,0.1283363926704467,0.4200548467866937
Vietnam,VNM,1985,4.205,4.205,False,0.052521804111750774,0.4016930964588053
Vietnam,VNM,1986,4.063,4.063,False,-0.017385154169644392,0.3847621318707523
Vietnam,VNM,1987,3.931,3.931,False,-0.08236908721995506,0.3690234887325623
Vietnam,VNM,1988,3.806,3.806,False,-0.143906902608507,0.3541194706092763
Vietnam,VNM,1989,3.684,3.684,False,-0.20396781042773363,0.3395731489209491
Vietnam,VNM,1990,3.5580000000000003,3.5580000000000003,False,-0.2659979283393939,0.3245498986526768
Vietnam,VNM,1991,3.4160000000000004,3.4160000000000004,False,-0.3359048866207889,0.3076189340646239
Vietnam,VNM,1992,3.255,3.255,False,-0.415165592841244,0.28842255872183137
Vietnam,VNM,1993,3.074,3.074,False,-0.5042723495238672,0.2668415404793132
Vietnam,VNM,1994,2.878,2.878,False,-0.6007636440531164,0.24347204006200074
Vietnam,VNM,1995,2.676,2.676,False,-0.7002087537210163,0.2193871467747705
Vietnam,VNM,1996,2.482,2.482,False,-0.795715443204049,0.19625611064743056
Vietnam,VNM,1997,2.309,2.309,False,-0.8808837797018049,0.1756289495648027
Vietnam,VNM,1998,2.166,2.166,False,-0.9512830405063084,0.15857875283176345
Vietnam,VNM,1999,2.057,2.057,False,-1.0049440155251257,0.145582449028258
Vietnam,VNM,2000,1.983,1.983,False,-1.0413744022351483,0.1367592702992727
Vietnam,VNM,2001,1.94,1.94,False,-1.0625434107288103,0.1316322880648623
Vietnam,VNM,2002,1.918,1.918,False,-1.0733740662371953,0.12900918087516391
Vietnam,VNM,2003,1.907,1.907,False,-1.078789393991388,0.12769762728031478
Vietnam,VNM,2004,1.902,1.902,False,-1.08125090660693,0.1271014665553833
Vietnam,VNM,2005,1.897,1.897,False,-1.0837124192224719,0.1265053058304519
Vietnam,VNM,2006,1.889,1.889,False,-1.0876508394073392,0.12555144867056156
Vietnam,VNM,2007,1.877,1.877,False,-1.0935584696846405,0.12412066293072611
Vietnam,VNM,2008,1.862,1.862,False,-1.1009430075312665,0.12233218075593182
Vietnam,VNM,2009,1.843,1.843,False,-1.1102967554703265,0.12006677000119233
Vietnam,VNM,2010,1.82,1.82,False,-1.12161971350182,0.11732443066650769
Vietnam,VNM,2011,1.794,1.794,False,-1.1344195791026388,0.1142243948968642
Virgin Islands (U.S.),VIR,1960,5.615,5.615,False,0.7466683616946166,0.5698104208894718
Virgin Islands (U.S.),VIR,1961,5.651,5.651,False,0.7643912525265193,0.5741027781089781
Virgin Islands (U.S.),VIR,1962,5.678999999999999,5.678999999999999,False,0.7781757231735548,0.5774412781685941
Virgin Islands (U.S.),VIR,1963,5.6960000000000015,5.6960000000000015,False,0.7865448660663988,0.5794682246333612
Virgin Islands (U.S.),VIR,1964,5.698,5.698,False,0.7875294711126152,0.5797066889233337
Virgin Islands (U.S.),VIR,1965,5.678999999999999,5.678999999999999,False,0.7781757231735548,0.5774412781685941
Virgin Islands (U.S.),VIR,1966,5.634,5.634,False,0.7560221096336766,0.5720758316442113
Virgin Islands (U.S.),VIR,1967,5.561,5.561,False,0.720084025446762,0.5633718850602122
Virgin Islands (U.S.),VIR,1968,5.459,5.459,False,0.6698691680897035,0.5512102062716108
Virgin Islands (U.S.),VIR,1969,5.327999999999999,5.327999999999999,False,0.605377537562501,0.5355907952784069
Virgin Islands (U.S.),VIR,1970,5.167000000000002,5.167000000000002,False,0.5261168313420471,0.5163944199356147
Virgin Islands (U.S.),VIR,1971,4.976,4.976,False,0.43208704942833903,0.49362108024323353
Virgin Islands (U.S.),VIR,1972,4.76,4.76,False,0.3257497044369212,0.46786693692619524
Virgin Islands (U.S.),VIR,1973,4.527,4.527,False,0.21104321655266056,0.44008584714439014
Virgin Islands (U.S.),VIR,1974,4.2860000000000005,4.2860000000000005,False,0.09239830848353262,0.4113509002026947
Virgin Islands (U.S.),VIR,1975,4.047,4.047,False,-0.025261994539379044,0.3828544175509717
Virgin Islands (U.S.),VIR,1976,3.818,3.818,False,-0.137999272331206,0.35555025634911175
Virgin Islands (U.S.),VIR,1977,3.607,3.607,False,-0.2418751047070816,0.3303922737570049
Virgin Islands (U.S.),VIR,1978,3.42,3.42,False,-0.33393567652835543,0.30809586264456895
Virgin Islands (U.S.),VIR,1979,3.261,3.261,False,-0.4122117777025934,0.28913795159174915
Virgin Islands (U.S.),VIR,1980,3.138,3.138,False,-0.47276498804492856,0.2744723977584357
Virgin Islands (U.S.),VIR,1981,3.053,3.053,False,-0.5146107025091439,0.2643376654346012
Virgin Islands (U.S.),VIR,1982,3.0,3.0,False,-0.5407027362338899,0.2580183617503279
Virgin Islands (U.S.),VIR,1983,2.9730000000000003,2.9730000000000003,False,-0.553994904357817,0.25479909383569815
Virgin Islands (U.S.),VIR,1984,2.967,2.967,False,-0.5569487194964675,0.25408370096578037
Virgin Islands (U.S.),VIR,1985,2.9730000000000003,2.9730000000000003,False,-0.553994904357817,0.25479909383569815
Virgin Islands (U.S.),VIR,1986,2.986,2.986,False,-0.5475949715574076,0.2563491117205199
Virgin Islands (U.S.),VIR,1987,2.997,2.997,False,-0.5421796438032151,0.257660665315369
Virgin Islands (U.S.),VIR,1988,2.999,2.999,False,-0.5411950387569983,0.2578991296053416
Virgin Islands (U.S.),VIR,1989,2.987,2.987,False,-0.5471026690342992,0.25646834386550615
Virgin Islands (U.S.),VIR,1990,2.954,2.954,False,-0.5633486522968769,0.25253368308095864
Virgin Islands (U.S.),VIR,1991,2.895,2.895,False,-0.5923945011602735,0.24549898652676763
Virgin Islands (U.S.),VIR,1992,2.813,2.813,False,-0.6327633080551635,0.235721950637892
Virgin Islands (U.S.),VIR,1993,2.712,2.712,False,-0.6824858628891134,0.22367950399427688
Virgin Islands (U.S.),VIR,1994,2.599,2.599,False,-0.7381160480003643,0.2102062716108263
Virgin Islands (U.S.),VIR,1995,2.481,2.481,False,-0.7962077457271575,0.19613687850244424
Virgin Islands (U.S.),VIR,1996,2.367,2.367,False,-0.8523302333615168,0.1825444139740074
Virgin Islands (U.S.),VIR,1997,2.265,2.265,False,-0.9025450907185751,0.170382735185406
Virgin Islands (U.S.),VIR,1998,2.184,2.184,False,-0.9424215950903567,0.16072493144151667
Virgin Islands (U.S.),VIR,1999,2.128,2.128,False,-0.969990536384428,0.1540479313222845
Virgin Islands (U.S.),VIR,2000,2.055,2.055,False,-1.0059286205713422,0.14534398473828547
Virgin Islands (U.S.),VIR,2001,1.9,1.9,False,-1.0822355116531468,0.12686300226541075
Virgin Islands (U.S.),VIR,2002,2.113,2.113,False,-0.9773750742310543,0.15225944914749018
Virgin Islands (U.S.),VIR,2003,2.006,2.006,False,-1.0300514442036548,0.1395016096339573
Virgin Islands (U.S.),VIR,2004,2.068,2.068,False,-0.999528687770933,0.1468940026231072
Virgin Islands (U.S.),VIR,2005,2.111,2.111,False,-0.9783596792772711,0.1520209848575176
Virgin Islands (U.S.),VIR,2006,1.95,1.95,False,-1.057620385497726,0.13282460951472516
Virgin Islands (U.S.),VIR,2007,1.915,1.915,False,-1.0748509738065206,0.1286514844402051
Virgin Islands (U.S.),VIR,2008,1.88,1.88,False,-1.0920815621153153,0.12447835936568499
Virgin Islands (U.S.),VIR,2009,1.845,1.845,False,-1.1093121504241097,0.12030523429116488
Virgin Islands (U.S.),VIR,2010,1.8,1.8,False,-1.1314657639639885,0.11493978776678193
Virgin Islands (U.S.),VIR,2011,1.8,1.8,False,-1.1314657639639885,0.11493978776678193
West Bank and Gaza,PSE,1960,,6.532,False,1.1981097753850334,0.6791462978418981
West Bank and Gaza,PSE,1961,,6.532,False,1.1981097753850334,0.6791462978418981
West Bank and Gaza,PSE,1962,,6.532,False,1.1981097753850334,0.6791462978418981
West Bank and Gaza,PSE,1963,,6.532,False,1.1981097753850334,0.6791462978418981
West Bank and Gaza,PSE,1964,,6.532,False,1.1981097753850334,0.6791462978418981
West Bank and Gaza,PSE,1965,,6.532,False,1.1981097753850334,0.6791462978418981
West Bank and Gaza,PSE,1966,,6.532,False,1.1981097753850334,0.6791462978418981
West Bank and Gaza,PSE,1967,,6.532,False,1.1981097753850334,0.6791462978418981
West Bank and Gaza,PSE,1968,,6.532,False,1.1981097753850334,0.6791462978418981
West Bank and Gaza,PSE,1969,,6.532,False,1.1981097753850334,0.6791462978418981
West Bank and Gaza,PSE,1970,,6.532,False,1.1981097753850334,0.6791462978418981
West Bank and Gaza,PSE,1971,,6.532,False,1.1981097753850334,0.6791462978418981
West Bank and Gaza,PSE,1972,,6.532,False,1.1981097753850334,0.6791462978418981
West Bank and Gaza,PSE,1973,,6.532,False,1.1981097753850334,0.6791462978418981
West Bank and Gaza,PSE,1974,,6.532,False,1.1981097753850334,0.6791462978418981
West Bank and Gaza,PSE,1975,,6.532,False,1.1981097753850334,0.6791462978418981
West Bank and Gaza,PSE,1976,,6.532,False,1.1981097753850334,0.6791462978418981
West Bank and Gaza,PSE,1977,,6.532,False,1.1981097753850334,0.6791462978418981
West Bank and Gaza,PSE,1978,,6.532,False,1.1981097753850334,0.6791462978418981
West Bank and Gaza,PSE,1979,,6.532,False,1.1981097753850334,0.6791462978418981
West Bank and Gaza,PSE,1980,,6.532,False,1.1981097753850334,0.6791462978418981
West Bank and Gaza,PSE,1981,,6.532,False,1.1981097753850334,0.6791462978418981
West Bank and Gaza,PSE,1982,,6.532,False,1.1981097753850334,0.6791462978418981
West Bank and Gaza,PSE,1983,,6.532,False,1.1981097753850334,0.6791462978418981
West Bank and Gaza,PSE,1984,,6.532,False,1.1981097753850334,0.6791462978418981
West Bank and Gaza,PSE,1985,,6.532,False,1.1981097753850334,0.6791462978418981
West Bank and Gaza,PSE,1986,,6.532,False,1.1981097753850334,0.6791462978418981
West Bank and Gaza,PSE,1987,,6.532,False,1.1981097753850334,0.6791462978418981
West Bank and Gaza,PSE,1988,,6.532,False,1.1981097753850334,0.6791462978418981
West Bank and Gaza,PSE,1989,,6.532,False,1.1981097753850334,0.6791462978418981
West Bank and Gaza,PSE,1990,6.532,6.532,False,1.1981097753850334,0.6791462978418981
West Bank and Gaza,PSE,1991,6.547999999999999,6.547999999999999,False,1.2059866157547676,0.6810540121616786
West Bank and Gaza,PSE,1992,6.539,6.539,False,1.2015558930467922,0.6799809228568021
West Bank and Gaza,PSE,1993,6.492999999999999,6.492999999999999,False,1.178909976983805,0.6744962441874328
West Bank and Gaza,PSE,1994,6.404,6.404,False,1.1350950524271561,0.6638845832836532
West Bank and Gaza,PSE,1995,6.274,6.274,False,1.0710957244230623,0.6483844044354358
West Bank and Gaza,PSE,1996,6.1110000000000015,6.1110000000000015,False,0.9908504131563913,0.628949564802671
West Bank and Gaza,PSE,1997,5.931,5.931,False,0.9022359589968758,0.6074877787051388
West Bank and Gaza,PSE,1998,5.7479999999999976,5.7479999999999976,False,0.8121445972680346,0.5856682961726478
West Bank and Gaza,PSE,1999,5.5710000000000015,5.5710000000000015,False,0.725007050677847,0.5645642065100752
West Bank and Gaza,PSE,2000,5.404,5.404,False,0.6427925293187408,0.5446524382973649
West Bank and Gaza,PSE,2001,5.247999999999998,5.247999999999998,False,0.5659933357138273,0.5260522236795038
West Bank and Gaza,PSE,2002,5.1,5.1,False,0.4931325622937824,0.5084058662215332
West Bank and Gaza,PSE,2003,4.958,4.958,False,0.4232256040123876,0.49147490163348034
West Bank and Gaza,PSE,2004,4.823,4.823,False,0.35676476339275165,0.4753785620603315
West Bank and Gaza,PSE,2005,4.697,4.697,False,0.2947346454810912,0.46035531179205913
West Bank and Gaza,PSE,2006,4.581,4.581,False,0.23762755280051515,0.4465243829736497
West Bank and Gaza,PSE,2007,4.476,4.476,False,0.18593578787413131,0.43400500775008943
West Bank and Gaza,PSE,2008,4.381,4.381,False,0.13916704817883196,0.4226779539763921
West Bank and Gaza,PSE,2009,4.295,4.295,False,0.09682903119150808,0.41242398950757125
West Bank and Gaza,PSE,2010,4.216,4.216,False,0.0579371318659434,0.4030046500536545
West Bank and Gaza,PSE,2011,4.144,4.144,False,0.022491350202137456,0.3944199356146417
"Yemen, Rep.",YEM,1960,7.292000000000002,7.292000000000002,False,1.57225969294743,0.7697627280314774
"Yemen, Rep.",YEM,1961,7.308,7.308,False,1.5801365333171637,0.7716704423512578
"Yemen, Rep.",YEM,1962,7.3279999999999985,7.3279999999999985,False,1.5899825837793313,0.7740550852509834
"Yemen, Rep.",YEM,1963,7.354,7.354,False,1.602782449380151,0.7771551210206271
"Yemen, Rep.",YEM,1964,7.385,7.385,False,1.6180438275965117,0.780851317515202
"Yemen, Rep.",YEM,1965,7.417999999999997,7.417999999999997,False,1.6342898108590878,0.7847859782997492
"Yemen, Rep.",YEM,1966,7.447,7.447,False,1.6485665840292336,0.7882437105043519
"Yemen, Rep.",YEM,1967,7.471,7.471,False,1.6603818445838356,0.7911052819840229
"Yemen, Rep.",YEM,1968,7.491,7.491,False,1.6702278950460037,0.7934899248837486
"Yemen, Rep.",YEM,1969,7.512,7.512,False,1.6805662480312804,0.7959937999284605
"Yemen, Rep.",YEM,1970,7.542000000000002,7.542000000000002,False,1.6953353237245339,0.7995707642780495
"Yemen, Rep.",YEM,1971,7.593,7.593,False,1.720442752403062,0.80565160367235
"Yemen, Rep.",YEM,1972,7.6720000000000015,7.6720000000000015,False,1.7593346517286277,0.8150709431262669
"Yemen, Rep.",YEM,1973,7.782,7.782,False,1.8134879292705528,0.8281864790747585
"Yemen, Rep.",YEM,1974,7.9220000000000015,7.9220000000000015,False,1.8824102825057316,0.8448789793728391
"Yemen, Rep.",YEM,1975,8.089,8.089,False,1.9646248038648364,0.8647907475855491
"Yemen, Rep.",YEM,1976,8.277000000000001,8.277000000000001,False,2.057177678209219,0.8872063908429713
"Yemen, Rep.",YEM,1977,8.474,8.474,False,2.1541612752615764,0.91069512340527
"Yemen, Rep.",YEM,1978,8.667,8.667,False,2.2491756622215004,0.9337069273876236
"Yemen, Rep.",YEM,1979,8.843,8.843,False,2.3358209062885815,0.9546917849052103
"Yemen, Rep.",YEM,1980,8.993,8.993,False,2.409666284754844,0.9725766066531536
"Yemen, Rep.",YEM,1981,9.108,9.108,False,2.466281074912312,0.9862883033265768
"Yemen, Rep.",YEM,1982,9.185,9.185,False,2.50418836919166,0.995469178490521
"Yemen, Rep.",YEM,1983,9.223,9.223,False,2.52289586506978,1.0
"Yemen, Rep.",YEM,1984,9.223,9.223,False,2.52289586506978,1.0
"Yemen, Rep.",YEM,1985,9.186,9.186,False,2.504680671714768,0.9955884106355072
"Yemen, Rep.",YEM,1986,9.119,9.119,False,2.471696402666504,0.9875998569214259
"Yemen, Rep.",YEM,1987,9.03,9.03,False,2.427881478109855,0.9769881960176462
"Yemen, Rep.",YEM,1988,8.925,8.925,False,2.376189713183472,0.9644688207940861
"Yemen, Rep.",YEM,1989,8.805,8.805,False,2.3171134104104616,0.9501609633957314
"Yemen, Rep.",YEM,1990,8.667,8.667,False,2.2491756622215004,0.9337069273876236
"Yemen, Rep.",YEM,1991,8.504,8.504,False,2.1689303509548283,0.9142720877548586
"Yemen, Rep.",YEM,1992,8.311,8.311,False,2.0739159639949043,0.891260283772505
"Yemen, Rep.",YEM,1993,8.088,8.088,False,1.9641325013417275,0.8646715154405626
"Yemen, Rep.",YEM,1994,7.841,7.841,False,1.8425337781339493,0.8352211756289495
"Yemen, Rep.",YEM,1995,7.5779999999999985,7.5779999999999985,False,1.7130582145564353,0.8038631214975555
"Yemen, Rep.",YEM,1996,7.31,7.31,False,1.5811211383633805,0.7719089066412304
"Yemen, Rep.",YEM,1997,7.049,7.049,False,1.4526301798320844,0.7407893167998092
"Yemen, Rep.",YEM,1998,6.8020000000000005,6.8020000000000005,False,1.3310314566243058,0.711338976988196
"Yemen, Rep.",YEM,1999,6.574,6.574,False,1.2187864813555869,0.6841540479313222
"Yemen, Rep.",YEM,2000,6.363,6.363,False,1.1149106489797114,0.6589960653392154
"Yemen, Rep.",YEM,2001,6.166,6.166,False,1.0179270519273536,0.6355073327769166
"Yemen, Rep.",YEM,2002,5.975,5.975,False,0.9238972700136459,0.6127339930845355
"Yemen, Rep.",YEM,2003,5.782,5.782,False,0.8288828830537219,0.5897221891021819
"Yemen, Rep.",YEM,2004,5.587999999999999,5.587999999999999,False,0.7333761935706888,0.5665911529748419
"Yemen, Rep.",YEM,2005,5.393,5.393,False,0.6373772015645481,0.5433408847025157
"Yemen, Rep.",YEM,2006,5.199,5.199,False,0.5418705120815156,0.5202098485751758
"Yemen, Rep.",YEM,2007,5.01,5.01,False,0.44882533521402507,0.49767497317276727
"Yemen, Rep.",YEM,2008,4.829,4.829,False,0.3597185785314018,0.47609395493024914
"Yemen, Rep.",YEM,2009,4.658,4.658,False,0.2755348470798631,0.45570525813759394
"Yemen, Rep.",YEM,2010,4.498,4.498,False,0.19676644338251656,0.43662811493978776
"Yemen, Rep.",YEM,2011,4.348,4.348,False,0.12292106491625407,0.4187432931918445
Zambia,ZMB,1960,7.018,7.018,False,1.4373688016157233,0.7370931203052342
Zambia,ZMB,1961,7.0710000000000015,7.0710000000000015,False,1.4634608353404701,0.7434124239895077
Zambia,ZMB,1962,7.127000000000002,7.127000000000002,False,1.4910297766345413,0.7500894241087398
Zambia,ZMB,1963,7.184,7.184,False,1.5190910204517203,0.7568856563729581
Zambia,ZMB,1964,7.24,7.24,False,1.5466599617457917,0.7635626564921902
Zambia,ZMB,1965,7.292000000000002,7.292000000000002,False,1.57225969294743,0.7697627280314774
Zambia,ZMB,1966,7.337999999999999,7.337999999999999,False,1.594905609010416,0.7752474067008464
Zambia,ZMB,1967,7.376,7.376,False,1.6136131048885363,0.7797782282103255
Zambia,ZMB,1968,7.405,7.405,False,1.6278898780586801,0.7832359604149278
Zambia,ZMB,1969,7.425,7.425,False,1.6377359285208484,0.7856206033146536
Zambia,ZMB,1970,7.437,7.437,False,1.6436435587981495,0.787051389054489
Zambia,ZMB,1971,7.443,7.443,False,1.6465973739367996,0.7877667819244067
Zambia,ZMB,1972,7.4460000000000015,7.4460000000000015,False,1.6480742815061258,0.7881244783593658
Zambia,ZMB,1973,7.447,7.447,False,1.6485665840292336,0.7882437105043519
Zambia,ZMB,1974,7.444,7.444,False,1.6470896764599083,0.7878860140693931
Zambia,ZMB,1975,7.435,7.435,False,1.6426589537519323,0.7868129247645164
Zambia,ZMB,1976,7.414,7.414,False,1.6323206007666557,0.7843090497198043
Zambia,ZMB,1977,7.377999999999999,7.377999999999999,False,1.6145977099347526,0.7800166925002979
Zambia,ZMB,1978,7.326,7.326,False,1.588997978733115,0.773816620961011
Zambia,ZMB,1979,7.258999999999999,7.258999999999999,False,1.5560137096848508,0.7658280672469295
Zambia,ZMB,1980,7.182,7.182,False,1.5181064154055037,0.7566471920829856
Zambia,ZMB,1981,7.098,7.098,False,1.4767530034643965,0.7466316919041373
Zambia,ZMB,1982,7.015,7.015,False,1.4358918940463978,0.7367354238702754
Zambia,ZMB,1983,6.937,6.937,False,1.3974922972439419,0.7274353165613449
Zambia,ZMB,1984,6.865,6.865,False,1.3620465155801358,0.7188506021223321
Zambia,ZMB,1985,6.799,6.799,False,1.3295545490549805,0.7109812805532372
Zambia,ZMB,1986,6.737,6.737,False,1.2990317926222585,0.7035888875640872
Zambia,ZMB,1987,6.672999999999999,6.672999999999999,False,1.2675244311433196,0.6959580302849646
Zambia,ZMB,1988,6.606,6.606,False,1.234540162095056,0.6879694765708835
Zambia,ZMB,1989,6.537000000000001,6.537000000000001,False,1.2005712880005759,0.6797424585668297
Zambia,ZMB,1990,6.468,6.468,False,1.1666024139060949,0.6715154405627757
Zambia,ZMB,1991,6.401,6.401,False,1.1336181448578309,0.6635268868486943
Zambia,ZMB,1992,6.34,6.34,False,1.1035876909482176,0.6562537260045307
Zambia,ZMB,1993,6.287999999999999,6.287999999999999,False,1.0779879597465798,0.6500536544652437
Zambia,ZMB,1994,6.245,6.245,False,1.0568189512529182,0.6449266722308333
Zambia,ZMB,1995,6.209,6.209,False,1.039096060421015,0.640634315011327
Zambia,ZMB,1996,6.178999999999999,6.178999999999999,False,1.0243269847277625,0.6370573506617383
Zambia,ZMB,1997,6.152,6.152,False,1.0110348166038357,0.6338380827471086
Zambia,ZMB,1998,6.126,6.126,False,0.998234951003017,0.630738046977465
Zambia,ZMB,1999,6.098,6.098,False,0.984450480355981,0.6273995469178489
Zambia,ZMB,2000,6.0710000000000015,6.0710000000000015,False,0.9711583122320546,0.6241802790032194
Zambia,ZMB,2001,6.044,6.044,False,0.9578661441081265,0.6209610110885894
Zambia,ZMB,2002,6.018,6.018,False,0.9450662785073078,0.6178609753189459
Zambia,ZMB,2003,5.995,5.995,False,0.9337433204758144,0.6151186359842613
Zambia,ZMB,2004,5.974,5.974,False,0.9234049674905377,0.6126147609395493
Zambia,ZMB,2005,5.954,5.954,False,0.9135589170283692,0.6102301180398234
Zambia,ZMB,2006,5.932,5.932,False,0.9027282615199843,0.6076070108501251
Zambia,ZMB,2007,5.908,5.908,False,0.8909130009653824,0.6047454393704542
Zambia,ZMB,2008,5.881,5.881,False,0.8776208328414551,0.6015261714558244
Zambia,ZMB,2009,5.849,5.849,False,0.8618671521019858,0.5977107428162632
Zambia,ZMB,2010,5.813,5.813,False,0.8441442612700826,0.5934183855967567
Zambia,ZMB,2011,5.773,5.773,False,0.824452160345746,0.5886490997973053
Zimbabwe,ZWE,1960,7.158,7.158,False,1.5062911548509017,0.7537856206033147
Zimbabwe,ZWE,1961,7.215,7.215,False,1.5343523986680812,0.760581852867533
Zimbabwe,ZWE,1962,7.267,7.267,False,1.559952129869719,0.76678192440682
Zimbabwe,ZWE,1963,7.311,7.311,False,1.581613440886489,0.7720281387862167
Zimbabwe,ZWE,1964,7.347,7.347,False,1.5993363317183922,0.7763204960057232
Zimbabwe,ZWE,1965,7.372999999999997,7.372999999999997,False,1.6121361973192092,0.7794205317753662
Zimbabwe,ZWE,1966,7.391,7.391,False,1.6209976427351622,0.7815667103851197
Zimbabwe,ZWE,1967,7.403,7.403,False,1.6269052730124631,0.7829974961249552
Zimbabwe,ZWE,1968,7.411,7.411,False,1.6308436931973305,0.7839513532848454
Zimbabwe,ZWE,1969,7.415,7.415,False,1.6328129032897643,0.7844282818647906
Zimbabwe,ZWE,1970,7.417000000000002,7.417000000000002,False,1.633797508335982,0.7846667461547634
Zimbabwe,ZWE,1971,7.419,7.419,False,1.6347821133821978,0.7849052104447358
Zimbabwe,ZWE,1972,7.42,7.42,False,1.6352744159053063,0.7850244425897221
Zimbabwe,ZWE,1973,7.417000000000002,7.417000000000002,False,1.633797508335982,0.7846667461547634
Zimbabwe,ZWE,1974,7.41,7.41,False,1.6303513906742222,0.7838321211398592
Zimbabwe,ZWE,1975,7.395,7.395,False,1.6229668528275958,0.7820436389650649
Zimbabwe,ZWE,1976,7.369,7.369,False,1.610166987226777,0.7789436031954213
Zimbabwe,ZWE,1977,7.33,7.33,False,1.590967188825549,0.7742935495409562
Zimbabwe,ZWE,1978,7.273,7.273,False,1.562905945008369,0.7674973172767376
Zimbabwe,ZWE,1979,7.1960000000000015,7.1960000000000015,False,1.524998650729022,0.7583164421127937
Zimbabwe,ZWE,1980,7.095,7.095,False,1.4752760958950712,0.7462739954691784
Zimbabwe,ZWE,1981,6.9670000000000005,6.9670000000000005,False,1.4122613729371944,0.7310122809109336
Zimbabwe,ZWE,1982,6.811,6.811,False,1.3354621793322814,0.7124120662930725
Zimbabwe,ZWE,1983,6.632999999999999,6.632999999999999,False,1.2478323302189829,0.6911887444855132
Zimbabwe,ZWE,1984,6.435,6.435,False,1.150356430643517,0.667580779778228
Zimbabwe,ZWE,1985,6.223,6.223,False,1.045988295744533,0.642303565041135
Zimbabwe,ZWE,1986,6.004,6.004,False,0.9381740431837898,0.6161917252891378
Zimbabwe,ZWE,1987,5.784,5.784,False,0.8298674880999386,0.5899606533921544
Zimbabwe,ZWE,1988,5.569,5.569,False,0.7240224456316293,0.5643257422201025
Zimbabwe,ZWE,1989,5.365,5.365,False,0.6235927309175128,0.5400023846428997
Zimbabwe,ZWE,1990,5.176,5.176,False,0.5305475540500222,0.5174675092404912
Zimbabwe,ZWE,1991,5.001,5.001,False,0.44439461250604956,0.4966018838678908
Zimbabwe,ZWE,1992,4.84,4.84,False,0.36513390628559445,0.4774055085250983
Zimbabwe,ZWE,1993,4.69,4.69,False,0.2912885278193324,0.4595206867771552
Zimbabwe,ZWE,1994,4.553999999999999,4.553999999999999,False,0.22433538467658742,0.4433051150590198
Zimbabwe,ZWE,1995,4.432,4.432,False,0.16427447685736124,0.4287587933706928
Zimbabwe,ZWE,1996,4.328,4.328,False,0.11307501445408598,0.41635865029211877
Zimbabwe,ZWE,1997,4.24,4.24,False,0.06975239242054539,0.4058662215333254
Zimbabwe,ZWE,1998,4.169,4.169,False,0.03479891327984758,0.39740073923929886
Zimbabwe,ZWE,1999,4.112,4.112,False,0.00673766946266815,0.3906045069750805
Zimbabwe,ZWE,2000,4.069,4.069,False,-0.014431339030993787,0.3854775247406701
Zimbabwe,ZWE,2001,4.039,4.039,False,-0.029200414724246372,0.3819005603910814
Zimbabwe,ZWE,2002,4.018,4.018,False,-0.03953876770952305,0.37939668534636933
Zimbabwe,ZWE,2003,4.002,4.002,False,-0.0474156080792577,0.37748897102658874
Zimbabwe,ZWE,2004,3.987,3.987,False,-0.05480014592588378,0.37570048885179447
Zimbabwe,ZWE,2005,3.969,3.969,False,-0.06366159134183537,0.3735543102420412
Zimbabwe,ZWE,2006,3.941,3.941,False,-0.07744606198887102,0.37021581018242516
Zimbabwe,ZWE,2007,3.903,3.903,False,-0.09615355786699072,0.36568498867294624
Zimbabwe,ZWE,2008,3.853,3.853,False,-0.1207686840224114,0.35972338142363186
Zimbabwe,ZWE,2009,3.792,3.792,False,-0.15079913793202493,0.3524502205794682
Zimbabwe,ZWE,2010,3.721,3.721,False,-0.18575261707272228,0.34398473828544174
Zimbabwe,ZWE,2011,3.643,3.643,False,-0.22415221387517884,0.33468463097651124
